id	jurisdiction	name	type	target	announcement_date	effective_date	enforcement_date	removal_date	removal_method	removal_details	booster_id	duration_days	compliance	exemptions	executive_orders	enforcement_measures	authority	communications	vaccine_eligibility_info	vaccine_availability_info	ATAGI	uptake	popu_info	notes	source	ref_code	ref_no
1	WA	Mandatory Vaccination Policy Phased Approach Group 1	Employment	Hotel quarantine workers	2021-04-20	2021-04-27	2021-04-27	2022-02-05	revoked by another document		43	291	Fully vaccinated by 10 May 2021	does not include a quarantine centre driver.\n(a) law enforcement; or\n(b) responding to an emergency other than COVID-19; or\n(c) performing maintenance or repairs, but only to the extent that, due to the nature\nof the maintenance or repairs, it is not reasonably practicable for a quarantine\ncentre worker who is vaccinated against COVID-19 to perform the maintenance\nor repairs and the person who is able to perform the maintenance or repairs is\nnot eligible to be vaccinated against COVID-19 at the time that the maintenance\nor repairs are required to be performed.	Access to Quarantine Centres Directions (No 2)	It is an offence for a person to fail, without reasonable excuse, to comply with any of these\ndirections, punishable by a fine of up to $20,000 for individuals and $100,000 for bodies\ncorporate.	Public Health Order	WA Government Annoucement\nNews articles	22/02/2021 for front line workers	21/02/2021 for front line workers	ATAGI recommends that the COVID-19 vaccine by Pfizer is preferred over COVID-19 Vaccine AstraZeneca in adults aged under 50 years. \nCOVID-19 Vaccine AstraZeneca can be used in adults aged under 50 years – where the benefits are likely to outweigh the risks for that individual and the person has made an informed decision based on an understanding of the risks and benefits. \nPeople who have had the first dose of COVID-19 Vaccine AstraZeneca without any serious adverse effects can be given the second dose, including adults under 50 years.	more than 2,800 frontline workers receiving their first dose of the Pfizer vaccine in the first week of elegibility			WA Government Annoucement	WAEHQW0000	1417\n4548\n4610
2	WA	COVID-19 Mandatory Vaccination and Vaccination Program Policy Version 2	Employment	WA health system entities and employees in a Residential aged care facility	2021-06-30	2021-08-09	2021-09-17	2022-11-04	4/11/22 End of Public Health Emergency which removed all Public Health Directions made under the Emergency Declaration	"Policy replaced by a newer version on 13/01/22 \n06/19/21 Direction No.1 revoked by No.2 which added the ""fully vaccinated by 17 November 2021"" date\n22/09/21 - Direction No.2 replaced by No.3 which added a ""further public state of emergency made on 22/09/21"" notice. No change in mandate requirements.  No revocation section\n11/10/21 - No.3 revoked by No.4 which added a revocation section"	38	492	First dose by 17 September 2021\nFully vaccinated by 17 November 2021	1. a permanent medical exemption authorised by a medical practitioner\n2. a temporary medical exemption authorised by a medical practitioner\n3. an authorised temporary exemption or exception due to the inability to access a\nCOVID-19 vaccine\n4. an authorised temporary exemption or exception due to a critical workforce\nshortage, to maintain the provision of quality of care or to protect the health and\nsafety of residents, or\n5. an authorised exemption or exception related to another category in the relevant\nstate or territory public health order.	Residential Aged Care Facility Worker Access Directions.	Unvaccinated Employees will initially be allowed to remain away from the workplace for a period\nof two weeks without disciplinary action being commenced – the Preliminary Access Restriction\nPeriod (PARP). The PARP provides time for the Employee to make a decision regarding their\nintention to be Vaccinated and/or to receive a COVID-19 vaccine, prior to commencement of\nformal disciplinary proceedings. The PARP will be unpaid.\nFollowing the expiration of the two week PARP, the Employer may initiate disciplinary proceedings\nin accordance with the Discipline Policy and Procedures.\nAny decision to initiate disciplinary action, and subsequent disciplinary outcomes, will be\nconsidered on a case by case basis and compliant with the Discipline Policy and Procedures.\nGiven the access restrictions provided for by the Aged Care Worker Directions, termination of\nemployment is a potential outcome for instances of non-compliance.\nIt is an offence for a person to fail, without reasonable excuse, to comply with any of these directions, punishable by a fine of up to $20,000 for individuals and $100,000 for bodies corporate.	WA Chief Health Officer	WA Government Annoucement\nNews articles\nRelease of guidelines\nAustralian Government news announcement\nNational Cabinet agreed on 28/06/21 that the COVID-19 vaccination of residential\naged care workers will become mandatory by mid-September 2021.	22/02/2021 for front line workers\nAll West Australians aged 12 years and over were eligible to be vaccinated by 13/09/21	21/02/2021 for front line workers	ATAGI recommends that the COVID-19 vaccine by Pfizer is preferred over COVID-19 Vaccine AstraZeneca in adults aged under 50 years. \nCOVID-19 Vaccine AstraZeneca can be used in adults aged under 50 years – where the benefits are likely to outweigh the risks for that individual and the person has made an informed decision based on an understanding of the risks and benefits. \nPeople who have had the first dose of COVID-19 Vaccine AstraZeneca without any serious adverse effects can be given the second dose, including adults under 50 years. \n8/10/21 - booster recommended for severely immunocompromised people\n28/10/21 - Pfizer booster recommended for adults ≥ 18, 6 months past 2nd dose	more than 2,800 frontline workers receiving their first dose of the Pfizer vaccine in the first week of elegibility		V1 of the policy is not included as it doesn't have a vaccine requirement\nPolicy published date is 16/09/21 but directions were published 09/08/21\nNational Cabinet agreed on 28/06/21 that the COVID-19 vaccination of residential aged care workers will become mandatory by mid-September 2021 across all states.	Department of Health\nPolicy Framework	WAERAC00V2	1237\n1157\n233\n1158\n4645
3	WA	WA Police Mission Critical areas	Employment	Mission critical area worker in mission critical areas		2021-09-22	2021-09-27	2022-11-04	4/11/22 End of Public Health Emergency which removed all Public Health Directions made under the Emergency Declaration			408														WAEPOL00V1	
4	WA	COVID-19 Mandatory Vaccination and Vaccination Program Policy Version 2	Employment	Health care worker - Tier 1 health care facilities	2021-09-02	2021-09-16	2021-10-01	2022-11-04	4/11/22 End of Public Health Emergency which removed all Public Health Directions made under the Emergency Declaration	"13/01/2022 - policy replaced by a new version\n16/09/21 - Direction No.1 revoked by No.2. No mandate changes\nNo. 3 came into effect but directions doesn't have a revocation section, no mandate changes.\nNo.3 revoked by No.4 which removed the exemption clause: \n""performing a law enforcement function that cannot reasonably be performed other than by entering the health care facility"""	37	428	·       First dose by 1 October 2021\n·       Fully vaccinated by 1 November 2021\nevidence in the form approved by the Chief Health Officer that they have\nbeen vaccinated against COVID-19, if:\n(a) directed to do so by an emergency officer; or\n(b) required to do so by their employer or by the owner, occupier or person\napparently in charge of a health care facility.	defined under the Directions\nMedical exemption, or a Temporary exemption approved by the Chief Health Officer or their delegate, or as otherwise outlined in the Directions. Or if they are:\n(a) performing a law enforcement function that cannot reasonably be performed\nother than by entering the health care facility; or\n(b) performing a statutory duty that cannot reasonably be performed other than by entering the health care\nfacility; or\n(c) performing any function or duty or exercising any right or power under a Fair\nWork entry permit; or\n(d) responding to an emergency in a capacity other than as a health care worker or\na health support worker; or\n(e) providing emergency care to a patient in the health care facility where the\nemergency care is necessary to be provided immediately and a fully vaccinated\nor a partially vaccinated health care worker or health support worker is not available to provide that emergency care\nOr an ad hoc volunteer	Health Worker (Restrictions on Access) Directions	Unvaccinated Employees will initially be allowed to remain away from the workplace for a period\nof two weeks without disciplinary action being commenced – the Preliminary Access Restriction\nPeriod (PARP). The PARP provides time for the Employee to make a decision regarding their\nintention to be Vaccinated and/or to receive a COVID-19 vaccine, prior to commencement of\nformal disciplinary proceedings. The PARP will be unpaid.\nFollowing the expiration of the two week PARP, the Employer may initiate disciplinary proceedings\nin accordance with the Discipline Policy and Procedures.\nAny decision to initiate disciplinary action, and subsequent disciplinary outcomes, will be considered on a case by case basis and compliant with the Discipline Policy and Procedures.\nGiven the access restrictions provided for by the Aged Care Worker Directions, termination of\nemployment is a potential outcome for instances of non-compliance.\nIt is an offence for a person to fail, without reasonable excuse, to comply with any of these\ndirections, punishable by a fine of up to $20,000 for individuals and $100,000 for bodies\ncorporate.\n	Public Health Order	WA Government Annoucement on 16/09/21\nNews articles\nRelease of guidelines\nHon Roger Cook media announcement on 02/09/21	22/02/2021 for front line workers\nAll West Australians aged 12 years and over were eligible to be vaccinated by 13/09/21	21/02/2021 for front line workers	ATAGI recommends that the COVID-19 vaccine by Pfizer is preferred over COVID-19 Vaccine AstraZeneca in adults aged under 50 years. \nCOVID-19 Vaccine AstraZeneca can be used in adults aged under 50 years – where the benefits are likely to outweigh the risks for that individual and the person has made an informed decision based on an understanding of the risks and benefits. \nPeople who have had the first dose of COVID-19 Vaccine AstraZeneca without any serious adverse effects can be given the second dose, including adults under 50 years. \n8/10/21 - booster recommended for severely immunocompromised people\n28/10/21 - Pfizer booster recommended for adults ≥ 18, 6 months past 2nd dose	more than 2,800 frontline workers receiving their first dose of the Pfizer vaccine in the first week of elegibility	0.1% (52/50000) of the WA Department of Health's employees have quit due to the mandate\n	V1 of the policy is not included as it doesn't have a vaccine requirement\nTier 1 means: an intensive care unit within a hospital; or (b) a high dependency unit within a hospital; or\n(c) a respiratory ward within a hospital; or\n(d) a ward within a high risk regional hospital that has one or more designated respiratory beds; or\n(e) an emergency department within a hospital; or\n(t) a COVID clinic; or\n(g) a COVID-19 vaccination community clinic; or\n(h) a regional COVID-19 vaccination clinic\n(i) any other facility that is specified to be a tier one health care facility by the Chief\nHealth Officer in writing or any person authorised by him for that purpose.\n	Department of Health\nPolicy Framework	WAEHCWT1V2	1237\n214\n4499\n1158\n2547
5	WA	COVID-19 Mandatory Vaccination and Vaccination Program Policy Version 2	Employment	Health support worker - Tier 1 health care facilities	2021-09-02	2021-09-16	2021-10-01	2022-11-04	4/11/22 End of Public Health Emergency which removed all Public Health Directions made under the Emergency Declaration	"13/01/2022 - policy replaced by a new version\n16/09/21 - Direction No.1 revoked by No.2. No mandate changes\nNo. 3 came into effect but directions doesn't have a revocation section, no mandate changes.\nNo.3 revoked by No.4 which removed the exemption clause: \n""performing a law enforcement function that cannot reasonably be performed other than by entering the health care facility"""	37	428	·       First dose by 1 October 2021\n·       Fully vaccinated by 1 November 2021\nevidence in the form approved by the Chief Health Officer that they have\nbeen vaccinated against COVID-19, if:\n(a) directed to do so by an emergency officer; or\n(b) required to do so by their employer or by the owner, occupier or person\napparently in charge of a health care facility.	defined under the Directions\nMedical exemption, or a Temporary exemption approved by the Chief Health Officer or their delegate, or as otherwise outlined in the Directions. Or if they are:\n(a) performing a law enforcement function that cannot reasonably be performed\nother than by entering the health care facility; or\n(b) performing a statutory duty that cannot reasonably be performed other than by entering the health care\nfacility; or\n(c) performing any function or duty or exercising any right or power under a Fair\nWork entry permit; or\n(d) responding to an emergency in a capacity other than as a health care worker or\na health support worker; or\n(e) providing emergency care to a patient in the health care facility where the\nemergency care is necessary to be provided immediately and a fully vaccinated\nor a partially vaccinated health care worker or health support worker is not available to provide that emergency care\nOr an ad hoc volunteer	Health Worker (Restrictions on Access) Directions.	Unvaccinated Employees will initially be allowed to remain away from the workplace for a period\nof two weeks without disciplinary action being commenced – the Preliminary Access Restriction\nPeriod (PARP). The PARP provides time for the Employee to make a decision regarding their\nintention to be Vaccinated and/or to receive a COVID-19 vaccine, prior to commencement of\nformal disciplinary proceedings. The PARP will be unpaid.\nFollowing the expiration of the two week PARP, the Employer may initiate disciplinary proceedings\nin accordance with the Discipline Policy and Procedures.\nAny decision to initiate disciplinary action, and subsequent disciplinary outcomes, will be considered on a case by case basis and compliant with the Discipline Policy and Procedures.\nGiven the access restrictions provided for by the Aged Care Worker Directions, termination of\nemployment is a potential outcome for instances of non-compliance.\nIt is an offence for a person to fail, without reasonable excuse, to comply with any of these\ndirections, punishable by a fine of up to $20,000 for individuals and $100,000 for bodies\ncorporate.	Public Health Order	WA Government Annoucement on 16/09/21\nNews articles\nRelease of guidelines\nHon Roger Cook media announcement on 02/09/21	22/02/2021 for front line workers\nAll West Australians aged 12 years and over were eligible to be vaccinated by 13/09/21	21/02/2021 for front line workers	ATAGI recommends that the COVID-19 vaccine by Pfizer is preferred over COVID-19 Vaccine AstraZeneca in adults aged under 50 years. \nCOVID-19 Vaccine AstraZeneca can be used in adults aged under 50 years – where the benefits are likely to outweigh the risks for that individual and the person has made an informed decision based on an understanding of the risks and benefits. \nPeople who have had the first dose of COVID-19 Vaccine AstraZeneca without any serious adverse effects can be given the second dose, including adults under 50 years. \n8/10/21 - booster recommended for severely immunocompromised people\n28/10/21 - Pfizer booster recommended for adults ≥ 18, 6 months past 2nd dose	more than 2,800 frontline workers receiving their first dose of the Pfizer vaccine in the first week of elegibility	0.1% (52/50000) of the WA Department of Health's employees have quit due to the mandate\n	V1 of the policy is not included as it doesn't have a vaccine requirement\nTier 1 means: an intensive care unit within a hospital; or (b) a high dependency unit within a hospital; or\n(c) a respiratory ward within a hospital; or\n(d) a ward within a high risk regional hospital that has one or more designated respiratory beds; or\n(e) an emergency department within a hospital; or\n(t) a COVID clinic; or\n(g) a COVID-19 vaccination community clinic; or\n(h) a regional COVID-19 vaccination clinic\n(i) any other facility that is specified to be a tier one health care facility by the Chief\nHealth Officer in writing or any person authorised by him for that purpose.\n	Department of Health\nPolicy Framework	WAEHSWT1V2	1237\n214\n4499\n1158\n2547
6	WA	Mandatory Vaccination Policy Phased Approach Group 1	Employment	At risk port workers\nExposed vessel workers, exposed vessel contact workers and exposed vessel transport workers	2021-09-21	2021-09-20	2021-10-15	2022-11-04	End of Public Health Emergency which removed all Public Health Directions made under the Emergency Declaration\nNot sure if the directions were lifted earlier	"22/09/21 - Direction No.1 replaced by No.2 which added a ""further public state of emergency made on 22/09/21"" notice. No change in mandate requirements.  No revocation section\n20/10/21 - No.2 revoked by No.3 which added the revocation section\n25/11/21 - Port Worker and Exposed Port Worker (Restrictions on Access) Directions added restrictions for unexposed port workers"	52	409	First dose by 15 October 2021\n·       Fully vaccinated by 12 November 2021\nMust provide proof of vaccination on request\n\nEach employer or person in charge of an exposed port worker must: (a) take all reasonable and lawful steps to collect and maintain a record of the vaccination statuses of workers and provide that information on request	Unexposed vessels\n(a)an exposed vessel worker who is not vaccinated against COVID-19 from\nembarking or performing work on an unexposed vessel; or\n(b) an exposed vessel contact worker who is not vaccinated against COVID-19\nfrom entering or remaining at a port location to carry out port activities, or\nundertake a service, in connection with an unexposed vessel; or\n(c) an exposed vessel transport worker who is not vaccinated against COVID-19\nfrom entering or remaining upon a dedicated conveyance in order to carry only\npersons disembarking from an unexposed vessel.\nExposed vessels\n(a) performing a law enforcement function that cannot reasonably be performed other than by embarking the exposed vessel or the dedicated conveyance; or\n(b) performing a statutory duty that cannot reasonably be performed otherwise; or\n(c) performing any function or duty or exercising any right or power under a Fair Work entry permit or a right\nof entry permit; or\n(d) responding to an emergency in a capacity other than as an ambulance officer or health care worker,	Exposed Port Worker (Restrictions on Access) Directions\nExposed On-Board Worker Directions (No. 2)	It is an offence for a person to fail, without reasonable excuse, to comply with any of these\ndirections, punishable by a fine of up to $20,000 for individuals and $100,000 for bodies\ncorporate.\n	Public Health Order		22/02/2021 for front line workers\nAll West Australians aged 12 years and over were eligible to be vaccinated by 13/09/21	21/02/2021 for front line workers	ATAGI recommends that the COVID-19 vaccine by Pfizer is preferred over COVID-19 Vaccine AstraZeneca in adults aged under 50 years. \nCOVID-19 Vaccine AstraZeneca can be used in adults aged under 50 years – where the benefits are likely to outweigh the risks for that individual and the person has made an informed decision based on an understanding of the risks and benefits. \nPeople who have had the first dose of COVID-19 Vaccine AstraZeneca without any serious adverse effects can be given the second dose, including adults under 50 years. \n8/10/21 - booster recommended for severely immunocompromised people\n28/10/21 - Pfizer booster recommended for adults ≥ 18, 6 months past 2nd dose	more than 2,800 frontline workers receiving their first dose of the Pfizer vaccine in the first week of elegibility			WA Government Annoucement	WAEPOWT100	1161
7	WA	Mandatory Vaccination Policy Phased Approach Group 1	Employment	At risk transport, freight and logistics drivers	2021-09-24		2021-10-24	2022-06-10	4/11/22 End of Public Health Emergency which removed all Public Health Directions made under the Emergency Declaration		52	259	First dose by 24/10/21\nFully vaccinated by 24/12/21\nMust wear facemask and show proof of a negative COVID-19 test result or undertake a RAT at the WA border		Transport, Freight and Logistics Directions under the Emergency Management Act 2005		Public Health Order		22/02/2021 for front line workers\nAll West Australians aged 12 years and over were eligible to be vaccinated by 13/09/21	21/02/2021 for front line workers	ATAGI recommends that the COVID-19 vaccine by Pfizer is preferred over COVID-19 Vaccine AstraZeneca in adults aged under 50 years. \nCOVID-19 Vaccine AstraZeneca can be used in adults aged under 50 years – where the benefits are likely to outweigh the risks for that individual and the person has made an informed decision based on an understanding of the risks and benefits. \nPeople who have had the first dose of COVID-19 Vaccine AstraZeneca without any serious adverse effects can be given the second dose, including adults under 50 years. \n8/10/21 - booster recommended for severely immunocompromised people\n28/10/21 - Pfizer booster recommended for adults ≥ 18, 6 months past 2nd dose	more than 2,800 frontline workers receiving their first dose of the Pfizer vaccine in the first week of elegibility			WA Government Annoucement	WAETFLT1V1	4505
8	WA	Mandatory Vaccination Policy Phased Approach	Employment	Primary health care workers in private provider facilities, including general practitioners, private nurse offices and consulting offices, pharmacies, dental centres, allied health facilities and private pathology centres.	2021-09-02	2021-10-25	2021-11-01	2022-11-04	4/11/22 End of Public Health Emergency which removed all Public Health Directions made under the Emergency Declaration			428	First dose by 1/11/21. Fully vaccinated by 1/12/21\nevidence in the form approved by the Chief Health Officer that they have\nbeen vaccinated against COVID-19, if:\n(a) directed to do so by an emergency officer; or\n(b) required to do so by their employer or by the owner, occupier or person\napparently in charge of a health care facility.	defined under the Directions\nMedical exemption, or a Temporary exemption approved by the Chief Health Officer or their delegate, or as otherwise outlined in the Directions. Or if they are:\n(a) performing a law enforcement function that cannot reasonably be performed\nother than by entering the health care facility; or\n(b) performing a statutory duty that cannot reasonably be performed other than by entering the health care\nfacility; or\n(c) performing any function or duty or exercising any right or power under a Fair\nWork entry permit; or\n(d) responding to an emergency in a capacity other than as a health care worker or\na health support worker; or\n(e) providing emergency care to a patient in the health care facility where the\nemergency care is necessary to be provided immediately and a fully vaccinated\nor a partially vaccinated health care worker or health support worker is not available to provide that emergency care\nOr an ad hoc volunteer	Primary Health Care Worker\n(Restrictions on Access) Directions	Unvaccinated Employees will initially be allowed to remain away from the workplace for a period\nof two weeks without disciplinary action being commenced – the Preliminary Access Restriction\nPeriod (PARP). The PARP provides time for the Employee to make a decision regarding their\nintention to be Vaccinated and/or to receive a COVID-19 vaccine, prior to commencement of\nformal disciplinary proceedings. The PARP will be unpaid.\nFollowing the expiration of the two week PARP, the Employer may initiate disciplinary proceedings\nin accordance with the Discipline Policy and Procedures.\nAny decision to initiate disciplinary action, and subsequent disciplinary outcomes, will be considered on a case by case basis and compliant with the Discipline Policy and Procedures.\nGiven the access restrictions provided for by the Aged Care Worker Directions, termination of\nemployment is a potential outcome for instances of non-compliance.\nIt is an offence for a person to fail, without reasonable excuse, to comply with any of these\ndirections, punishable by a fine of up to $20,000 for individuals and $100,000 for bodies\ncorporate.\n	Public Health Order	WA Government Annoucement on 09/10/21\nNews articles\nRelease of guidelines\nHon Roger Cook media announcement on 02/09/21	All West Australians aged 12 years and over were eligible to be vaccinated by 13/09/21\n8/6/21 for people aged 30-49 (pfizer), 50 and over (Astrazeneca) and fpr 16 and over Indigenous and Torres Strait Islander people\n16/8/21 for people aged 16-29\nSee the 'Aus Vaccine Availability' sheet for more information	All West Australians aged 12 years and over were able to be vaccinated by 13/09/21\n10/6/21 for people aged 30-49 (pfizer), 50 and over (Astrazeneca) and fpr 16 and over Indigenous and Torres Strait Islander people\n16/8/21 for people aged 16-29\nSee the 'Aus Vaccine Availability' sheet for more information	27/12/21 - recommends Pfizer booster for adults with a 5 month interval after 2nd dose		0.1% (52/50000) of the WA Department of Health's employees have quit due to the mandate\n		Public Health Direction	WAEHCWT2V1	214\n4499\n1159
9	WA	Mandatory Vaccination Policy Phased Approach	Employment	Tier 2 Health care workers	2021-09-02	2021-09-16	2021-11-01	2022-11-04	4/11/22 End of Public Health Emergency which removed all Public Health Directions made under the Emergency Declaration	"16/09/21 - Direction No.1 revoked by No.2. No mandate changes\nNo. 3 came into effect but directions doesn't have a revocation section, no mandate changes.\nNo.3 revoked by No.4 which removed the exemption clause: \n""performing a law enforcement function that cannot reasonably be performed other than by entering the health care facility"""		428	First dose by 1/11/21. Fully vaccinated by 1/12/21\nevidence in the form approved by the Chief Health Officer that they have\nbeen vaccinated against COVID-19, if:\n(a) directed to do so by an emergency officer; or\n(b) required to do so by their employer or by the owner, occupier or person\napparently in charge of a health care facility.	defined under the Directions\nMedical exemption, or a Temporary exemption approved by the Chief Health Officer or their delegate, or as otherwise outlined in the Directions. Or if they are:\n(a) performing a law enforcement function that cannot reasonably be performed\nother than by entering the health care facility; or\n(b) performing a statutory duty that cannot reasonably be performed other than by entering the health care\nfacility; or\n(c) performing any function or duty or exercising any right or power under a Fair\nWork entry permit; or\n(d) responding to an emergency in a capacity other than as a health care worker or\na health support worker; or\n(e) providing emergency care to a patient in the health care facility where the\nemergency care is necessary to be provided immediately and a fully vaccinated\nor a partially vaccinated health care worker or health support worker is not available to provide that emergency care\nOr an ad hoc volunteer	Health Worker (Restrictions on Access) Directions.	Unvaccinated Employees will initially be allowed to remain away from the workplace for a period\nof two weeks without disciplinary action being commenced – the Preliminary Access Restriction\nPeriod (PARP). The PARP provides time for the Employee to make a decision regarding their\nintention to be Vaccinated and/or to receive a COVID-19 vaccine, prior to commencement of\nformal disciplinary proceedings. The PARP will be unpaid.\nFollowing the expiration of the two week PARP, the Employer may initiate disciplinary proceedings\nin accordance with the Discipline Policy and Procedures.\nAny decision to initiate disciplinary action, and subsequent disciplinary outcomes, will be considered on a case by case basis and compliant with the Discipline Policy and Procedures.\nGiven the access restrictions provided for by the Aged Care Worker Directions, termination of\nemployment is a potential outcome for instances of non-compliance.\nIt is an offence for a person to fail, without reasonable excuse, to comply with any of these\ndirections, punishable by a fine of up to $20,000 for individuals and $100,000 for bodies\ncorporate.\n	Public Health Order	WA Government Annoucement\nNews articles\nRelease of guidelines\nHon Roger Cook media announcement on 02/09/21	All West Australians aged 12 years and over were eligible to be vaccinated by 13/09/21\n8/6/21 for people aged 30-49 (pfizer), 50 and over (Astrazeneca) and fpr 16 and over Indigenous and Torres Strait Islander people\n16/8/21 for people aged 16-29\nSee the 'Aus Vaccine Availability' sheet for more information	All West Australians aged 12 years and over were able to be vaccinated by 13/09/21\n10/6/21 for people aged 30-49 (pfizer), 50 and over (Astrazeneca) and fpr 16 and over Indigenous and Torres Strait Islander people\n16/8/21 for people aged 16-29\nSee the 'Aus Vaccine Availability' sheet for more information	27/12/21 - recommends Pfizer booster for adults with a 5 month interval after 2nd dose		0.1% (52/50000) of the WA Department of Health's employees have quit due to the mandate\n	Tier 2: (a) a hospital, including any ancillary facilities located on the land on which the\nhospital is located and the land itself\n(b) any other facility that is specified to be a tier three health care facility by the\nChief Health Officer in writing or any person authorised by him for that purpose.	Public Health Direction	WAEHCWT2V2	214\n4499\n1159
10	WA	WA's Safe Transition Plan 1	Public Space,Travel	travellers from medium risk jurisdictions to enter WA	2021-10-30		2021-11-05	2022-02-05	Implied as Plan 2 was announced			98	Fully vaccinated by 5/11/21\nundertake 14 days of self-quarantine at suitable premises\nwear a mask if practicable and available from when they enter WA until they arrive at suitable self-quarantine premises or government-approved quarantine facilities\npresent for a COVID-19 test within 48 hours of arrival and on day 11 of quarantine, or at any point when symptoms develop	certain senior Government officials;\ncertain active military personnel;\na member of the Commonwealth Parliament;\na person carrying out functions under a law of the Commonwealth;\na person carrying out a limited range of specialist functions; and\nanyone who is given approval by State Emergency Coordinator or an authorised officer.			Public Health Order	Announcement of WA's Safe Transition Plan\nAnnouncement on the WA Government website on the enforcement date\nAnnouncements on the WA Government website on changes in the risk level of other states always include mandate compliance requirements and exemptions\nInfographics from Services WA and wa.gov\n	All West Australians aged 12 years and over were eligible to be vaccinated by 13/09/21\n8/6/21 for people aged 30-49 (pfizer), 50 and over (Astrazeneca) and fpr 16 and over Indigenous and Torres Strait Islander people\n16/8/21 for people aged 16-29\nSee the 'Aus Vaccine Availability' sheet for more information	All West Australians aged 12 years and over were able to be vaccinated by 13/09/21\n10/6/21 for people aged 30-49 (pfizer), 50 and over (Astrazeneca) and fpr 16 and over Indigenous and Torres Strait Islander people\n16/8/21 for people aged 16-29\nSee the 'Aus Vaccine Availability' sheet for more information				developed with delta variant in mind	WA Government Annoucement	WAPISTT3V1	4537\n33
11	WA	WA's Safe Transition Plan 1	Public Space,Travel	travellers from high risk jurisdictions to enter WA	2021-10-30		2021-11-05	2022-02-05	Implied as Plan 2 was announced			98	Fully vaccinated by 5/11/21\nproof of a negative COVID-19 test in the 72 hours prior to departure;\nself-quarantine in a suitable premise for 14 days;\npresent for an initial COVID-19 test within 48 hours;\npresent for a COVID-19 test if any symptoms develop during quarantine;\npresent for a COVID-19 test on day 12 after arrival in WA (if still in WA);\nbe fully vaccinated against COVID-19, if eligible; and\na mandatory requirement to use the G2G Now app while in quarantine.	certain senior Government officials;\ncertain active military personnel;\nmembers of the Commonwealth Parliament;\na person carrying out functions under a law of the Commonwealth;\na person carrying out a limited range of specialist functions; and\na person given approval by the State Emergency Coordinator or an authorised officer.			Public Health Order	Announcement of WA's Safe Transition Plan\nAnnouncement on the WA Government website on the enforcement date\nAnnouncements on the WA Government website on changes in the risk level of other states always include mandate compliance requirements and exemptions\nInfographics from Services WA and wa.gov	All West Australians aged 12 years and over were eligible to be vaccinated by 13/09/21\n8/6/21 for people aged 30-49 (pfizer), 50 and over (Astrazeneca) and fpr 16 and over Indigenous and Torres Strait Islander people\n16/8/21 for people aged 16-29\nSee the 'Aus Vaccine Availability' sheet for more information	All West Australians aged 12 years and over were able to be vaccinated by 13/09/21\n10/6/21 for people aged 30-49 (pfizer), 50 and over (Astrazeneca) and fpr 16 and over Indigenous and Torres Strait Islander people\n16/8/21 for people aged 16-29\nSee the 'Aus Vaccine Availability' sheet for more information				developed with delta variant in mind	WA Government Annoucement	WAPISTT2V1	4537\n33
12	WA	WA's Safe Transition Plan 1	Public Space,Travel	travellers from extreme risk jurisdictions to enter WA	2021-10-30		2021-11-05	2022-11-04	Implied as Plan 2 was announced			370	Fully vaccinated by 5/11/21\n	Commonwealth and State officials, Members of Parliament, Diplomats and specialist or extraordinary circumstances determined by the State Emergency Coordinator or the Chief Health Office			Public Health Order	Announcement of WA's Safe Transition Plan\nAnnouncement on the WA Government website on the enforcement date\nAnnouncements on the WA Government website on changes in the risk level of other states always include mandate compliance requirements and exemptions\nInfographics from Services WA and wa.gov	All West Australians aged 12 years and over were eligible to be vaccinated by 13/09/21\n8/6/21 for people aged 30-49 (pfizer), 50 and over (Astrazeneca) and fpr 16 and over Indigenous and Torres Strait Islander people\n16/8/21 for people aged 16-29\nSee the 'Aus Vaccine Availability' sheet for more information	All West Australians aged 12 years and over were able to be vaccinated by 13/09/21\n10/6/21 for people aged 30-49 (pfizer), 50 and over (Astrazeneca) and fpr 16 and over Indigenous and Torres Strait Islander people\n16/8/21 for people aged 16-29\nSee the 'Aus Vaccine Availability' sheet for more information				developed with delta variant in mind	WA Government Annoucement	WAPISTT1V1	4538\n33
13	WA	WA's Safe Transition Plan 1	Public Space,Travel	International arrivals/travellers	2021-11-05		2021-11-05	2022-11-04	Implied as Plan 2 was announced			364	be double dose vaccinated (for eligible people)\nreturn a negative PCR test 72 hours before departure\nundertake a test on arrival (to be phased out, pending a review)\ncomplete 14 days quarantine in a designated facility (if high risk, e.g. unvaccinated people)				Public Health Order	Announcement of WA's Safe Transition Plan\nAnnouncement on the WA Government website on the enforcement date with information on the compliance requirements \nInfographics from Services WA and wa.gov	All West Australians aged 12 years and over were eligible to be vaccinated by 13/09/21\n8/6/21 for people aged 30-49 (pfizer), 50 and over (Astrazeneca) and fpr 16 and over Indigenous and Torres Strait Islander people\n16/8/21 for people aged 16-29\nSee the 'Aus Vaccine Availability' sheet for more information	All West Australians aged 12 years and over were able to be vaccinated by 13/09/21\n10/6/21 for people aged 30-49 (pfizer), 50 and over (Astrazeneca) and fpr 16 and over Indigenous and Torres Strait Islander people\n16/8/21 for people aged 16-29\nSee the 'Aus Vaccine Availability' sheet for more information				developed with delta variant in mind	WA Government Annoucement	WAPINT00V1	144
14	WA	WA's Safe Transition Plan 1	Public Space,Travel	travellers from low risk jurisdictions to enter WA	2021-10-30		2021-11-15	2022-11-04	Implied as Plan 2 was announced			370	Fully vaccinated by 15/11/21\ndouble dose vaccinated (for eligible people)\nreturn a negative PCR test 72 hours before departure undertake a test on arrival in WA (to be phased out, pending a review)				Public Health Order	Announcement of WA's Safe Transition Plan\nAnnouncement on the WA Government website on the enforcement date\nAnnouncements on the WA Government website on changes in the risk level of other states always include mandate compliance requirements and exemptions\nMcGowan had a press conference addressing the transition plan on 20/01/21\nInfographics from Services WA and wa.gov\nPosts by McGowan on Twitter and Facebook	All West Australians aged 12 years and over were eligible to be vaccinated by 13/09/21\n8/6/21 for people aged 30-49 (pfizer), 50 and over (Astrazeneca) and fpr 16 and over Indigenous and Torres Strait Islander people\n16/8/21 for people aged 16-29\nSee the 'Aus Vaccine Availability' sheet for more information	All West Australians aged 12 years and over were able to be vaccinated by 13/09/21\n10/6/21 for people aged 30-49 (pfizer), 50 and over (Astrazeneca) and fpr 16 and over Indigenous and Torres Strait Islander people\n16/8/21 for people aged 16-29\nSee the 'Aus Vaccine Availability' sheet for more information				developed with delta variant in mind	WA Government Annoucement	WAPISTT4V1	4537\n33
15	WA	WA's Safe Transition Plan 1	Public Space	School leavers attending events / gatherings	2021-10-07		2021-11-21	2022-11-04				393	First dose by 21/11/21				Public Health Order		All West Australians aged 12 years and over were eligible to be vaccinated by 13/09/21\n8/6/21 for people aged 30-49 (pfizer), 50 and over (Astrazeneca) and fpr 16 and over Indigenous and Torres Strait Islander people\n16/8/21 for people aged 16-29\nSee the 'Aus Vaccine Availability' sheet for more information	All West Australians aged 12 years and over were able to be vaccinated by 13/09/21\n10/6/21 for people aged 30-49 (pfizer), 50 and over (Astrazeneca) and fpr 16 and over Indigenous and Torres Strait Islander people\n16/8/21 for people aged 16-29\nSee the 'Aus Vaccine Availability' sheet for more information					WA Government Annoucement	WAPSCL0000	4508\n4509
16	WA	Mandatory Vaccination Policy Phased Approach	Employment	Low risk transport, freight and logistics drivers			2021-11-24	2022-06-10				198	First dose by 24/11/21\nFully vaccinated by 24/12/21		Transport, Freight and Logistics Directions under the Emergency Management Act 2005		Public Health Order		All West Australians aged 12 years and over were eligible to be vaccinated by 13/09/21\n8/6/21 for people aged 30-49 (pfizer), 50 and over (Astrazeneca) and fpr 16 and over Indigenous and Torres Strait Islander people\n16/8/21 for people aged 16-29\nSee the 'Aus Vaccine Availability' sheet for more information	All West Australians aged 12 years and over were able to be vaccinated by 13/09/21\n10/6/21 for people aged 30-49 (pfizer), 50 and over (Astrazeneca) and fpr 16 and over Indigenous and Torres Strait Islander people\n16/8/21 for people aged 16-29\nSee the 'Aus Vaccine Availability' sheet for more information						WAETFLT2V1	4506
17	WA	Mandatory Vaccination Policy Phased Approach Group 1	Employment	Health care worker - Tier 3 health care facilities	2021-09-02	2021-09-16	2021-12-01	2022-11-04	End of Public Health Emergency which removed all Public Health Directions made under the Emergency Declaration	"13/01/2022 - policy replaced by a new version\n16/09/21 - Direction No.1 revoked by No.2. No mandate changes\n22/09/22 - No. 3 came into effect but directions doesn't have a revocation section, no mandate changes.\n25/01/22 - No.3 revoked by No.4 which removed the exemption clause: ""performing a law enforcement function that cannot reasonably be performed other than by entering the health care facility"" and slightly altered a paragraph to ""responding to an emergency where the emergency response is required to be provided immediately and a fully vaccinated or partially vaccinated person is not available to provide the response;"""	43	428	First dose by 01/12/21. Second dose by 01/01/22\nevidence in the form approved by the Chief Health Officer that they have\nbeen vaccinated against COVID-19, if:\n(a) directed to do so by an emergency officer; or\n(b) required to do so by their employer or by the owner, occupier or person\napparently in charge of a health care facility.	defined under the Directions\nMedical exemption, or a Temporary exemption approved by the Chief Health Officer or their delegate, or as otherwise outlined in the Directions. Or if they are:\n(a) performing a law enforcement function that cannot reasonably be performed\nother than by entering the health care facility; or\n(b) performing a statutory duty that cannot reasonably be performed other than by entering the health care\nfacility; or\n(c) performing any function or duty or exercising any right or power under a Fair\nWork entry permit; or\n(d) responding to an emergency in a capacity other than as a health care worker or\na health support worker; or\n(e) providing emergency care to a patient in the health care facility where the\nemergency care is necessary to be provided immediately and a fully vaccinated\nor a partially vaccinated health care worker or health support worker is not available to provide that emergency care\nOr an ad hoc volunteer	Health Worker (Restrictions on Access) Directions	Unvaccinated Employees will initially be allowed to remain away from the workplace for a period\nof two weeks without disciplinary action being commenced – the Preliminary Access Restriction\nPeriod (PARP). The PARP provides time for the Employee to make a decision regarding their\nintention to be Vaccinated and/or to receive a COVID-19 vaccine, prior to commencement of\nformal disciplinary proceedings. The PARP will be unpaid.\nFollowing the expiration of the two week PARP, the Employer may initiate disciplinary proceedings\nin accordance with the Discipline Policy and Procedures.\nAny decision to initiate disciplinary action, and subsequent disciplinary outcomes, will be considered on a case by case basis and compliant with the Discipline Policy and Procedures.\nGiven the access restrictions provided for by the Aged Care Worker Directions, termination of\nemployment is a potential outcome for instances of non-compliance.\nIt is an offence for a person to fail, without reasonable excuse, to comply with any of these\ndirections, punishable by a fine of up to $20,000 for individuals and $100,000 for bodies\ncorporate.\n	Public Health Order	WA Government Annoucement\nNews articles\nRelease of guidelines\nHon Roger Cook media announcement on 02/09/21	All West Australians aged 12 years and over were eligible to be vaccinated by 13/09/21\n8/6/21 for people aged 30-49 (pfizer), 50 and over (Astrazeneca) and fpr 16 and over Indigenous and Torres Strait Islander people\n16/8/21 for people aged 16-29\nSee the 'Aus Vaccine Availability' sheet for more information	All West Australians aged 12 years and over were able to be vaccinated by 13/09/21\n10/6/21 for people aged 30-49 (pfizer), 50 and over (Astrazeneca) and fpr 16 and over Indigenous and Torres Strait Islander people\n16/8/21 for people aged 16-29\nSee the 'Aus Vaccine Availability' sheet for more information				Tier 3 : (a) a public health service facility, including ancillary facilities and facilities that\nprovide support services, and including any vehicle from which public health\nservices are provided, and any land on which any building comprising a public\nhealth service facility is located; or\n(b) any premises that are occupied by the Department ofHealth or a health service\nprovider;\n(c) any other facility that is specified to be a tier one health care facility by the Chief\nHealth Officer in writing or any person authorised by him for that purpose.	Public Health Direction	WAEHCWT300	214\n4499
18	WA	COVID-19 Mandatory Vaccination and Vaccination Program Policy Version 2	Employment	Health support worker - Tier 2 and 3 health care facilities	2021-09-02	2021-09-16	2021-12-01	2022-11-04	End of Public Health Emergency which removed all Public Health Directions made under the Emergency Declaration	"13/01/2022 - policy replaced by a new version\n16/09/21 - Direction No.1 revoked by No.2. No mandate changes\n22/09/22 - No. 3 came into effect but directions doesn't have a revocation section, no mandate changes.\n25/01/22 - No.3 revoked by No.4 which removed the exemption clause: ""performing a law enforcement function that cannot reasonably be performed other than by entering the health care facility"" and slightly altered a paragraph to ""responding to an emergency where the emergency response is required to be provided immediately and a fully vaccinated or partially vaccinated person is not available to provide the response;"""	38	428	·       First dose by 01/12/2021\n·       Fully vaccinated by 01/01/2022\nevidence in the form approved by the Chief Health Officer that they have\nbeen vaccinated against COVID-19, if:\n(a) directed to do so by an emergency officer; or\n(b) required to do so by their employer or by the owner, occupier or person\napparently in charge of a health care facility.	defined under the Directions\nMedical exemption, or a Temporary exemption approved by the Chief Health Officer or their delegate, or as otherwise outlined in the Directions. Or if they are:\n(a) performing a law enforcement function that cannot reasonably be performed\nother than by entering the health care facility; or\n(b) performing a statutory duty that cannot reasonably be performed other than by entering the health care\nfacility; or\n(c) performing any function or duty or exercising any right or power under a Fair\nWork entry permit; or\n(d) responding to an emergency in a capacity other than as a health care worker or\na health support worker; or\n(e) providing emergency care to a patient in the health care facility where the\nemergency care is necessary to be provided immediately and a fully vaccinated\nor a partially vaccinated health care worker or health support worker is not available to provide that emergency care\nOr an ad hoc volunteer	Health Worker (Restrictions on Access) Directions.	Unvaccinated Employees will initially be allowed to remain away from the workplace for a period\nof two weeks without disciplinary action being commenced – the Preliminary Access Restriction\nPeriod (PARP). The PARP provides time for the Employee to make a decision regarding their\nintention to be Vaccinated and/or to receive a COVID-19 vaccine, prior to commencement of\nformal disciplinary proceedings. The PARP will be unpaid.\nFollowing the expiration of the two week PARP, the Employer may initiate disciplinary proceedings\nin accordance with the Discipline Policy and Procedures.\nAny decision to initiate disciplinary action, and subsequent disciplinary outcomes, will be considered on a case by case basis and compliant with the Discipline Policy and Procedures.\nGiven the access restrictions provided for by the Aged Care Worker Directions, termination of\nemployment is a potential outcome for instances of non-compliance.\nIt is an offence for a person to fail, without reasonable excuse, to comply with any of these\ndirections, punishable by a fine of up to $20,000 for individuals and $100,000 for bodies\ncorporate.\n	Public Health Order	WA Government Annoucement\nNews articles\nRelease of guidelines\nHon Roger Cook media announcement on 02/09/21	All West Australians aged 12 years and over were eligible to be vaccinated by 13/09/21\n8/6/21 for people aged 30-49 (pfizer), 50 and over (Astrazeneca) and fpr 16 and over Indigenous and Torres Strait Islander people\n16/8/21 for people aged 16-29\nSee the 'Aus Vaccine Availability' sheet for more information	All West Australians aged 12 years and over were able to be vaccinated by 13/09/21\n10/6/21 for people aged 30-49 (pfizer), 50 and over (Astrazeneca) and fpr 16 and over Indigenous and Torres Strait Islander people\n16/8/21 for people aged 16-29\nSee the 'Aus Vaccine Availability' sheet for more information			0.1% (52/50000) of the WA Department of Health's employees have quit due to the mandate\n	Tier 2: (a) a hospital, including any ancillary facilities located on the land on which the\nhospital is located and the land itself\n(b) any other facility that is specified to be a tier three health care facility by the\nChief Health Officer in writing or any person authorised by him for that purpose.	Public Health Direction	WAEHSWT2V2	1237\n214\n4499\n1158\n2547
19	WA	Mandatory Vaccination Policy Phased Approach Group 1	Employment	Resources industry worker or a rig or platform crew member including FIFO (fly-in fly-out) and local workers on WA mining and resource sites, people who work in remote operations, or run critical infrastructure, including remote train and port control.	2021-10-05	2021-11-21	2021-12-01	2022-06-10			48	248	first dose of the COVID-19 vaccine by 12:01am 1 December 2021, and be fully vaccinated by 1 January 2022.\nMust provide evidence of vaccination	Nothing in these directions prevents an unvaccinated person from entering a site for:\n(a) performing a law enforcement function that requires site access;\n(b) fulfilling a statutory duty under Commonwealth law that requires site access;\n(c) exercising rights under a Fair Work, Work Health and Safety, or Industrial Relations Act entry permit; or\n(d) responding to an emergency when no vaccinated person is available.	Resources Industry Worker (Restrictions on Access) Directions.		Public Health Order		All West Australians aged 12 years and over were eligible to be vaccinated by 13/09/21\n8/6/21 for people aged 30-49 (pfizer), 50 and over (Astrazeneca) and fpr 16 and over Indigenous and Torres Strait Islander people\n16/8/21 for people aged 16-29\nSee the 'Aus Vaccine Availability' sheet for more information	All West Australians aged 12 years and over were able to be vaccinated by 13/09/21\n10/6/21 for people aged 30-49 (pfizer), 50 and over (Astrazeneca) and fpr 16 and over Indigenous and Torres Strait Islander people\n16/8/21 for people aged 16-29\nSee the 'Aus Vaccine Availability' sheet for more information					WA Government Annoucement	WAEFIFO000	800\n4500\n4501
20	WA	Mandatory Vaccination Policy Phased Approach Group 1	Employment	Department of Fire and Emergency Services and\nDepartment of Biodiversity Conservation and Attractions employees	2021-10-20	2021-11-12	2021-12-01	2022-06-10			48	233	First dose by 1 December 2021\nSecond dose by 1 January 2022	Prior anaphylaxis reaction to a vaccine or its components\nSignificant immunocompromisation (for live vaccines only)\nTemporary exemption granted through application process\nPerforming specific duties outlined in guidelines\nProviding welfare services at emergency sites as an ad hoc volunteer\nResponding to emergencies in non-vaccination-required capacities\nAny other declared exempt persons or classes	Fire and Emergency Services Worker\n(Restrictions on Access) Directions		Public Health Order\nDepartment of Fire and Emergency Services	Commissioner of Police issued an Employer Direction on 24/12/21	All West Australians aged 12 years and over were eligible to be vaccinated by 13/09/21\n8/6/21 for people aged 30-49 (pfizer), 50 and over (Astrazeneca) and fpr 16 and over Indigenous and Torres Strait Islander people\n16/8/21 for people aged 16-29\nSee the 'Aus Vaccine Availability' sheet for more information	All West Australians aged 12 years and over were able to be vaccinated by 13/09/21\n10/6/21 for people aged 30-49 (pfizer), 50 and over (Astrazeneca) and fpr 16 and over Indigenous and Torres Strait Islander people\n16/8/21 for people aged 16-29\nSee the 'Aus Vaccine Availability' sheet for more information					DFES media release	WAEFEST1V1	4507
21	WA	Meat Industry Worker (Restrictions on Access) Directions	Employment	Meat Industry Worker	2021-10-20	2021-11-10	2021-12-01	2022-06-10			48	233	Partially vaccinated by 1/12/21\nFully vaccinated by 1/1/22	(a) performing a law enforcement function that cannot reasonably be performed\nother than by entering the meat industry site; or\n(b) performing a statutory duty arising under a law of the Commonwealth that\ncannot reasonably be performed other than by entering the meat industry site;\nor\n(c) performing any function or duty or exercising any right or power under a Fair\nWork entry permit issued by the Fair Work Commission under the Fair Work\nAct 2009 (Cth) or a Work Health and Safety entry permit issued by the Fair\nWork Commission under the Work Health and Safety Act 2011 (Cth) or a right\nof entry permit issued by the Registrar of the Department of the Registrar,\nWestern Australian Industrial Relations Commission under the Industrial\nRelations Act 1979 (WA);\n(d) responding to an emergency where the emergency response is required to be\nprovided immediately and a fully vaccinated or partially vaccinated person is\nnot available to provide the response;	Meat Industry Worker (Restrictions on Access) Directions		Public Health Order		All West Australians aged 12 years and over were eligible to be vaccinated by 13/09/21\n8/6/21 for people aged 30-49 (pfizer), 50 and over (Astrazeneca) and fpr 16 and over Indigenous and Torres Strait Islander people\n16/8/21 for people aged 16-29\nSee the 'Aus Vaccine Availability' sheet for more information	All West Australians aged 12 years and over were able to be vaccinated by 13/09/21\n10/6/21 for people aged 30-49 (pfizer), 50 and over (Astrazeneca) and fpr 16 and over Indigenous and Torres Strait Islander people\n16/8/21 for people aged 16-29\nSee the 'Aus Vaccine Availability' sheet for more information						WAEMIW00V1	
22	WA	Air Services and Border Worker\n(Restrictions on Access) Directions.	Employment	air services worker	2021-10-20	2021-11-12	2021-12-01	2022-06-10			48	233	air services worker must not enter an airport unless they have received one dose by 1/12/21\nsecond dose by 1/1/22\nMust provide evidence of vaccination	Unvaccinated individuals may enter an airport or border crossing checkpoint to:\n(a) perform a law enforcement function;\n(b) fulfill a statutory duty under Commonwealth law;\n(c) exercise rights under a Fair Work, Work Health and Safety, or Industrial Relations Act entry permit; or\n(d) respond to an emergency when no vaccinated person is available.	Air Services and Border Worker\n(Restrictions on Access) Directions.	It is an offence for a person to fail, without reasonable excuse, to comply with any of these directions, punishable by a fine of up to $20,000 for individuals and $100,000 for bodies corporate.	Public Health Order	ABC news article									
23	WA	Air Services and Border Worker\n(Restrictions on Access) Directions.	Employment	border worker	2021-10-20	2021-11-12	2021-12-01	2022-06-10			48	233	border worker must not enter, or remain at a border crossing checkpoint unless they have received one dose by 1/12/21\nsecond dose by 1/1/22\nMust provide evidence of vaccination	Unvaccinated individuals may enter an airport or border crossing checkpoint to:\n(a) perform a law enforcement function;\n(b) fulfill a statutory duty under Commonwealth law;\n(c) exercise rights under a Fair Work, Work Health and Safety, or Industrial Relations Act entry permit; or\n(d) respond to an emergency when no vaccinated person is available.	Air Services and Border Worker\n(Restrictions on Access) Directions.	It is an offence for a person to fail, without reasonable excuse, to comply with any of these directions, punishable by a fine of up to $20,000 for individuals and $100,000 for bodies corporate.	Public Health Order	ABC news article									
24	WA	Mandatory Vaccination Policy Phased Approach Group 1	Employment,Public Space	all persons requiring entry to correctional facilities	2021-11-15		2021-12-01	2022-06-10			46	207	First dose by 1 December 2021\nSecond dose by 1 January 2022\nNeed to provide evidence\n10/06/2022 - no need to show proof of vaccination\nBooster enforced on 5/2/2022		WA Correctional Facility Entrant Directions		WA Department of Justice		All West Australians aged 12 years and over were eligible to be vaccinated by 13/09/21\n8/6/21 for people aged 30-49 (pfizer), 50 and over (Astrazeneca) and fpr 16 and over Indigenous and Torres Strait Islander people\n16/8/21 for people aged 16-29\nSee the 'Aus Vaccine Availability' sheet for more information	All West Australians aged 12 years and over were able to be vaccinated by 13/09/21\n10/6/21 for people aged 30-49 (pfizer), 50 and over (Astrazeneca) and fpr 16 and over Indigenous and Torres Strait Islander people\n16/8/21 for people aged 16-29\nSee the 'Aus Vaccine Availability' sheet for more information					WA Government Annoucement	WABCRF00V1	
25	WA	Community Care Services Worker\n(Restrictions on Access) Directions	Employment	Community care services worker		2021-11-05	2021-12-01	2022-06-10		25/11/21: revoked by Community Care Services Worker (Restrictions on Access) Directions (No 2) to include section on critical service workers	48	217	Partially vaccinated by 1/12/21\nFully vaccinated by 1/1/22	Unvaccinated individuals may enter a community care services facility or accommodation to:\n(a) perform a law enforcement function;\n(b) fulfill a statutory duty under Commonwealth law;\n(c) exercise rights under a Fair Work, Work Health and Safety, or Industrial Relations Act entry permit; or\n(d) respond to an emergency when no vaccinated person is available.	Community Care Services Worker (Restrictions on Access) Directions (No 3)	It is an offence for a person to fail, without reasonable excuse, to comply with any of these directions, punishable by a fine of up to $20,000 for individuals and $100,000 for bodies corporate.	Public Health Order		All West Australians aged 12 years and over were eligible to be vaccinated by 13/09/21\n8/6/21 for people aged 30-49 (pfizer), 50 and over (Astrazeneca) and fpr 16 and over Indigenous and Torres Strait Islander people\n16/8/21 for people aged 16-29\nSee the 'Aus Vaccine Availability' sheet for more information	All West Australians aged 12 years and over were able to be vaccinated by 13/09/21\n10/6/21 for people aged 30-49 (pfizer), 50 and over (Astrazeneca) and fpr 16 and over Indigenous and Torres Strait Islander people\n16/8/21 for people aged 16-29\nSee the 'Aus Vaccine Availability' sheet for more information						WAEOTHT100	
26	WA	Education Worker (Restrictions on\nAccess) Directions	Employment	Education workers working at education facilities	2021-11-12	2021-11-29	2022-01-01	2022-06-10			48	210	First dose by 1/1/22\nSecond dose by 31/1/22	Unvaccinated individuals may enter an education facility to:\n(a) fulfill a statutory duty under Commonwealth law;\n(b) exercise rights under a Fair Work, Work Health and Safety, or Industrial Relations Act entry permit; or\n(c) respond to an emergency when no vaccinated person is available.	Education Worker (Restrictions on\nAccess) Directions	It is an offence for a person to fail, without reasonable excuse, to comply with any of these directions, punishable by a fine of up to $20,000 for individuals and $100,000 for bodies corporate.	Public Health Order	ABC news article				A Department of Education survey has found 1.4 per cent of school-based staff either intend to apply for a vaccine exemption on medical grounds, or do not want to get the jab. ABC News				WAEEDUT100	
27	WA	Mandatory Vaccination Policy Phased Approach Group 1	Employment	Fire and emergency service workers including WA Police	2021-10-20	2021-11-12	2022-01-01	2022-06-10			48	233	First dose by 1/1/2022\nSecond dose by 1/2/2022	Prior anaphylaxis reaction to a vaccine or its components\nSignificant immunocompromisation (for live vaccines only)\nTemporary exemption granted through application process\nPerforming specific duties outlined in guidelines\nProviding welfare services at emergency sites as an ad hoc volunteer\nResponding to emergencies in non-vaccination-required capacities\nAny other declared exempt persons or classes	Fire and Emergency Services Worker\n(Restrictions on Access) Directions		Public Health Order\nDepartment of Fire and Emergency Services	Commissioner of Police issued an Employer Direction on 24/12/21\nNews article on 20/10/21	All West Australians aged 12 years and over were eligible to be vaccinated by 13/09/21\n8/6/21 for people aged 30-49 (pfizer), 50 and over (Astrazeneca) and fpr 16 and over Indigenous and Torres Strait Islander people\n16/8/21 for people aged 16-29\nSee the 'Aus Vaccine Availability' sheet for more information	All West Australians aged 12 years and over were able to be vaccinated by 13/09/21\n10/6/21 for people aged 30-49 (pfizer), 50 and over (Astrazeneca) and fpr 16 and over Indigenous and Torres Strait Islander people\n16/8/21 for people aged 16-29\nSee the 'Aus Vaccine Availability' sheet for more information					DFES media release	WAEFEST2V1	4507
28	WA	Remote Aboriginal Community Worker\n(Restrictions on Access) Directions	Employment	remote Aboriginal community workers		2021-12-08	2022-01-01	2022-06-10			48	184	First dose by 1/1/22\nFully vaccinated by 1/2/22	Unvaccinated remote Aboriginal community workers may enter or remain in a remote Aboriginal community for:\n(a) performing a law enforcement function;\n(b) family or cultural purposes, for as long as necessary;\n(c) transiting through, without contact with residents and taking the most direct route;\n(d) residing in the community without leaving;\n(e) fulfilling a statutory duty under Commonwealth law;\n(f) exercising rights under a Fair Work, Work Health and Safety, or Industrial Relations Act entry permit;\n(g) responding to an emergency when no vaccinated person is available; or\n(h) any circumstance approved in writing by the Chief Health Officer.	Remote Aboriginal Community Worker\n(Restrictions on Access) Directions		Public Health Order		All West Australians aged 12 years and over were eligible to be vaccinated by 13/09/21\n8/6/21 for people aged 30-49 (pfizer), 50 and over (Astrazeneca) and fpr 16 and over Indigenous and Torres Strait Islander people\n16/8/21 for people aged 16-29\nSee the 'Aus Vaccine Availability' sheet for more information	All West Australians aged 12 years and over were able to be vaccinated by 13/09/21\n10/6/21 for people aged 30-49 (pfizer), 50 and over (Astrazeneca) and fpr 16 and over Indigenous and Torres Strait Islander people\n16/8/21 for people aged 16-29\nSee the 'Aus Vaccine Availability' sheet for more information						WAERCW0000	4506
29	WA	Mandatory Vaccination Policy Phased Approach	Employment	Building and construction workers		2021-11-29	2022-01-01	2022-06-10			48	193	First dose by 01/01/22\nSecond dose by 01/02/22\nBuilding and construction workers (and any other occupation covered by a set of directions) who were eligible to receive their booster dose on or before 4 January 2022 had to receive their booster dose by 5 February 2022.	• Medical exemption\n• temporary exemption\n• performing a specific duty (includes statutory duty, performing any function or duty or exercising any right or power under a Fair Work entry permit or a Work Health and Safety entry permit)\n• responding to an emergency in a capacity other than a person who is subject to vaccination requirements under a direction.\n• Any other person or class of persons declared to be an exempt person.	Building and Construction Industry Worker (Restrictions on Access) Directions	It is an offence for a person to fail, without reasonable excuse, to comply with any of these\ndirections, punishable by a fine of up to $20,000 for individuals and $100,000 for bodies corporate.	Public Health Order		All West Australians aged 12 years and over were eligible to be vaccinated by 13/09/21\n8/6/21 for people aged 30-49 (pfizer), 50 and over (Astrazeneca) and fpr 16 and over Indigenous and Torres Strait Islander people\n16/8/21 for people aged 16-29\nSee the 'Aus Vaccine Availability' sheet for more information	All West Australians aged 12 years and over were able to be vaccinated by 13/09/21\n10/6/21 for people aged 30-49 (pfizer), 50 and over (Astrazeneca) and fpr 16 and over Indigenous and Torres Strait Islander people\n16/8/21 for people aged 16-29\nSee the 'Aus Vaccine Availability' sheet for more information	ATAGI recommends that a person receive their\nbooster vaccination being:\n(a) from the 24 December 2021 until 3 January 2022, a date which is 5 months from\nthe date the person became fully vaccinated;\n(b) from 4 January 2022 until 30 January 2022, a date which is 4 months from the\ndate the person became fully vaccinated;\n( c) from 31 January 2022, a date which is 3 months from the date the person became\nfully vaccinated				WA Government Annoucement	WAEBCW0000	4536
30	WA	Community Care Services Worker (Restrictions on Access) Directions	Employment	Community Care Critical Services\nWorker		2021-11-25	2022-01-01	2022-06-10			48	197	Partially vaccinated by 1/1/22\nFully vaccinated by 1/2/22	Unvaccinated individuals may enter a community care services facility or accommodation to:\n(a) perform a law enforcement function;\n(b) fulfill a statutory duty under Commonwealth law;\n(c) exercise rights under a Fair Work, Work Health and Safety, or Industrial Relations Act entry permit; or\n(d) respond to an emergency when no vaccinated person is available.	Community Care Services Worker (Restrictions on Access) Directions (No 3)	It is an offence for a person to fail, without reasonable excuse, to comply with any of these directions, punishable by a fine of up to $20,000 for individuals and $100,000 for bodies corporate.	Public Health Order		All West Australians aged 12 years and over were eligible to be vaccinated by 13/09/21\n8/6/21 for people aged 30-49 (pfizer), 50 and over (Astrazeneca) and fpr 16 and over Indigenous and Torres Strait Islander people\n16/8/21 for people aged 16-29\nSee the 'Aus Vaccine Availability' sheet for more information	All West Australians aged 12 years and over were able to be vaccinated by 13/09/21\n10/6/21 for people aged 30-49 (pfizer), 50 and over (Astrazeneca) and fpr 16 and over Indigenous and Torres Strait Islander people\n16/8/21 for people aged 16-29\nSee the 'Aus Vaccine Availability' sheet for more information						WAEOTHT200	
31	WA	Public and Commercial Transport Workers (Restrictions on Access) Directions.	Employment	Public and Commercial Transport\nWorkers		2021-12-03	2022-01-01	2022-06-10			48	189	First dose by 1/1/22\nSecond dose by 1/2/22	Unvaccinated individuals may drive or board commercial or public transport to:\n(a) perform a law enforcement function (excluding security officers or authorized persons on public transport);\n(b) fulfill a statutory duty under Commonwealth law;\n(c) exercise rights under a Fair Work, Work Health and Safety, or Industrial Relations Act entry permit; or\n(d) respond to an emergency when no vaccinated person is available.	Public and Commercial Transport\nWorkers (Restrictions on Access) Directions.	It is an offence for a person to fail, without reasonable excuse, to comply with any of these directions, punishable by a fine of up to $20,000 for individuals and $100,000 for bodies corporate.	Public Health Order									WAEOTHT300	
32	WA	Critical Businesses Worker (Restrictions on Access) Directions	Employment	Critical business workers	2021-10-20	2021-12-06	2022-01-01	2022-06-10			48	233	First dose by 1/1/22\nSecond dose by 1/2/22\nBooster dose by 5/2/22 or a month after second dose	Unvaccinated individuals may enter a critical business site to:\n(a) perform a law enforcement function;\n(b) fulfill a statutory duty under Commonwealth law;\n(c) exercise rights under a Fair Work, Work Health and Safety, or Industrial Relations Act entry permit; or\n(d) respond to an emergency when no vaccinated person is available	Critical Businesses Worker (Restrictions\non Access) Directions	It is an offence for a person to fail, without reasonable excuse, to comply with any of these directions, punishable by a fine of up to $20,000 for individuals and $100,000 for bodies corporate.	Public Health Order							"What counts as a “critical business site”, i.e. where ""critical business workers"" work:\n\n1) Critical accommodation premises \n- Hotels, motels or other accommodation facilities (to the extent they provide accommodation).\n\n- Caravan parks and camping grounds (excluding residential parks). \n\n2) Critical hospitality premises \n\n- Restaurants, cafés, pubs, bars or clubs (not nightclubs), including food courts, shopping-centre outlets and food trucks/vehicles; dine-in, takeaway or delivery.\n\n- Truckstops/roadhouses.\n\n- Distilleries, breweries and wineries only to the extent they provide food for on-site consumption, takeaway or delivery. \n\n3) Critical retail, service or distribution premises \n\n- Supermarket, grocery store, butcher, fruit & veg store, fishmonger.\n\n- Retail bakery; bulk food shop; health-food shop.\n\n- Permanent indoor/outdoor markets to the extent they sell groceries/meat/fruit/veg/fish/fresh or prepared food.\n\n- Bank/credit union/building society shopfront.\n\n- Retail hardware store.\n\n- Food distribution centres (excluding manufacturers).\n\n- Petrol stations (including those that sell groceries/food).\n\n- Veterinary clinics/hospitals.\n\n- Funeral, burial, cremation premises (including funeral parlours, crematoria). \n\n4) Plus: any other premises or class of premises specified in writing by the Chief Health Officer under the Directions."		WAEOTHT400	https://www.wa.gov.au/government/announcements/mandatory-covid-19-vaccination-policy-wa-workforces
33	WA	Critical Government Regulator (Restrictions on Access) Directions	Employment	Critical government regulator		2021-12-15	2022-01-01	2022-06-10			48	177	First dose by 1/1/22\nSecond dose by 1/2/22	Unvaccinated individuals may enter a critical government regulator site to:\n(a) perform a law enforcement function;\n(b) fulfill a statutory duty under Commonwealth law;\n(c) exercise rights under a Fair Work or Work Health and Safety entry permit; or\n(d) respond to an emergency when no vaccinated person is available.	Critical Government Regulator\n(Restrictions on Access) Directions	It is an offence for a person to fail, without reasonable excuse, to comply with any of these directions, punishable by a fine of up to $20,000 for individuals and $100,000 for bodies corporate.	Public Health Order									WAEOTHT500	
34	WA	Ministerial Staff Member (Restrictions on\nAccess) Directions	Employment	Ministerial staff member entering a Ministerial site		2021-12-17	2022-01-01	2022-06-10			48	175	First dose by 1/1/22\nSecond dose by 1/2/22	Unvaccinated individuals may enter a Ministerial site to:\n(a) perform a law enforcement function;\n(b) fulfill a statutory duty under Commonwealth law;\n(c) exercise rights under a Fair Work, Work Health and Safety, or Industrial Relations Act entry permit;\n(d) respond to an emergency when no vaccinated person is available; or\n(e) under any written approval from the Chief Health Officer, subject to conditions.	Ministerial Staff Member (Restrictions on\nAccess) Directions	It is an offence for a person to fail, without reasonable excuse, to comply with any of these directions, punishable by a fine of up to $20,000 for individuals and $100,000 for bodies corporate.										WAEOTHT600	
35	WA	Critical Infrastructure Worker (Restrictions on Access) Directions	Employment	Critical infrastructure workers		2021-12-17	2022-01-01	2022-06-10			48	175	First dose by 1/1/22\nSecond dose by 1/2/22	Unvaccinated individuals may enter to:\n(a) perform a law enforcement function;\n(b) fulfill a statutory duty under Commonwealth law;\n(c) exercise rights under a Fair Work, Work Health and Safety, or Industrial Relations Act entry permit;\n(d) respond to an emergency when no vaccinated person is available; or\n(e) under any written approval from the Chief Health Officer, subject to conditions.	Critical Infrastructure Worker\n(Restrictions on Access) Directions	It is an offence for a person to fail, without reasonable excuse, to comply with any of these directions, punishable by a fine of up to $20,000 for individuals and $100,000 for bodies corporate.										WAEOTHT700	
36	WA	Port Worker and Exposed Port Worker (Restrictions on Access) Directions	Employment	Port workers		2021-11-25	2022-01-01	2022-11-04	End of Public Health Emergency which removed all Public Health Directions made under the Emergency Declaration\nNot sure if the directions were lifted earlier		48	344	From 01/01/22, port workers much have one dose to embark or perform work on an unexposed vessel; or enter or remain at a port to carry out port activities or port operations\nor port services or remain upon a vehicle in order to carry only persons disembarking from\nan unexposed vessel\n\nMust have second dose by 01/02/22	Nothing in these directions prevents an unvaccinated person from boarding an exposed or unexposed vessel, dedicated conveyance, or entering a port for the purpose of:\n(a) performing a law enforcement function that requires boarding the vessel or entering the port;\n(b) fulfilling a statutory duty under Commonwealth law that requires boarding the vessel or entering the port;\n(c) exercising rights under a Fair Work or Work Health and Safety entry permit, or a permit under the Industrial Relations Act 1979 (WA); or\n(d) responding to an emergency when no vaccinated or partially vaccinated person is available.	Port Worker and Exposed Port Worker (Restrictions on Access) Directions.	It is an offence for a person to fail, without reasonable excuse, to comply with any of these\ndirections, punishable by a fine of up to $20,000 for individuals and $100,000 for bodies\ncorporate.\n	Public Health Order									WAEPOWT200	5284
37	WA	(BOOSTER) COVID-19 Mandatory Vaccination and Vaccination Program Policy Version 3	Employment	Healthcare and health support workers in hospitals and primary health care settings;		2022-01-13	2022-01-13	2022-11-04	4/11/22 End of Public Health Emergency which removed all Public Health Directions made under the Emergency Declaration			295	BOOSTER\nMust provide evidence of vaccination\nV3 - mandates Booster vaccination	defined under the Directions\nMedical exemption, or a Temporary exemption approved by the Chief Health Officer or their delegate, or as otherwise outlined in the Directions.	PRIMARY HEALTH CARE WORKER (RESTRICTIONS ON ACCESS) DIRECTIONS		Public Health Order	WA Government Annoucement\nNews articles\nRelease of guidelines	All West Australians aged 12 years and over were eligible to be vaccinated by 13/09/21\n8/6/21 for people aged 30-49 (pfizer), 50 and over (Astrazeneca) and fpr 16 and over Indigenous and Torres Strait Islander people\n16/8/21 for people aged 16-29\nSee the 'Aus Vaccine Availability' sheet for more information	All West Australians aged 12 years and over were able to be vaccinated by 13/09/21\n10/6/21 for people aged 30-49 (pfizer), 50 and over (Astrazeneca) and fpr 16 and over Indigenous and Torres Strait Islander people\n16/8/21 for people aged 16-29\nSee the 'Aus Vaccine Availability' sheet for more information	ATAGI recommends that a person receive their\nbooster vaccination being:\n(a) from the 24 December 2021 until 3 January 2022, a date which is 5 months from\nthe date the person became fully vaccinated;\n(b) from 4 January 2022 until 30 January 2022, a date which is 4 months from the\ndate the person became fully vaccinated;\n( c) from 31 January 2022, a date which is 3 months from the date the person became\nfully vaccinated				Department of Health\nPolicy Framework	WAEHCWT0V3	1237
38	WA	(BOOSTER) COVID-19 Mandatory Vaccination and Vaccination Program Policy Version 3	Employment	Healthcare and health support \nworkers in residential aged care; and\nWorkers in residential disability settings.		2022-01-13	2022-01-13	2022-11-04	4/11/22 End of Public Health Emergency which removed all Public Health Directions made under the Emergency Declaration			295	BOOSTER\nMust provide evidence of vaccination\nV3 - mandates Booster vaccination	defined under the Directions\nMedical exemption, or a Temporary exemption approved by the Chief Health Officer or their delegate, or as otherwise outlined in the Directions.	RESIDENTIAL AGED CARE FACILITY WORKER ACCESS DIRECTIONS		Public Health Order	WA Government Annoucement\nNews articles	All West Australians aged 12 years and over were eligible to be vaccinated by 13/09/21\n8/6/21 for people aged 30-49 (pfizer), 50 and over (Astrazeneca) and fpr 16 and over Indigenous and Torres Strait Islander people\n16/8/21 for people aged 16-29\nSee the 'Aus Vaccine Availability' sheet for more information	All West Australians aged 12 years and over were able to be vaccinated by 13/09/21\n10/6/21 for people aged 30-49 (pfizer), 50 and over (Astrazeneca) and fpr 16 and over Indigenous and Torres Strait Islander people\n16/8/21 for people aged 16-29\nSee the 'Aus Vaccine Availability' sheet for more information	ATAGI recommends that a person receive their\nbooster vaccination being:\n(a) from the 24 December 2021 until 3 January 2022, a date which is 5 months from\nthe date the person became fully vaccinated;\n(b) from 4 January 2022 until 30 January 2022, a date which is 4 months from the\ndate the person became fully vaccinated;\n( c) from 31 January 2022, a date which is 3 months from the date the person became\nfully vaccinated				Department of Health\nPolicy Framework	WAERAC00V3	1237
39	WA	WA's Safe Transition Plan 1	Employment	Employees working at venues and events state-wide:\nAll hospitality venues, food and licensed venues including restaurants, dine-in fast food, cafés, bars, pubs, clubs, taverns, licensed commercial boats:\nexcluding food and non-alcoholic beverage takeaway; food courts; roadhouses, and petrol stations\nNight clubs\nBottle shops (including drive through bottle shops)\nIndoor entertainment venues (including play centres, gaming and gambling, theatres, concert halls, cinemas, live music venues, including Perth Convention Centre) and the following specified cultural venues:\nArt Gallery of WA\nGoldfields Arts Centre\nPerth Institute of Contemporary Arts\nWA Museum Boola Bardip\nWA Maritime Museum\nShipwrecks Museum (Fremantle)\nMuseum of the Great Southern\nMuseum of the Goldfields\nMuseum of Geraldton\nGwoonwardu Mia (Carnarvon)\nCrown Perth Complex\nMajor stadiums\nMusic festivals and indoor large events with more than 500 people, unless exempt.\nGyms, fitness studios and centres\nZoos and amusement parks\nVisitors to residential aged care and hospitals	2021-10-20		2022-01-31	2022-11-04	Implied as Plan 2 was announced			380	First dose by 31/1/22\nSecond dose by 28/2/22	Community sport and school-based events, unless at one of the specific venues listed			Public Health Order	State government statement on 19/10/21\nInfographics from Services WA and wa.gov\nPosts by McGowan on Twitter and Facebook	All West Australians aged 12 years and over were eligible to be vaccinated by 13/09/21\n8/6/21 for people aged 30-49 (pfizer), 50 and over (Astrazeneca) and fpr 16 and over Indigenous and Torres Strait Islander people\n16/8/21 for people aged 16-29\nSee the 'Aus Vaccine Availability' sheet for more information	All West Australians aged 12 years and over were able to be vaccinated by 13/09/21\n10/6/21 for people aged 30-49 (pfizer), 50 and over (Astrazeneca) and fpr 16 and over Indigenous and Torres Strait Islander people\n16/8/21 for people aged 16-29\nSee the 'Aus Vaccine Availability' sheet for more information				boarder was set to open on 5/2/22 but was extended due to omicron	WA Government Annoucement	WAEVAE00V1	
40	WA	WA's Safe Transition Plan 1	Public Space	people people aged 16 years and over going to venues and events state-wide	2022-01-13		2022-01-31	2022-11-04	Implied as Plan 2 was announced			295	proof of vaccination required for:\nAll hospitality venues, food and licensed venues including restaurants, dine-in fast food, cafés, bars, pubs, clubs, taverns, licensed commercial boats:\nexcluding food and non-alcoholic beverage takeaway; food courts; roadhouses, and petrol stations\nNight clubs\nBottle shops (including drive through bottle shops)\nIndoor entertainment venues (including play centres, gaming and gambling, theatres, concert halls, cinemas, live music venues, including Perth Convention Centre) and the following specified cultural venues:\nArt Gallery of WA\nGoldfields Arts Centre\nPerth Institute of Contemporary Arts\nWA Museum Boola Bardip\nWA Maritime Museum\nShipwrecks Museum (Fremantle)\nMuseum of the Great Southern\nMuseum of the Goldfields\nMuseum of Geraldton\nGwoonwardu Mia (Carnarvon)\nCrown Perth Complex\nMajor stadiums\nMusic festivals and indoor large events with more than 500 people, unless exempt.\nGyms, fitness studios and centres\nZoos and amusement parks\nVisitors to residential aged care and hospitals	Community sport and school-based events, unless at one of the specific venues listed			Public Health Order		All West Australians aged 12 years and over were eligible to be vaccinated by 13/09/21\n8/6/21 for people aged 30-49 (pfizer), 50 and over (Astrazeneca) and fpr 16 and over Indigenous and Torres Strait Islander people\n16/8/21 for people aged 16-29\nSee the 'Aus Vaccine Availability' sheet for more information	All West Australians aged 12 years and over were able to be vaccinated by 13/09/21\n10/6/21 for people aged 30-49 (pfizer), 50 and over (Astrazeneca) and fpr 16 and over Indigenous and Torres Strait Islander people\n16/8/21 for people aged 16-29\nSee the 'Aus Vaccine Availability' sheet for more information				developed with delta variant in mind	WA Government Annoucement	WAPVAET0V1	
41	WA	WA's Safe Transition Plan 2	Public Space	people 16 years and older	2021-12-13		2022-02-05	2022-04-29	annouced by wa.gov announcement			137	Proof of vaccination for people 16 years and older will be required at:\nvenues or events with 1,000 or more patrons;\nnightclubs;\nthe Crown complex; and\nthe four major stadia (Optus Stadium, RAC Arena, HBF Stadium and HBF Park)				Public Health Order	McGowan had a press conference addressing the updated transition plan on 20/01/21\nInfographics from Services WA and wa.gov\nPosts by McGowan on Twitter and Facebook	All West Australians aged 12 years and over were eligible to be vaccinated by 13/09/21\n8/6/21 for people aged 30-49 (pfizer), 50 and over (Astrazeneca) and fpr 16 and over Indigenous and Torres Strait Islander people\n16/8/21 for people aged 16-29\nSee the 'Aus Vaccine Availability' sheet for more information	All West Australians aged 12 years and over were able to be vaccinated by 13/09/21\n10/6/21 for people aged 30-49 (pfizer), 50 and over (Astrazeneca) and fpr 16 and over Indigenous and Torres Strait Islander people\n16/8/21 for people aged 16-29\nSee the 'Aus Vaccine Availability' sheet for more information					WA Government Annoucement	WAPVAET1V2	784
42	WA	WA's Safe Transition Plan 2	Public Space	areas that haven't reached an 80% vaccination rate by 5/2/22	2021-12-13		2022-02-05	2022-04-29	annouced by wa.gov announcement			137	proof of vaccination will be required at pubs, bars, dine-in cafés and restaurants, bottle shops, indoor entertainment venues, gyms and fitness centres;\nmasks will be required at all indoor public venues without a proof of vaccination entry requirement (such as supermarkets, roadhouses and take away services);\nonly double dose vaccinated travellers will be permitted into the region by air.				Public Health Order	McGowan had a press conference addressing the updated transition plan on 20/01/21\nInfographics from Services WA and wa.gov\nPosts by McGowan on Twitter and Facebook	All West Australians aged 12 years and over were eligible to be vaccinated by 13/09/21\n8/6/21 for people aged 30-49 (pfizer), 50 and over (Astrazeneca) and fpr 16 and over Indigenous and Torres Strait Islander people\n16/8/21 for people aged 16-29\nSee the 'Aus Vaccine Availability' sheet for more information	All West Australians aged 12 years and over were able to be vaccinated by 13/09/21\n10/6/21 for people aged 30-49 (pfizer), 50 and over (Astrazeneca) and fpr 16 and over Indigenous and Torres Strait Islander people\n16/8/21 for people aged 16-29\nSee the 'Aus Vaccine Availability' sheet for more information					WA Government Annoucement	WAPVAET2V2	784
43	WA	(Booster) 2022-2-5	Employment	Western Australia workers who come under an existing vaccine mandate:\nhotel quarantine staff, healthcare and health support workers, mission critical police staff , port workers, freight and logistics workers, resources workers and primary and community health workers.	2021-12-22		2022-02-05	2022-06-10				170	BOOSTER Required to have a third dose within one month of eligibility	(a) performing a law enforcement function that cannot reasonably be performed\nother than by entering the site; or\n(b) performing a statutory duty arising under a law of the Commonwealth that\ncannot reasonably be performed other than by entering the site; or\n(c) performing any function or duty or exercising any right or power under a Fair\nWork entry permit issued by the Fair Work Commission under the Fair Work\nAct 2009 (Cth) or a Work Health and Safety entry permit issued by the Fair\nWork Commission under the Work Health and Safety Act 2011 (Cth) or a right\nof entry permit issued by the Registrar of the Department of the Registrar,\nWestem Australian Industrial Relations Commission under the Industrial\nRelations Act 1979 (WA); or\n(d) responding to an emergency where the emergency response is required to be\nprovided immediately and there is no available alternative to the response being\nprovided by the vaccination directed person.			Public Health Order		All West Australians aged 12 years and over were eligible to be vaccinated by 13/09/21\n8/6/21 for people aged 30-49 (pfizer), 50 and over (Astrazeneca) and fpr 16 and over Indigenous and Torres Strait Islander people\n16/8/21 for people aged 16-29\nSee the 'Aus Vaccine Availability' sheet for more information	All West Australians aged 12 years and over were able to be vaccinated by 13/09/21\n10/6/21 for people aged 30-49 (pfizer), 50 and over (Astrazeneca) and fpr 16 and over Indigenous and Torres Strait Islander people\n16/8/21 for people aged 16-29\nSee the 'Aus Vaccine Availability' sheet for more information					WA Government Annoucement	WAEALLT200	4502\n806
44	WA	WA's Safe Transition Plan 2	Public Space,Travel	Interstate arrivals/travellers	2022-01-20		2022-02-05	2022-11-04	Implied as Plan 3 was announced			288	Hard border\nTravellers must have an approved G2G Pass, under the new exemption criteria;\nBe triple dose vaccinated, if eligible (or double dose vaccinated if not eligible for a third dose);\nProvide proof of a negative Rapid Antigen Test (RAT) within 24 hours before departure;\nUndertake 14 days of self-quarantine at a suitable premises, with the same requirements for household members at the self-quarantine premises; \nPCR testing within 48 hours of arrival and on day 12 of self-quarantine, and household members will also be required to do a PCR test on the traveller’s day 12;\nSubject to mandatory use of the G2G Now app and in-person checks by WA Police as required.\nAdditional requirements are in place for domestic road travel to keep WA safe:\nApproved domestic travellers to limit travel to 1,500km from road borders, to enable people to travel by road to suitable premises for quarantine in Perth from Eucla;\nEntry at the Kununurra border only permitted for transport, freight and logistics and border community residents;\nRestricted travel into remote Aboriginal communities.	Returning Western Australians, with strong recent connections;\nPersons with direct legitimate family connections with WA;\nCompassionate grounds including funeral, palliative care or terminally ill visitation;\nMember of the family of an approved traveller;\nPeople entering for urgent and essential medical treatment;\nReasons of national and state security;\nCommonwealth and State officials, Members of Parliament, Diplomats;\nProvision of specialist skills not available in WA, health services, emergency service workers;\nPeople required to attend court matters, judicial officers and staff of court, tribunals and commissions; and\nSpecial considerations and extraordinary circumstances determined by the State Emergency Coordinator or Chief Health Officer.			Public Health Order	McGowan had a press conference addressing the transition plan on 20/01/21\nInfographics from Services WA and wa.gov\nPosts by McGowan on Twitter and Facebook	All West Australians aged 12 years and over were eligible to be vaccinated by 13/09/21\n8/6/21 for people aged 30-49 (pfizer), 50 and over (Astrazeneca) and fpr 16 and over Indigenous and Torres Strait Islander people\n16/8/21 for people aged 16-29\nSee the 'Aus Vaccine Availability' sheet for more information	All West Australians aged 12 years and over were able to be vaccinated by 13/09/21\n10/6/21 for people aged 30-49 (pfizer), 50 and over (Astrazeneca) and fpr 16 and over Indigenous and Torres Strait Islander people\n16/8/21 for people aged 16-29\nSee the 'Aus Vaccine Availability' sheet for more information				Hard border from 5/2/22 to 3/3/22 (extended due to omicron)	WA Government Annoucement	WAPISTT0V2	784
45	WA	WA's Safe Transition Plan 2	Public Space,Travel	International arrivals/travellers	2022-01-20		2022-02-05	2022-03-03	Implied as Plan 3 was announced			42	Hard border\nNo vaccine requirement\nMeet the Commonwealth requirements to enter Australia under the arrivals cap;\nTravellers must have an approved G2G Pass;\nUndertake 14 days of mandatory quarantine including, seven days in hotel quarantine and seven days of self-quarantine at suitable premises, if eligible;\nPCR testing on days one, six, nine and 12, and household members will also be required to do a PCR test on the traveller’s day 12;\nSubject to mandatory use of G2G Now and in-person checks by WA Police as required;\nInternational travel indirectly into WA via another state or territory will be subject to the same entry and quarantine requirements as domestic travellers.	Returning Western Australians, with strong recent connections;\nPersons with direct legitimate family connections with WA;\nCompassionate grounds including funeral, palliative care or terminally ill visitation;\nMember of the family of an approved traveller;\nPeople entering for urgent and essential medical treatment;\nReasons of national and state security;\nCommonwealth and State officials, Members of Parliament, Diplomats;\nProvision of specialist skills not available in WA, health services, emergency service workers;\nPeople required to attend court matters, judicial officers and staff of court, tribunals and commissions; and\nSpecial considerations and extraordinary circumstances determined by the State Emergency Coordinator or Chief Health Officer.			Public Health Order	McGowan had a press conference addressing the updated transition plan on 20/01/21\nInfographics from Services WA and wa.gov\nPosts by McGowan on Twitter and Facebook	All West Australians aged 12 years and over were eligible to be vaccinated by 13/09/21\n8/6/21 for people aged 30-49 (pfizer), 50 and over (Astrazeneca) and fpr 16 and over Indigenous and Torres Strait Islander people\n16/8/21 for people aged 16-29\nSee the 'Aus Vaccine Availability' sheet for more information	All West Australians aged 12 years and over were able to be vaccinated by 13/09/21\n10/6/21 for people aged 30-49 (pfizer), 50 and over (Astrazeneca) and fpr 16 and over Indigenous and Torres Strait Islander people\n16/8/21 for people aged 16-29\nSee the 'Aus Vaccine Availability' sheet for more information				Hard border from 5/2/22 to 3/3/22 (extended due to omicron)	WA Government Annoucement	WAPINT00V2	784
46	WA	(Booster) 2022-2-5	Employment,Public Space	all persons aged 18 and above requiring entry to correctional facilities	2022-02-01		2022-02-05	2022-06-10				129	BOOSTER\nNeed proof of booster vaccination, if eligible\n	Medical, temporary exemption, adetainee a prisoner, under the age of 12 years, any other person or class of persons who the Chief Health Officer, or a person\nauthorised by the CHO declares in\nwriting to be an exempt person or someone entering any part of the correctional facility for the purpose of performing a law enforcement duty that can't be done elsewhere, completing a legal obligation mandated by federal law, having a valid permit to enter the facility for work-related purposes (federal or state), responding to an emergency where a vaccinated person isn't available.	WA Correctional Facility Entrant Directions		WA Department of Justice		All West Australians aged 12 years and over were eligible to be vaccinated by 13/09/21\n8/6/21 for people aged 30-49 (pfizer), 50 and over (Astrazeneca) and fpr 16 and over Indigenous and Torres Strait Islander people\n16/8/21 for people aged 16-29\nSee the 'Aus Vaccine Availability' sheet for more information	All West Australians aged 12 years and over were able to be vaccinated by 13/09/21\n10/6/21 for people aged 30-49 (pfizer), 50 and over (Astrazeneca) and fpr 16 and over Indigenous and Torres Strait Islander people\n16/8/21 for people aged 16-29\nSee the 'Aus Vaccine Availability' sheet for more information	ATAGI recommends that a person receive their\nbooster vaccination being:\n(a) from the 24 December 2021 until 3 January 2022, a date which is 5 months from\nthe date the person became fully vaccinated;\n(b) from 4 January 2022 until 30 January 2022, a date which is 4 months from the\ndate the person became fully vaccinated;\n( c) from 31 January 2022, a date which is 3 months from the date the person became\nfully vaccinated				WA Government Annoucement	WABCRF00V2	
47	WA	Court and Tribunal Worker (Restrictions on Access) Directions	Employment	Court and Tribunal Workers		2022-01-31	2022-02-05	2022-06-10				130	First dose by 5/2/22\nSecond dose by 5/3/22	Unvaccinated individuals may enter to:\n(a) perform a law enforcement function;\n(b) fulfill a statutory duty under Commonwealth law;\n(c) exercise rights under a Fair Work, Work Health and Safety, or Industrial Relations Act entry permit;\n(d) respond to an emergency when no vaccinated person is available; or\n(e) under any written approval from the Chief Health Officer, subject to conditions.	Court and Tribunal Worker (Restrictions\non Access) Directions	It is an offence for a person to fail, without reasonable excuse, to comply with any of these directions, punishable by a fine of up to $20,000 for individuals and $100,000 for bodies corporate.											
48	WA	(Booster) Vaccination (Restrictions on Access) Directions	Employment	Air Services and Border Worker\nBuilding and Construction Industry Worker\nCommunity Care Services Worker\nCritical Businesses Worker\nCritical Government Regulator\nCritical Infrastructure Worker\nEducation Worker\nFire and Emergency Services Worker\nHealth Worker\nMeat Industry Worker\nMinisterial Staff Member\nPort Worker and Exposed Port Worker\nPrimary Health Care Worker\nPublic and Commercial Transport Workers\nRemote Aboriginal Community Worker\nResidential Aged Care Facility Worker\nResources Industry Worker\nWA Correctional Facility Entrant\nWA Police Force Worker\nWA Police Mission Critical Areas Worker			2022-02-05	2022-06-10				125	BOOSTER\nthe person is to be administered the booster vaccination within one calendar month of the date the person first became eligible, or by 5 February 2022, whichever is the latter.\nMust provide evidence of vaccination	Unvaccinated individuals may enter to:\n(a) perform a law enforcement function;\n(b) fulfill a statutory duty under Commonwealth law;\n(c) exercise rights under a Fair Work, Work Health and Safety, or Industrial Relations Act entry permit;\n(d) respond to an emergency when no vaccinated person is available; or\n(e) under any written approval from the Chief Health Officer, subject to conditions.	Booster Vaccination (Restrictions on\nAccess) Directions						ATAGI recommends that a person receive their\nbooster vaccination being:\n(a) from the 24 December 2021 until 3 January 2022, a date which is 5 months from\nthe date the person became fully vaccinated;\n(b) from 4 January 2022 until 30 January 2022, a date which is 4 months from the\ndate the person became fully vaccinated;\n( c) from 31 January 2022, a date which is 3 months from the date the person became\nfully vaccinated						
49	WA	Parliamentary Employee (Restrictions on Access) Directions	Employment	Parlimentary employees		2022-01-31	2022-02-21	2022-06-10				130	First dose by 21/2/22\nSecond dose by 21/3/22	Unvaccinated individuals may enter to:\n(a) perform a law enforcement function;\n(b) fulfill a statutory duty under Commonwealth law;\n(c) exercise rights under a Fair Work, Work Health and Safety, or Industrial Relations Act entry permit;\n(d) respond to an emergency when no vaccinated person is available; or\n(e) under any written approval from the Chief Health Officer, subject to conditions.	Parliamentary Employee (Restrictions on\nAccess) Directions	It is an offence for a person to fail, without reasonable excuse, to comply with any of these directions, punishable by a fine of up to $20,000 for individuals and $100,000 for bodies corporate.											
50	WA	WA's Safe Transition Plan 3	Public Space,Travel	Interstate arrivals/travellers	2022-02-18		2022-03-03	2022-04-29	annouced by wa.gov announcement			70	Have a registered G2G Pass\nBe triple dose vaccinated, if eligible\nUndertake a Rapid Antigen Test upon arrival within 12 hours and report any positive result.				Public Health Order	wa.gov announcements before and on the date of enforcement	All West Australians aged 12 years and over were eligible to be vaccinated by 13/09/21\n8/6/21 for people aged 30-49 (pfizer), 50 and over (Astrazeneca) and fpr 16 and over Indigenous and Torres Strait Islander people\n16/8/21 for people aged 16-29\nSee the 'Aus Vaccine Availability' sheet for more information	All West Australians aged 12 years and over were able to be vaccinated by 13/09/21\n10/6/21 for people aged 30-49 (pfizer), 50 and over (Astrazeneca) and fpr 16 and over Indigenous and Torres Strait Islander people\n16/8/21 for people aged 16-29\nSee the 'Aus Vaccine Availability' sheet for more information					WA Government Annoucement	WAPISTT0V3	1044
51	WA	WA's Safe Transition Plan 3	Public Space,Travel	International arrivals/travellers	2022-02-18		2022-03-03	2022-07-06				138	Meet Commonwealth Government requirements (external link) to enter Australia\nBe fully vaccinated under the Commonwealth Government requirements, if eligible\nHave a registered G2G Pass\nUndertake a Rapid Antigen Test upon arrival within 12 hours and report any positive result\nUnvaccinated returning Australians will be required to complete hotel quarantine until 1/6/22			From 1/6/22 - Returning unvaccinated Australians and permanent residents will no longer be quarantined for seven days on return to WA.\nUnvaccinated non-Australians are not permitted to enter Australia under Commonwealth orders.	Public Health Order	wa.gov announcements before and on the date of enforcement	All West Australians aged 12 years and over were eligible to be vaccinated by 13/09/21\n8/6/21 for people aged 30-49 (pfizer), 50 and over (Astrazeneca) and fpr 16 and over Indigenous and Torres Strait Islander people\n16/8/21 for people aged 16-29\nSee the 'Aus Vaccine Availability' sheet for more information	All West Australians aged 12 years and over were able to be vaccinated by 13/09/21\n10/6/21 for people aged 30-49 (pfizer), 50 and over (Astrazeneca) and fpr 16 and over Indigenous and Torres Strait Islander people\n16/8/21 for people aged 16-29\nSee the 'Aus Vaccine Availability' sheet for more information					WA Government Annoucement	WAPINT00V3	4535\n1044
52	WA	(Booster) for Mandatory Vaccination Policy Phased Approach Group 1	Employment	Transport, freight and logistics			2022-03-09	2022-06-10				93	proof of booster vaccination	Same as COVID Transition (Border Requirements) Directions	TRANSPORT, FREIGHT AND LOGISTICS DIRECTIONS (NO 14)		Public Health Order		All West Australians aged 12 years and over were eligible to be vaccinated by 13/09/21\n8/6/21 for people aged 30-49 (pfizer), 50 and over (Astrazeneca) and fpr 16 and over Indigenous and Torres Strait Islander people\n16/8/21 for people aged 16-29\nSee the 'Aus Vaccine Availability' sheet for more information	All West Australians aged 12 years and over were able to be vaccinated by 13/09/21\n10/6/21 for people aged 30-49 (pfizer), 50 and over (Astrazeneca) and fpr 16 and over Indigenous and Torres Strait Islander people\n16/8/21 for people aged 16-29\nSee the 'Aus Vaccine Availability' sheet for more information	ATAGI recommends that a person receive their\nbooster vaccination being:\n(a) from the 24 December 2021 until 3 January 2022, a date which is 5 months from\nthe date the person became fully vaccinated;\n(b) from 4 January 2022 until 30 January 2022, a date which is 4 months from the\ndate the person became fully vaccinated;\n( c) from 31 January 2022, a date which is 3 months from the date the person became\nfully vaccinated				WA Government Annoucement	WAETFLT0V2	4540
53	WA	NEED UPDATE!!!	Public Space	Parents and carers can visit boarding schools and other residential facilities	2022-03-29		2022-04-26	2022-06-10				73	proof of vaccination (if required), mask wearing and physical distancing from Term 2 2022				Public Health Order		All West Australians aged 12 years and over were eligible to be vaccinated by 13/09/21\n8/6/21 for people aged 30-49 (pfizer), 50 and over (Astrazeneca) and fpr 16 and over Indigenous and Torres Strait Islander people\n16/8/21 for people aged 16-29\nSee the 'Aus Vaccine Availability' sheet for more information	All West Australians aged 12 years and over were able to be vaccinated by 13/09/21\n10/6/21 for people aged 30-49 (pfizer), 50 and over (Astrazeneca) and fpr 16 and over Indigenous and Torres Strait Islander people\n16/8/21 for people aged 16-29\nSee the 'Aus Vaccine Availability' sheet for more information					WA Government Annoucement	WAPRSF00V1	4539
54	WA	NEED UPDATE!!!	Public Space	travel restrictions to remote Aboriginal communities			2022-06-10	2022-06-15	Announcement			5					Public Health Order		All West Australians aged 12 years and over were eligible to be vaccinated by 13/09/21\n8/6/21 for people aged 30-49 (pfizer), 50 and over (Astrazeneca) and fpr 16 and over Indigenous and Torres Strait Islander people\n16/8/21 for people aged 16-29\nSee the 'Aus Vaccine Availability' sheet for more information	All West Australians aged 12 years and over were able to be vaccinated by 13/09/21\n10/6/21 for people aged 30-49 (pfizer), 50 and over (Astrazeneca) and fpr 16 and over Indigenous and Torres Strait Islander people\n16/8/21 for people aged 16-29\nSee the 'Aus Vaccine Availability' sheet for more information					WA Government Annoucement	WAPRCT0000	800
55	NSW	Public Health (COVID-19 Additional Restrictions for Delta Outbreak) Order 2021	Public Space	Construction sites		2021-08-10	2021-08-11	2021-10-11	Repealed by the Public Health (COVID-19 General) Order 2021	27/09/21: the rule limiting construction sites to 50 per cent capacity if they have any unvaccinated workers was removed. However, workers from the 12 Sydney local government areas (LGAs) of concern will still only be allowed to leave their area for work if they are vaccinated.		62	a person whose place of residence is in a declared area must not enter or remain on a construction site in Greater Sydney unless the resident—\n(a) has had 2 doses of a COVID-19 vaccine, or\n(b) has had 1 dose of a COVID-19 vaccine at least 21 days ago, or\n(c) has had 1 dose of a COVID-19 vaccine within the preceding 21 days and has been tested for COVID-19 within the preceding 72 hours, or\n(d) has a certified medical contraindication and has been tested for COVID-19 within the preceding 72 hours.\nA person must carry the required evidence, and produce the required evidence for inspection if requested.	has a certified medical contraindication\nThe mandate does not apply to a person who enters or remains on a construction site because of an emergency, a police officer or an authorised officer.	Public Health (COVID-19 Additional Restrictions for Delta Outbreak) Amendment (No 23) Order 2021	Section 10 of the Public Health Act 2010 creates an offence if an individual fails to comply with a direction with a maximum penalty of imprisonment for 6 months or a fine of up to $11,000 (or both) plus a further $5,500 fine each day the offence continues. Corporations that fail to comply with a direction are liable to a fine of $55,000 and $27,500 each day the offence continues. The Public Health Regulation 2012 also enables authorised officers to issue penalty notices for offences against clause 6 by individuals for an amount of $4,000 and $1,000 in other cases.	Minister for Health and Medical Research	NSW Government Gazette: the official notification of the making of statutory instruments							Public Health Order	NSWEBCW0000	
56	NSW	Public Health (COVID-19 Additional Restrictions for Delta Outbreak) Order (No.2) 2021	Employment	Working from home\n(Bayside, Blacktown, Burwood, Campbelltown, Canterbury-Bankstown, Cumberland, Fairfield, Georges River, Liverpool, Parramatta, Strathfield and the following suburbs in Penrith: Caddens, Claremont Meadows, Colyton, Erskine Park, Kemps Creek, Kingswood, Mount Vernon, North St Marys, Orchard Hills, Oxley Park, St Clair and St Marys or travel more than 50km outside of the Greater Sydney area)	2021-08-31	2021-08-21	2021-09-06	2021-10-11	Repealed by the Public Health (COVID-19 General) Order 2021	05/09/21 added that an authorised worker is taken to comply if the authorised worker has an appointment to receive a COVID-19 vaccine on or before 19 September 2021.\nAmendments mainly include additions and removals of the stay at home areas.\nTitled Public Health (COVID-19 Additional Restrictions for Delta Outbreak) Order (31/07/21-11/10/21)\n03/10/21 Public Health (COVID-19 General) Order 2021 repealed previous order and added date for the second dose		41	"an authorised worker who is at least 16 years of age must not leave the area of concern for work unless the worker—\n(a) has had at least 1 dose of a COVID-19 vaccine by 06/09/21, \n\nThey must (a) carry the required evidence, and\n(b) produce the required evidence for inspection if requested\n05/09/21 added: an authorised worker is taken to comply if the authorised worker has an appointment to receive a COVID-19 vaccine on or before 19 September 2021\n\nSecond dose by 18/10/21\nadded on 03/10/21 ""Employer must allow an employee who is fully vaccinated to work at home if it is reasonably praticable to do so and; \nallow employees who reside outside Greater Sydney and has had only 1 dose of a COVID-19 vaccine to work at home (repealed 01/11/21)\nA non fully vaccinated person must work from home unless it is not reasonably practicable"""	has been issued with a medical contraindication certificate.\nSee Order for full exemption areas under Schedule 2\nAdded on 11/10/21: for not fully vaccinated people, the compliance requirements don't apply if the person resides outside Greater Sydney, and the person has had only 1 dose of a COVID-19 vaccine. (repealed 01/11/21)\na person entering the premises in response to an emergency\n(b) a person entering premises in a vehicle if the person does not exit the vehicle while on the premises\n(c) a person entering the premises if the person is under 18 years of age and it is not possible to register the person’s details under clause 5.3 of this Order\n(d) a person exercising law enforcement, intelligence or national security functions on behalf of a government agency of New South Wales or the Commonwealth\n(e) a person entering any health or medical facility, other than a pharmacy, as a patient	Public Health (COVID-19 Additional Restrictions for Delta Outbreak) Order (No.2) 2021\nPublic Health (COVID-19 Additional Restrictions for Delta Outbreak) Order (No 2) Amendment (No 6) Order 2021\nPublic Health (COVID-19 General) Order	Section 10 of the Public Health Act 2010 creates an offence if an individual fails to comply with a direction with a maximum penalty of imprisonment for 6 months or a fine of up to $11,000 (or both) plus a further $5,500 fine each day the offence continues. Corporations that fail to comply with a direction are liable to a fine of $55,000 and $27,500 each day the offence continues. The Public Health Regulation 2012 also enables authorised officers to issue penalty notices for offences against clause 6 by individuals for an amount of $4,000 and $1,000 in other cases.		NSW Government Gazette: the official notification of the making of statutory instruments						Presumably WFH is an opt out only for some - how was this considered / managed?	Public Health Order	NSWEALL0000	
57	NSW	Public Health (COVID-19 Additional Restrictions for Delta Outbreak) Order (No.2) 2021	Employment	early education and care and disability support	2021-08-27	2021-08-21	2021-09-06	2021-10-11	Repealed by the Public Health (COVID-19 General) Order 2021	05/09/21 added that an authorised worker is taken to comply if the authorised worker has an appointment to receive a COVID-19 vaccine on or before 19 September 2021.\nAmendments mainly include additions and removals of the stay at home areas.		45	A relevant care worker who is at least 16 years of age must not enter or remain in the worker’s place of work unless the worker has had at least 1 dose of a COVID-19 vaccine\nThe relevant care worker must, when entering the worker’s place of work carry the required evidence, and\nproduce the required evidence for inspection if requested\n05/09/21 added: an authorised worker is taken to comply if the authorised worker has an appointment to receive a COVID-19 vaccine on or before 19 September 2021	has been issued with a medical contraindication certificate.\nSee Order for full exemption areas under Schedule 2	Public Health (COVID-19 Additional Restrictions for Delta Outbreak) Order (No.2) 2021\nPublic Health (COVID-19 Additional Restrictions for Delta Outbreak) Order (No 2) Amendment (No 6) Order 2021	Section 10 of the Public Health Act 2010 creates an offence if an individual fails to comply with a direction with a maximum penalty of imprisonment for 6 months or a fine of up to $11,000 (or both) plus a further $5,500 fine each day the offence continues. Corporations that fail to comply with a direction are liable to a fine of $55,000 and $27,500 each day the offence continues. The Public Health Regulation 2012 also enables authorised officers to issue penalty notices for offences against clause 6 by individuals for an amount of $4,000 and $1,000 in other cases.										NSWEEDU00V1	
58	NSW	Public Health (COVID-19 Additional Restrictions for Delta Outbreak) Order	Public Space	Outdoor recreation during delta outbreak	2021-09-09	2021-09-10	2021-09-11	2021-12-15	Clause not included in the next version of the order (Public Health (COVID-19 General) Order (No 2) 2021)	Amendments mainly include additions and removals of the stay at home areas.		97	A person may leave the person’s place of residence for outdoor recreation no further than 5 kilometres from the place of residence if the person—\n(a) is a fully vaccinated person or is under 16 years of age, and\n(b) undertakes the outdoor recreation only with persons who, if at least 16 years of age, are fully vaccinated persons.\nand they must provide evidence of vaccination as well as evidence showing the person’s name and place of residence		Public Health (COVID-19 Additional Restrictions for Delta Outbreak) Order (No 2) Amendment (No 7) Order 2021	Section 10 of the Public Health Act 2010 creates an offence if an individual fails to comply with a direction with a maximum penalty of imprisonment for 6 months or a fine of up to $11,000 (or both) plus a further $5,500 fine each day the offence continues. Corporations that fail to comply with a direction are liable to a fine of $55,000 and $27,500 each day the offence continues. The Public Health Regulation 2012 also enables authorised officers to issue penalty notices for offences against clause 6 by individuals for an amount of $4,000 and $1,000 in other cases.		NSW Government Gazette: the official notification of the making of statutory instruments								NSWPORGT100	
59	NSW	Public Health (COVID-19 Additional Restrictions for Delta Outbreak) Order (No.2) 2021	Public Space	maximum outdoor public gatherings	2021-09-09	2021-09-10	2021-09-13	2021-12-15	Clause not included in the next version of the order (Public Health (COVID-19 General) Order (No 2) 2021)	Formerly titled Public Health (COVID-19 Gathering Restrictions) Order (16/03/20-29/08/21), then titled Public Health (COVID-19 Temporary Movement and Gathering Restrictions) Order (26/06/21-11/10/21), then titled Public Health (COVID-19 Additional Restrictions for Delta Outbreak) Order (31/07/21-11/10/21)\n15/12/21 - General Order 1 2021 (12 amendments) ended\n11/03/22 - general order 2 2021 (9 amendments) ended\n08/06/22 - general order 1 2022 (1 amendment) repealed by order no. 2 2022 which removes vaccination requirements for large indoor music festivals. No more vaccination mandates after this order		97	A person must not participate in an outdoor public gathering in a stay at home area of more than—\n(a) if all persons participating in the gathering who are at least 16 years of age are fully vaccinated (2 doses) —5 persons, not including persons who are 12 years of age and under, or\n(b) otherwise—2 persons.	This clause does not apply to the following—\n(a) a person who is carrying out work,\n(b) a gathering to carry out work,\n(c) a gathering referred to in Schedule 3 or a gathering at the following that is part of its normal operation—\n(i) an office building, (ii) a factory,\n(iii) a warehouse,\n(iv) a construction site,\n(d) a gathering on premises for which the occupier of the premises is directed to develop a COVID-19 Safety Plan,\n(e) a gathering because of an emergency,\n(f) a gathering of persons from the same household,\n(g) a gathering for a significant event,\n(h) a person who is voting at, or participating in the conduct of, an election.	Public Health (COVID-19 Additional Restrictions for Delta Outbreak) Order (No 2) Amendment (No 7) Order 2021\nPublic Health (COVID-19 General) Order\nPublic Health (COVID-19 General) Amendment Order (No 8) 2021	Section 10 of the Public Health Act 2010 creates an offence if an individual fails to comply with a direction with a maximum penalty of imprisonment for 6 months or a fine of up to $11,000 (or both) plus a further $5,500 fine each day the offence continues. Corporations that fail to comply with a direction are liable to a fine of $55,000 and $27,500 each day the offence continues. The Public Health Regulation 2012 also enables authorised officers to issue penalty notices for offences against clause 6 by individuals for an amount of $4,000 and $1,000 in other cases.		NSW Government Gazette: the official notification of the making of statutory instruments							Public Health Order	NSWPORGT200	
60	NSW	Public Health (COVID-19 General) Order NSW Roadmap to Freedom	Public Space	visitors of places of residence	2021-09-09	2021-10-03	2021-10-11	2021-12-15	Clause not included in the next version of the order (Public Health (COVID-19 General) Order (No 2) 2021)	Formerly titled Public Health (COVID-19 Gathering Restrictions) Order (16/03/20-29/08/21), then titled Public Health (COVID-19 Temporary Movement and Gathering Restrictions) Order (26/06/21-11/10/21), then titled Public Health (COVID-19 Additional Restrictions for Delta Outbreak) Order (31/07/21-11/10/21)\n15/12/21 - General Order 1 2021 (12 amendments) ended\n11/03/22 - general order 2 2021 (9 amendments) ended\n08/06/22 - general order 1 2022 (1 amendment) repealed by order no. 2 2022 which removes vaccination requirements for large indoor music festivals. No more vaccination mandates after this order		97	If residents of a household in the general area are vaccinated, they must not allow visitors who are unvaccinated adults (b) more than 10 visitors to be at the place of residence at any 1 time.\n\nIf residents of a household in the general area are unvaccinated, they must not allow visitors.\n\nVistors must not be at a place of residence if they are unvaccinated or the household has unvaccinated adults or another visitor at the place is an unvaccinated adult	Nominated social bubble for 18 years or under\nUp to 3 persons may form a nominated social bubble if each member of the bubble— is 18 years of age or under, and\nlives in the same local government area or within 5 kilometres of each other member of the bubble, and lives in a household where each person who is at least 18 years of age is a fully vaccinated person, and is not a member of another nominated social bubble.\na person entering the premises in response to an emergency\n(b) a person entering premises in a vehicle if the person does not exit the vehicle while on the premises\n(c) a person entering the premises if the person is under 18 years of age and it is not possible to register the person’s details under clause 5.3 of this Order\n(d) a person exercising law enforcement, intelligence or national security functions on behalf of a government agency of New South Wales or the Commonwealth\n(e) a person entering any health or medical facility, other than a pharmacy, as a patient	Public Health (COVID-19 General) Order	Section 10 of the Public Health Act 2010 creates an offence if an individual fails to comply with a direction with a maximum penalty of imprisonment for 6 months or a fine of up to $11,000 (or both) plus a further $5,500 fine each day the offence continues. Corporations that fail to comply with a direction are liable to a fine of $55,000 and $27,500 each day the offence continues. The Public Health Regulation 2012 also enables authorised officers to issue penalty notices for offences against clause 6 by individuals for an amount of $4,000 and $1,000 in other cases.	Minister for Health and Medical Research	NSW Government Gazette: the official notification of the making of statutory instruments						general area: area of the State excluding all stay at home areas.	Public Health Order	NSWPPORT100	
61	NSW	Public Health (COVID-19 General) Order NSW Roadmap to Freedom	Public Space	holiday homes or short-term rentals	2021-09-09	2021-10-03	2021-10-11	2021-12-15	Clause not included in the next version of the order (Public Health (COVID-19 General) Order (No 2) 2021)	Formerly titled Public Health (COVID-19 Gathering Restrictions) Order (16/03/20-29/08/21), then titled Public Health (COVID-19 Temporary Movement and Gathering Restrictions) Order (26/06/21-11/10/21), then titled Public Health (COVID-19 Additional Restrictions for Delta Outbreak) Order (31/07/21-11/10/21)\n15/12/21 - General Order 1 2021 (12 amendments) ended\n11/03/22 - general order 2 2021 (9 amendments) ended\n08/06/22 - general order 1 2022 (1 amendment) repealed by order no. 2 2022 which removes vaccination requirements for large indoor music festivals. No more vaccination mandates after this order		97	The occupier of premises in the general area must not allow the premises to be used for the purpose of a holiday home or a short-term rental by persons unless there are no more than 10 people staying at the premises and none of them are unvaccinated adults if the people are not from the same household.\nNo vaccination requirements if the people staying are from the same household	a person entering the premises in response to an emergency\n(b) a person entering premises in a vehicle if the person does not exit the vehicle while on the premises\n(c) a person entering the premises if the person is under 18 years of age and it is not possible to register the person’s details under clause 5.3 of this Order\n(d) a person exercising law enforcement, intelligence or national security functions on behalf of a government agency of New South Wales or the Commonwealth\n(e) a person entering any health or medical facility, other than a pharmacy, as a patient	Public Health (COVID-19 General) Order	Section 10 of the Public Health Act 2010 creates an offence if an individual fails to comply with a direction with a maximum penalty of imprisonment for 6 months or a fine of up to $11,000 (or both) plus a further $5,500 fine each day the offence continues. Corporations that fail to comply with a direction are liable to a fine of $55,000 and $27,500 each day the offence continues. The Public Health Regulation 2012 also enables authorised officers to issue penalty notices for offences against clause 6 by individuals for an amount of $4,000 and $1,000 in other cases.	Minister for Health and Medical Research	NSW Government Gazette: the official notification of the making of statutory instruments						general area: area of the State excluding all stay at home areas.	Public Health Order	NSWPPORT200	
62	NSW	Public Health (COVID-19 General) Order NSW Roadmap to Freedom	Public Space	certain outdoor events	2021-09-30	2021-10-03	2021-10-11	2021-12-15	Clause not included in the next version of the order (Public Health (COVID-19 General) Order (No 2) 2021)	Formerly titled Public Health (COVID-19 Gathering Restrictions) Order (16/03/20-29/08/21), then titled Public Health (COVID-19 Temporary Movement and Gathering Restrictions) Order (26/06/21-11/10/21), then titled Public Health (COVID-19 Additional Restrictions for Delta Outbreak) Order (31/07/21-11/10/21)\n15/12/21 - General Order 1 2021 (12 amendments) ended\n11/03/22 - general order 2 2021 (9 amendments) ended\n08/06/22 - general order 1 2022 (1 amendment) repealed by order no. 2 2022 which removes vaccination requirements for large indoor music festivals. No more vaccination mandates after this order		76	The maximum number of persons permitted at the following outdoor events in the general area are—\n(a) for a controlled outdoor public gathering—500 persons,\n(b) for a COVID-19 safe outdoor public gathering—50 persons,\n(c) for any other outdoor public gathering—30 persons.\nNote: Numbers changed as time progresses depending on the COVID severity at the time.	a person entering the premises in response to an emergency\n(b) a person entering premises in a vehicle if the person does not exit the vehicle while on the premises\n(c) a person entering the premises if the person is under 18 years of age and it is not possible to register the person’s details under clause 5.3 of this Order\n(d) a person exercising law enforcement, intelligence or national security functions on behalf of a government agency of New South Wales or the Commonwealth\n(e) a person entering any health or medical facility, other than a pharmacy, as a patient	Public Health (COVID-19 General) Order	Section 10 of the Public Health Act 2010 creates an offence if an individual fails to comply with a direction with a maximum penalty of imprisonment for 6 months or a fine of up to $11,000 (or both) plus a further $5,500 fine each day the offence continues. Corporations that fail to comply with a direction are liable to a fine of $55,000 and $27,500 each day the offence continues. The Public Health Regulation 2012 also enables authorised officers to issue penalty notices for offences against clause 6 by individuals for an amount of $4,000 and $1,000 in other cases.	Minister for Health and Medical Research	NSW Government Gazette: the official notification of the making of statutory instruments						general area: area of the State excluding all stay at home areas.	Public Health Order	NSWPORGT300	
63	NSW	Public Health (COVID-19 General) Order NSW Roadmap to Freedom	Public Space	vehicles and vessels		2021-10-03	2021-10-11	2021-12-15	Clause not included in the next version of the order (Public Health (COVID-19 General) Order (No 2) 2021)	Formerly titled Public Health (COVID-19 Gathering Restrictions) Order (16/03/20-29/08/21), then titled Public Health (COVID-19 Temporary Movement and Gathering Restrictions) Order (26/06/21-11/10/21), then titled Public Health (COVID-19 Additional Restrictions for Delta Outbreak) Order (31/07/21-11/10/21)\n15/12/21 - General Order 1 2021 (12 amendments) ended\n11/03/22 - general order 2 2021 (9 amendments) ended\n08/06/22 - general order 1 2022 (1 amendment) repealed by order no. 2 2022 which removes vaccination requirements for large indoor music festivals. No more vaccination mandates after this order		73	A person who is an unvaccinated adult must not be in a vehicle or vessel in the general area with another person other than a member of the person’s household.	a person entering the premises in response to an emergency\n(b) a person entering premises in a vehicle if the person does not exit the vehicle while on the premises\n(c) a person entering the premises if the person is under 18 years of age and it is not possible to register the person’s details under clause 5.3 of this Order\n(d) a person exercising law enforcement, intelligence or national security functions on behalf of a government agency of New South Wales or the Commonwealth\n(e) a person entering any health or medical facility, other than a pharmacy, as a patient	Public Health (COVID-19 General) Order	Section 10 of the Public Health Act 2010 creates an offence if an individual fails to comply with a direction with a maximum penalty of imprisonment for 6 months or a fine of up to $11,000 (or both) plus a further $5,500 fine each day the offence continues. Corporations that fail to comply with a direction are liable to a fine of $55,000 and $27,500 each day the offence continues. The Public Health Regulation 2012 also enables authorised officers to issue penalty notices for offences against clause 6 by individuals for an amount of $4,000 and $1,000 in other cases.	Minister for Health and Medical Research	NSW Government Gazette: the official notification of the making of statutory instruments						general area: area of the State excluding all stay at home areas.	Public Health Order	NSWPORGT500	
64	NSW	Public Health (COVID-19 General) Order NSW Roadmap to Freedom	Public Space	unvaccinated adults	2021-10-06	2021-10-03	2021-10-11	2021-12-15	Clause not included in the next version of the order (Public Health (COVID-19 General) Order (No 2) 2021)	Formerly titled Public Health (COVID-19 Gathering Restrictions) Order (16/03/20-29/08/21), then titled Public Health (COVID-19 Temporary Movement and Gathering Restrictions) Order (26/06/21-11/10/21), then titled Public Health (COVID-19 Additional Restrictions for Delta Outbreak) Order (31/07/21-11/10/21)\n15/12/21 - General Order 1 2021 (12 amendments) ended\n11/03/22 - general order 2 2021 (9 amendments) ended\n08/06/22 - general order 1 2022 (1 amendment) repealed by order no. 2 2022 which removes vaccination requirements for large indoor music festivals. No more vaccination mandates after this order		70	must not enter the following:\n(a) higher risk premises,\n(b) business premises that are hairdressers, spas, nail salons, beauty salons, waxing salons, tanning salons, tattoo parlours or massage parlours,\n(c) recreation facilities (indoors),\n(d) public swimming pools,\n(e) information and education facilities,\n(f) retail premises, but not critical retail premises,\n(g) business premises that are auction houses,\n(h) business premises that are betting agencies,\n(i) gaming lounges,\n(j) markets that do not predominantly sell food,\n(k) properties operated by—\n(i) the National Trust, or\n(ii) the Historic Houses Trust.\nOr perform (sing or dance indoors) at a choir at a place of worship or in a religious service\n02/11/21 - added (c1) amusement centres, and (c2) business premises that are play centres\n(l) nightclubs, (m) sex on premises venues, (n) sex services premises, (o) strip clubs.\nThe occupier of higher risk premises in the general area must ensure that a person who is under 16 years of age and who is not a fully vaccinated person is not on the premises unless the person is—\n(a) on the premises to carry out work, or\n(b) accompanied by a person who is—\n(i) a member of the person’s household, and (ii) a fully vaccinated person.\n	does not apply to a person who is on the premises for the following purposes—\n(a) because of a service to assist vulnerable members of the public, for example a food bank or a service providing for the needs of homeless persons,\n(b) to purchase food or beverages to be consumed off the premises,\n(c) to attend a small funeral or memorial service or small wedding service,\n(d) to use a click and collect service. Or if\n(a) the premises are outside Greater Sydney, and\n(b) the person resides outside Greater Sydney, and\n(c) the person has had only 1 dose of a COVID-19 vaccine, and\n(d) the person is on the premises for the purposes of work.\nOr a person entering the premises in response to an emergency\n(b) a person entering premises in a vehicle if the person does not exit the vehicle while on the premises\n(c) a person entering the premises if the person is under 18 years of age and it is not possible to register the person’s details under clause 5.3 of this Order\n(d) a person exercising law enforcement, intelligence or national security functions on behalf of a government agency of New South Wales or the Commonwealth\n(e) a person entering any health or medical facility, other than a pharmacy, as a patient	Public Health (COVID-19 General) Order	Section 10 of the Public Health Act 2010 creates an offence if an individual fails to comply with a direction with a maximum penalty of imprisonment for 6 months or a fine of up to $11,000 (or both) plus a further $5,500 fine each day the offence continues. Corporations that fail to comply with a direction are liable to a fine of $55,000 and $27,500 each day the offence continues. The Public Health Regulation 2012 also enables authorised officers to issue penalty notices for offences against clause 6 by individuals for an amount of $4,000 and $1,000 in other cases.	Minister for Health and Medical Research	NSW Government Gazette: the official notification of the making of statutory instruments						general area: area of the State excluding all stay at home areas.\nhigher risk premises means the following—\n(a) entertainment facilities,\n(b) recreation facilities (major),\n(c) hospitality venues,\n(d) places of public worship,\npremises at which a significant event is being held, other than a small funeral or memorial service or small wedding service.	Public Health Order	NSWPVAET100	
65	NSW	Public Health (COVID-19 General) Order NSW Roadmap to Freedom	Public Space,Travel	taking holidays or undertaking recreation		2021-10-03	2021-10-11	2021-12-15	Clause not included in the next version of the order (Public Health (COVID-19 General) Order (No 2) 2021)	Formerly titled Public Health (COVID-19 Gathering Restrictions) Order (16/03/20-29/08/21), then titled Public Health (COVID-19 Temporary Movement and Gathering Restrictions) Order (26/06/21-11/10/21), then titled Public Health (COVID-19 Additional Restrictions for Delta Outbreak) Order (31/07/21-11/10/21)\n15/12/21 - General Order 1 2021 (12 amendments) ended\n11/03/22 - general order 2 2021 (9 amendments) ended\n08/06/22 - general order 1 2022 (1 amendment) repealed by order no. 2 2022 which removes vaccination requirements for large indoor music festivals. No more vaccination mandates after this order		73	An unvaccinated adult must not take a holiday or undertake recreation outside the local government area in which the adult resides.	a person entering the premises in response to an emergency\n(b) a person entering premises in a vehicle if the person does not exit the vehicle while on the premises\n(c) a person entering the premises if the person is under 18 years of age and it is not possible to register the person’s details under clause 5.3 of this Order\n(d) a person exercising law enforcement, intelligence or national security functions on behalf of a government agency of New South Wales or the Commonwealth\n(e) a person entering any health or medical facility, other than a pharmacy, as a patient	Public Health (COVID-19 General) Order	Section 10 of the Public Health Act 2010 creates an offence if an individual fails to comply with a direction with a maximum penalty of imprisonment for 6 months or a fine of up to $11,000 (or both) plus a further $5,500 fine each day the offence continues. Corporations that fail to comply with a direction are liable to a fine of $55,000 and $27,500 each day the offence continues. The Public Health Regulation 2012 also enables authorised officers to issue penalty notices for offences against clause 6 by individuals for an amount of $4,000 and $1,000 in other cases.	Minister for Health and Medical Research	NSW Government Gazette: the official notification of the making of statutory instruments						general area: area of the State excluding all stay at home areas.\nhigher risk premises means the following—\n(a) entertainment facilities,\n(b) recreation facilities (major),\n(c) hospitality venues,\n(d) places of public worship,\npremises at which a significant event is being held, other than a small funeral or memorial service or small wedding service.	Public Health Order	NSWPVAET200	
66	NSW	Public Health (COVID-19 General) Order NSW Roadmap to Freedom	Public Space	singing indoors on certain premises		2021-10-15	2021-10-18	2021-12-15	Clause not included in the next version of the order (Public Health (COVID-19 General) Order (No 2) 2021)	Formerly titled Public Health (COVID-19 Gathering Restrictions) Order (16/03/20-29/08/21), then titled Public Health (COVID-19 Temporary Movement and Gathering Restrictions) Order (26/06/21-11/10/21), then titled Public Health (COVID-19 Additional Restrictions for Delta Outbreak) Order (31/07/21-11/10/21)\n15/12/21 - General Order 1 2021 (12 amendments) ended\n11/03/22 - general order 2 2021 (9 amendments) ended\n08/06/22 - general order 1 2022 (1 amendment) repealed by order no. 2 2022 which removes vaccination requirements for large indoor music festivals. No more vaccination mandates after this order		61	occupier of premises in the general area must not allow an unvaccinated adult to sing in a part of the premises that is an indoor area	This clause does not apply to the following—\n(a) a place of residence,\n(b) an educational establishment,\n(c) a performer who is performing or rehearsing,\n(d) a person who is instructing, or being instructed, in dancing,\n(e) a wedding service or a gathering after a wedding service,\n(f) a group class at a gym or a recreation facility (indoor). 	Public Health (COVID-19 General) Order\nPublic Health (COVID-19 General) Amendment Order (No 2) 2021	Section 10 of the Public Health Act 2010 creates an offence if an individual fails to comply with a direction with a maximum penalty of imprisonment for 6 months or a fine of up to $11,000 (or both) plus a further $5,500 fine each day the offence continues. Corporations that fail to comply with a direction are liable to a fine of $55,000 and $27,500 each day the offence continues. The Public Health Regulation 2012 also enables authorised officers to issue penalty notices for offences against clause 6 by individuals for an amount of $4,000 and $1,000 in other cases.		NSW Government Gazette: the official notification of the making of statutory instruments						general area: area of the State excluding all stay at home areas.\nhigher risk premises means the following—\n(a) entertainment facilities,\n(b) recreation facilities (major),\n(c) hospitality venues,\n(d) places of public worship,\npremises at which a significant event is being held, other than a small funeral or memorial service or small wedding service.	Public Health Order	NSWPVAET300	
67	NSW	Public Health (COVID-19 General) Order	Public Space	dancing indoors on certain premises		2021-11-05	2021-11-08	2021-12-15	Clause not included in the next version of the order (Public Health (COVID-19 General) Order (No 2) 2021)	Formerly titled Public Health (COVID-19 Gathering Restrictions) Order (16/03/20-29/08/21), then titled Public Health (COVID-19 Temporary Movement and Gathering Restrictions) Order (26/06/21-11/10/21), then titled Public Health (COVID-19 Additional Restrictions for Delta Outbreak) Order (31/07/21-11/10/21)\n15/12/21 - General Order 1 2021 (12 amendments) ended\n11/03/22 - general order 2 2021 (9 amendments) ended\n08/06/22 - general order 1 2022 (1 amendment) repealed by order no. 2 2022 which removes vaccination requirements for large indoor music festivals. No more vaccination mandates after this order		40	occupier of premises in the general area must not allow an unvaccinated adult to dance in a part of the premises that is an indoor area	This clause does not apply to the following—\n(a) a place of residence,\n(b) an educational establishment,\n(c) a performer who is performing or rehearsing,\n(d) a person who is instructing, or being instructed, in singing or dancing,\n(e) a small funeral or memorial service or a small wedding service.	Public Health (COVID-19 General) Order\nPublic Health (COVID-19 General) Amendment Order (No 8) 2021	Section 10 of the Public Health Act 2010 creates an offence if an individual fails to comply with a direction with a maximum penalty of imprisonment for 6 months or a fine of up to $11,000 (or both) plus a further $5,500 fine each day the offence continues. Corporations that fail to comply with a direction are liable to a fine of $55,000 and $27,500 each day the offence continues. The Public Health Regulation 2012 also enables authorised officers to issue penalty notices for offences against clause 6 by individuals for an amount of $4,000 and $1,000 in other cases.	Minister for Health and Medical Research	NSW Government Gazette: the official notification of the making of statutory instruments						general area: area of the State excluding all stay at home areas.\nhigher risk premises means the following—\n(a) entertainment facilities,\n(b) recreation facilities (major),\n(c) hospitality venues,\n(d) places of public worship,\npremises at which a significant event is being held, other than a small funeral or memorial service or small wedding service.	Public Health Order	NSWPIRGT100	
68	NSW	Public Health (COVID-19 Interstate Travellers) Order	Public Space,Travel	Interstate Travellers\nClose contact outside New South Wales who is not a resident	2021-10-16	2021-10-27	2021-10-27	2022-01-26	only the date was mentioned on the NSW public health order's page. The method was not mentioned in the order nor on the website	Expired without amendment		102	This clause applies to a person who—\n(a) is not a resident of New South Wales, and\n(b) is a close contact.	However, this clause does not apply if—\n(a) the person is a fully vaccinated person, and\n(b) more than 7 days have passed since the person was in a place of high concern.\n(3) The Minister directs that a person to whom this clause applies must not enter New South Wales.	Public Health (COVID-19 Interstate Travellers) Order (No 4) 2021	Section 10 of the Public Health Act 2010 creates an offence if an individual fails to comply with a direction with a maximum penalty of imprisonment for 6 months or a fine of up to $11,000 (or both) plus a further $5,500 fine each day the offence continues. Corporations that fail to comply with a direction are liable to a fine of $55,000 and $27,500 each day the offence continues. The Public Health Regulation 2012 also enables authorised officers to issue penalty notices for offences against clause 6 by individuals for an amount of $4,000 and $1,000 in other cases.	Minister for Health and Medical Research	NSW Government Gazette: the official notification of the making of statutory instruments							Public Health Order	NSWPISTT100	
69	NSW	NSW Airport and Quarantine Workers Vaccination Program	Employment	Quarantine Workers		2021-06-25	2021-06-25	2022-04-30	Removed by Public Health (COVID-19 Air and Maritime Arrivals) Order (No 1) Amendment (No 2) Order 2022 to remove the quarantine requirements for unvaccinated international air and maritime arrivals.	31/08/21 Public Health (COVID-19 Air Transportation Quarantine) Order (No 3) 2021 repealed previous order and added clause on mandating a second dose for workers by 01/09/21\n23/02/22: order title changed to Public Health (COVID-19 Air and Maritime Arrivals) Order (No 1) 2022		309	Must have at least one dose of the COVID vaccine by 25/06/21\nBy 01/09/21, the person has received 2 doses of a COVID-19 vaccine, or\n(b) the person has received 1 dose of a COVID-19 vaccine and receives the second dose of a COVID-19 vaccine—\n(i) within 3 months of having received the first dose, or\n(ii) within 28 days of the date of commencement of this Order.	does not apply if—\n(a) a medical practitioner and the Chief Health Officer have certified that the nominated worker has a medical contraindication to the COVID-19 vaccine, or\n(b) a nominated worker specified in clause (1)(b) is providing a declared flight crew member with a transportation service to or from the member’s residence for the purpose of obtaining urgent medical care or medical supplies.	Public Health (COVID-19 Air Transportation Quarantine) Order (No 2) Amendment (Transportation Providers) Order 2021	Section 10 of the Public Health Act 2010 creates an offence if an individual fails to comply with a direction with a maximum penalty of imprisonment for 6 months or a fine of up to $11,000 (or both) plus a further $5,500 fine each day the offence continues. Corporations that fail to comply with a direction are liable to a fine of $55,000 and $27,500 each day the offence continues. The Public Health Regulation 2012 also enables authorised officers to issue penalty notices for offences against clause 6 by individuals for an amount of $4,000 and $1,000 in other cases.	Minister for Health and Medical Research	NSW Government Gazette: the official notification of the making of statutory instruments		Available from 28/02/21 as part of the national rollout plan		Around 4000 doses of the Pfizer vaccine were due to arrive in Sydney on 28/02/21, with the state aiming to vaccinate around 12,000 frontline workers in the next three weeks. https://www.9news.com.au/national/australian--pfizer-vaccine-roll-out-state-by-state-for-covid19/640356a2-c8e9-4763-91ba-193d4ba55071 			Public Health Order	NSWEHQWT100	
70	NSW	NSW Airport and Quarantine Workers Vaccination Program	Employment	Transportation Providers		2021-06-25	2021-06-25	2022-04-30	Removed by Public Health (COVID-19 Air and Maritime Arrivals) Order (No 1) Amendment (No 2) Order 2022 to remove the quarantine requirements for unvaccinated international air and maritime arrivals.	31/08/21 Public Health (COVID-19 Air Transportation Quarantine) Order (No 3) 2021 repealed previous order and added clause on mandating a second dose for workers by 01/09/21\n23/02/22: order title changed to Public Health (COVID-19 Air and Maritime Arrivals) Order (No 1) 2022		309	Must have at least one dose of the COVID vaccine by 25/06/21\nBy 01/09/21, the person has received 2 doses of a COVID-19 vaccine, or\n(b) the person has received 1 dose of a COVID-19 vaccine and receives the second dose of a COVID-19 vaccine—\n(i) within 3 months of having received the first dose, or\n(ii) within 28 days of the date of commencement of this Order.	does not apply if—\n(a) a medical practitioner and the Chief Health Officer have certified that the nominated worker has a medical contraindication to the COVID-19 vaccine, or\n(b) a nominated worker specified in clause (1)(b) is providing a declared flight crew member with a transportation service to or from the member’s residence for the purpose of obtaining urgent medical care or medical supplies.	Public Health (COVID-19 Air Transportation Quarantine) Order (No 2) Amendment (Transportation Providers) Order 2021	Section 10 of the Public Health Act 2010 creates an offence if an individual fails to comply with a direction with a maximum penalty of imprisonment for 6 months or a fine of up to $11,000 (or both) plus a further $5,500 fine each day the offence continues. Corporations that fail to comply with a direction are liable to a fine of $55,000 and $27,500 each day the offence continues. The Public Health Regulation 2012 also enables authorised officers to issue penalty notices for offences against clause 6 by individuals for an amount of $4,000 and $1,000 in other cases.	Minister for Health and Medical Research	NSW Government Gazette: the official notification of the making of statutory instruments		Available from 28/02/21 as part of the national rollout plan		Around 4000 doses of the Pfizer vaccine were due to arrive in Sydney on 28/02/21, with the state aiming to vaccinate around 12,000 frontline workers in the next three weeks. https://www.9news.com.au/national/australian--pfizer-vaccine-roll-out-state-by-state-for-covid19/640356a2-c8e9-4763-91ba-193d4ba55071 			Public Health Order	NSWEHQWT200	
71	NSW	NSW Airport and Quarantine Workers Vaccination Program	Employment	Airport Workers		2021-06-25	2021-06-25	2022-04-30	Removed by Public Health (COVID-19 Air and Maritime Arrivals) Order (No 1) Amendment (No 2) Order 2022 to remove the quarantine requirements for unvaccinated international air and maritime arrivals.	31/08/21 Public Health (COVID-19 Air Transportation Quarantine) Order (No 3) 2021 repealed previous order and added clause on mandating a second dose for workers by 01/09/21\n23/02/22: order title changed to Public Health (COVID-19 Air and Maritime Arrivals) Order (No 1) 2022		309	Must have at least one dose of the COVID vaccine by 25/06/21\nBy 01/09/21, the person has received 2 doses of a COVID-19 vaccine, or\n(b) the person has received 1 dose of a COVID-19 vaccine and receives the second dose of a COVID-19 vaccine—\n(i) within 3 months of having received the first dose, or\n(ii) within 28 days of the date of commencement of this Order.	does not apply if—\n(a) a medical practitioner and the Chief Health Officer have certified that the nominated worker has a medical contraindication to the COVID-19 vaccine, or\n(b) a nominated worker specified in clause (1)(b) is providing a declared flight crew member with a transportation service to or from the member’s residence for the purpose of obtaining urgent medical care or medical supplies.	Public Health (COVID-19 Air Transportation Quarantine) Order (No 2) Amendment (Transportation Providers) Order 2021	Section 10 of the Public Health Act 2010 creates an offence if an individual fails to comply with a direction with a maximum penalty of imprisonment for 6 months or a fine of up to $11,000 (or both) plus a further $5,500 fine each day the offence continues. Corporations that fail to comply with a direction are liable to a fine of $55,000 and $27,500 each day the offence continues. The Public Health Regulation 2012 also enables authorised officers to issue penalty notices for offences against clause 6 by individuals for an amount of $4,000 and $1,000 in other cases.	Minister for Health and Medical Research	NSW Government Gazette: the official notification of the making of statutory instruments		Available from 28/02/21 as part of the national rollout plan		Around 4000 doses of the Pfizer vaccine were due to arrive in Sydney on 28/02/21, with the state aiming to vaccinate around 12,000 frontline workers in the next three weeks. https://www.9news.com.au/national/australian--pfizer-vaccine-roll-out-state-by-state-for-covid19/640356a2-c8e9-4763-91ba-193d4ba55071 			Public Health Order	NSWEHQWT300	
72	NSW	Public Health (COVID-19 Air Transportation Quarantine) Order (No 3) 2021	Public Space,Travel	not fully vaccinated international arrivals by aircraft		2021-08-31	2021-09-01	2022-04-30	Removed by Public Health (COVID-19 Air and Maritime Arrivals) Order (No 1) Amendment (No 2) Order 2022 to remove the quarantine requirements for unvaccinated international air and maritime arrivals.	23/02/22: previous order replaced by Public Health (COVID-19 Air and Maritime Arrivals) Order (No 1) 2022		242	NOT A STRICT MANDATE. Included to note that there is a difference between vaccinated and and unvaccinated arrivals\n(1) A relevant air arrival who is not a fully vaccinated arrival must do one of the following as directed by the Commissioner of Police—\n(a) go directly to a quarantine facility,\n(b) go directly to a medical facility for treatment.\n(2) A relevant air arrival must comply with a decision of the Commissioner of Police in relation to the relevant international arrival’s—\n(a) transit at the airport, and\n(b) travel to the quarantine facility or medical facility.\nVaccinated arrivals have to do a rapid antigen test and self isolate	(a) is unable, due to a medical contraindication, to be vaccinated against COVID-19, and\n(b) presents to the responsible person for the worker a medical contraindication certificate issued to the worker.	Public Health (COVID-19 Air Transportation Quarantine) Order (No 3) 2021\nPublic Health (COVID-19 Air and Maritime Arrivals) Order (No 1) 2022	A person who disembarks from a vessel under this Order must, if asked by a police officer, provide —\n(a) the person’s name and contact details, and\n(b) evidence the person is a fully vaccinated arrival.\nSection 10 of the Public Health Act 2010 creates an offence if an individual fails to comply with a direction with a maximum penalty of imprisonment for 6 months or a fine of up to $11,000 (or both) plus a further $5,500 fine each day the offence continues. Corporations that fail to comply with a direction are liable to a fine of $55,000 and $27,500 each day the offence continues. The Public Health Regulation 2012 also enables authorised officers to issue penalty notices for offences against clause 6 by individuals for an amount of $4,000 and $1,000 in other cases.	Minister for Health and Medical Research	NSW Government Gazette: the official notification of the making of statutory instruments							Public Health Order	NSWPINTT100	
73	NSW	Public Health (COVID-19 Air Transportation Quarantine) Order (No 3) 2021	Public Space,Travel	Interstate flight crew members		2021-08-31	2021-09-01	2022-04-30	Removed by Public Health (COVID-19 Air and Maritime Arrivals) Order (No 1) Amendment (No 2) Order 2022 to remove the quarantine requirements for unvaccinated international air and maritime arrivals.	23/02/22: previous order replaced by Public Health (COVID-19 Air and Maritime Arrivals) Order (No 1) 2022		242	NOT A STRICT MANDATE. Included to note that there is a difference between vaccinated and and unvaccinated arrivals\nThe flight crew member must go directly to the member’s place of residence or accommodation until the sooner of the following happens—\n(a) the quarantine period ends,\n(b) the member departs on another flight that leaves Australia.\n(3) The flight crew member may go to a place of residence as required by subclause (2) only if the member is a resident of New South Wales.\n(4) The flight crew member must not leave the residence or permit another person to enter the place o fresidence or accommodation\nVaccinated arrivals have to do a rapid antigen test and self isolate	(a)not leave the residence or accommodation except—\n(i) to undertake duties that are essential for safety or other regulatory reasons including, for example, flight simulation training or safety or security training, or\n(ii) for the purposes of obtaining medical care or medical supplies, or\n(iii) in an emergency situation,\nArrival by aircraft\n(b) not permit another person to enter the place of residence or accommodation unless—\n(i) the person usually lives at the place of residence or accommodation or the person is also complying with a direction under this Order, or\n(ii) the entry is for medical or emergency purposes, or\n(iii) the entry is to a place, other than a place of residence, for the purpose of delivering food or essential items,	Public Health (COVID-19 Air Transportation Quarantine) Order (No 3) 2021\nPublic Health (COVID-19 Air and Maritime Arrivals) Order (No 1) 2022	A person who disembarks from a vessel under this Order must, if asked by a police officer, provide —\n(a) the person’s name and contact details, and\n(b) evidence the person is a fully vaccinated arrival.\nSection 10 of the Public Health Act 2010 creates an offence if an individual fails to comply with a direction with a maximum penalty of imprisonment for 6 months or a fine of up to $11,000 (or both) plus a further $5,500 fine each day the offence continues. Corporations that fail to comply with a direction are liable to a fine of $55,000 and $27,500 each day the offence continues. The Public Health Regulation 2012 also enables authorised officers to issue penalty notices for offences against clause 6 by individuals for an amount of $4,000 and $1,000 in other cases.	Minister for Health and Medical Research	NSW Government Gazette: the official notification of the making of statutory instruments							Public Health Order	NSWEISTT100	
74	NSW	Public Health (COVID-19 Air Transportation Quarantine) Order Public Health (COVID-19 Air and Maritime Arrivals) Order	Employment	Overseas flight crew members\n		2021-11-27	2021-11-28	2022-04-30	Removed by Public Health (COVID-19 Air and Maritime Arrivals) Order (No 1) Amendment (No 2) Order 2022 to remove the quarantine requirements for unvaccinated international air and maritime arrivals.	23/02/22: previous order replaced by Public Health (COVID-19 Air and Maritime Arrivals) Order (No 1) 2022		154	NOT A MANDATE. Included to note that there is a difference between vaccinated and and unvaccinated arrivals\nThe flight crew member must go directly to the member’s place of residence or accommodation until the sooner of the following happens—\n(a) the quarantine period ends,\n(b) the member departs on another flight that leaves Australia.\n(3) The flight crew member may go to a place of residence as required by subclause (2) only if the member is a resident of New South Wales.\n(4) The flight crew member must not leave the residence or permit another person to enter the place o fresidence or accommodation\nVaccinated arrivals have to do a rapid antigen test and self isolate	(a)not leave the residence or accommodation except—\n(i) to undertake duties that are essential for safety or other regulatory reasons including, for example, flight simulation training or safety or security training, or\n(ii) for the purposes of obtaining medical care or medical supplies, or\n(iii) in an emergency situation,\nArrival by aircraft\n(b) not permit another person to enter the place of residence or accommodation unless—\n(i) the person usually lives at the place of residence or accommodation or the person is also complying with a direction under this Order, or\n(ii) the entry is for medical or emergency purposes, or\n(iii) the entry is to a place, other than a place of residence, for the purpose of delivering food or essential items,	Public Health (COVID-19 Air Transportation Quarantine) Order\nPublic Health (COVID-19 Air Transportation Quarantine) Order (No 4) Amendment (Omicron Variant) 2021\nPublic Health (COVID-19 Air and Maritime Arrivals) Order (No 1) 2022	A person who disembarks from a vessel under this Order must, if asked by a police officer, provide —\n(a) the person’s name and contact details, and\n(b) evidence the person is a fully vaccinated arrival.\nSection 10 of the Public Health Act 2010 creates an offence if an individual fails to comply with a direction with a maximum penalty of imprisonment for 6 months or a fine of up to $11,000 (or both) plus a further $5,500 fine each day the offence continues. Corporations that fail to comply with a direction are liable to a fine of $55,000 and $27,500 each day the offence continues. The Public Health Regulation 2012 also enables authorised officers to issue penalty notices for offences against clause 6 by individuals for an amount of $4,000 and $1,000 in other cases.	Minister for Health and Medical Research	NSW Government Gazette: the official notification of the making of statutory instruments							Public Health Order	NSWEINT0000	
75	NSW	Public Health (COVID-19 Air and Maritime Arrivals) Order	Public Space,Travel	international arrivals to NSW by vessel		2022-02-23	2022-02-23	2022-04-30	Removed by Public Health (COVID-19 Air and Maritime Arrivals) Order (No 1) Amendment (No 2) Order 2022 to remove the quarantine requirements for unvaccinated international air and maritime arrivals.			66	must not disembark from the vessel unless fully vaccinated	must not disembark from the vessel unless the relevant maritime arrival—\n(a) is authorised to do so by the Commissioner of Police under clause 15, or\n(b) disembarks for the purpose of undertaking an essential task under clause 16, or\n(c) is required to do so because of an emergency under clause 17.\nSee directions for more detail	Public Health (COVID-19 Air and Maritime Arrivals) Order (No 1) 2022	A person who disembarks from a vessel under this Order must, if asked by a police officer, provide —\n(a) the person’s name and contact details, and\n(b) evidence the person is a fully vaccinated arrival.\nSection 10 of the Public Health Act 2010 creates an offence if an individual fails to comply with a direction with a maximum penalty of imprisonment for 6 months or a fine of up to $11,000 (or both) plus a further $5,500 fine each day the offence continues. Corporations that fail to comply with a direction are liable to a fine of $55,000 and $27,500 each day the offence continues. The Public Health Regulation 2012 also enables authorised officers to issue penalty notices for offences against clause 6 by individuals for an amount of $4,000 and $1,000 in other cases.	Minister for Health and Medical Research	NSW Government Gazette: the official notification of the making of statutory instruments							Public Health Order	NSWPINTT200	
76	NSW	Public Health (COVID-19 Vaccination of Education and Care Workers) Order	Employment	Education and care workers	2021-08-27	2021-09-23	2021-11-08	2022-05-13	Written in the Order	10/03/22 - Public Health (COVID-19 Vaccination of Education and Care Workers) Order 2022 added miscellaneous Part 3 on Medical contraindication certificates		259	Must have had 2 doses of a COVID vaccine by 8/11/21\nMust provide evidence if requested	Exempt if the worker has been issued with a medical contraindication certificate.\nThe Minister may, in writing and subject to conditions the Minister considers appropriate, grant an exemption to this Order or specified provisions of this Order if satisfied that the exemption is necessary to protect the health and well-being of persons.\nAdded in an amendment on 20/10/21: a medical contraindication recorded on the Australian Immunisation Register that prevents the person from receiving any approved COVID-19 vaccine available in New South Wales.	Public Health (COVID-19 Vaccination of Education and Care Workers) Order 2021\nPublic Health (COVID-19 Vaccination of Education and Care Workers) Order 2022	Section 10 of the Public Health Act 2010 creates an offence if an individual fails to comply with a direction with a maximum penalty of imprisonment for 6 months or a fine of up to $11,000 (or both) plus a further $5,500 fine each day the offence continues. Corporations that fail to comply with a direction are liable to a fine of $55,000 and $27,500 each day the offence continues. The Public Health Regulation 2012 also enables authorised officers to issue penalty notices for offences against clause 6 by individuals for an amount of $4,000 and $1,000 in other cases.	Minister for Health and Medical Research	NSW Government Gazette: the official notification of the making of statutory instruments							Public Health Order	NSWEEDU00V2	
77	NSW	Public Health (COVID-19 Vaccination of Education and Care Workers) Order	Public Space	Family day care residences		2021-09-23	2021-11-08	2022-05-13	Written in the Order	10/03/22 - Public Health (COVID-19 Vaccination of Education and Care Workers) Order 2022 added miscellaneous Part 3 on Medical contraindication certificates		232	directs that the relevant approved provider for a family day care residence must ensure the residence is not open on or after 8 November 2021 to provide education or care to any child unless each person who is at least 18 years of age residing at the residence (an adult resident) has—\n(a) had 2 doses of a COVID-19 vaccine, or\n(b) been issued with a medical contraindication certificate.	Exempt if the worker has been issued with a medical contraindication certificate.\nThe Minister may, in writing and subject to conditions the Minister considers appropriate, grant an exemption to this Order or specified provisions of this Order if satisfied that the exemption is necessary to protect the health and well-being of persons.\nAdded in an amendment on 20/10/21: a medical contraindication recorded on the Australian Immunisation Register that prevents the person from receiving any approved COVID-19 vaccine available in New South Wales.	Public Health (COVID-19 Vaccination of Education and Care Workers) Order 2021\nPublic Health (COVID-19 Vaccination of Education and Care Workers) Order 2022	Section 10 of the Public Health Act 2010 creates an offence if an individual fails to comply with a direction with a maximum penalty of imprisonment for 6 months or a fine of up to $11,000 (or both) plus a further $5,500 fine each day the offence continues. Corporations that fail to comply with a direction are liable to a fine of $55,000 and $27,500 each day the offence continues. The Public Health Regulation 2012 also enables authorised officers to issue penalty notices for offences against clause 6 by individuals for an amount of $4,000 and $1,000 in other cases.	Minister for Health and Medical Research	NSW Government Gazette: the official notification of the making of statutory instruments							Public Health Order	NSWPECF0000	
78	NSW	Public Health (COVID-19 General) Order NSW Roadmap to Freedom	Public Space	large indoor music festivals		2021-10-03	2021-10-11	2022-06-07	Removed by Public Health (COVID-19) Amendment Order 2022	Formerly titled Public Health (COVID-19 Gathering Restrictions) Order (16/03/20-29/08/21), then titled Public Health (COVID-19 Temporary Movement and Gathering Restrictions) Order (26/06/21-11/10/21), then titled Public Health (COVID-19 Additional Restrictions for Delta Outbreak) Order (31/07/21-11/10/21)\n15/12/21 - General Order 1 2021 (12 amendments) ended\n11/03/22 - general order 2 2021 (9 amendments) ended\n08/06/22 - general order 1 2022 (1 amendment) repealed by order no. 2 2022 which removes vaccination requirements for large indoor music festivals. No more vaccination mandates after this order		247	A person who is not a fully vaccinated person must not be on premises at which a large indoor music festival is being held.\nAn occupier of premises at which a large indoor music festival is being held must take reasonable steps to ensure that only fully vaccinated persons are allowed to attend the festival.		Public Health (COVID-19 General) Order	Section 10 of the Public Health Act 2010 creates an offence if an individual fails to comply with a direction with a maximum penalty of imprisonment for 6 months or a fine of up to $11,000 (or both) plus a further $5,500 fine each day the offence continues. Corporations that fail to comply with a direction are liable to a fine of $55,000 and $27,500 each day the offence continues. The Public Health Regulation 2012 also enables authorised officers to issue penalty notices for offences against clause 6 by individuals for an amount of $4,000 and $1,000 in other cases.	Minister for Health and Medical Research	NSW Government Gazette: the official notification of the making of statutory instruments						general area: area of the State excluding all stay at home areas.	Public Health Order	NSWPORGT400	
79	NSW	Public Health (COVID-19 Aged Care Facilities) Order	Public Space	Visitors entering residential aged care facilities	2021-08-31	2021-08-26	2021-09-17	2022-07-18	Removed by Public Health (COVID-19 Care Services) Order (No 2) Amendment (No 1) Order 2022	9/10/2021 - amended this mandate into the Public Health (COVID-19 Aged Care Facilities) Order 2021\n29/10/21 - Public Health (COVID-19 Care Services) Order (No 2) 2021 replaces and repeals initial order with some minor changes in wording		321	visitors must be: at least 12 years of age, and\n(b) has had 2 doses of a COVID-19 vaccine, and\n(c) had the second dose of the COVID-19 vaccine at least 14 days ago.	if the operator of the aged care facility authorises the visitor to enter and remain on the premises for the purposes of visiting a resident who is at the end of life or to a person who enters and remains on the premises to provide a health service or professional or other service to the resident, including in the role of a student, and the person is not to be counted as a visitor.\n(a) is unable, due to a medical contraindication, to be vaccinated against COVID-19, and\n(b) presents to the operator of the residential aged care facility a certificate, in the form approved by the Chief Health Officer, issued by a medical practitioner, specifying the medical contraindication that makes the person unable to be vaccinated.	Public Health (COVID-19 Aged Care Facilities) Order 2021\nPublic Health (COVID-19 Aged Care Facilities) Order (No.2) 2021\nPublic Health (COVID-19 Care Services) Order (No 2) Amendment (No 1) Order 2022	Section 10 of the Public Health Act 2010 creates an offence if an individual fails to comply with a direction with a maximum penalty of imprisonment for 6 months or a fine of up to $11,000 (or both) plus a further $5,500 fine each day the offence continues. Corporations that fail to comply with a direction are liable to a fine of $55,000 and $27,500 each day the offence continues. The Public Health Regulation 2012 also enables authorised officers to issue penalty notices for offences against clause 6 by individuals for an amount of $4,000 and $1,000 in other cases.	Minister for Health and Medical Research	NSW Government Gazette: the official notification of the making of statutory instruments							Public Health Order	NSWPRACT100	
80	NSW	Public Health (COVID-19 Aged Care Facilities) Order	Employment	Residential aged care facilities and contrctors providing health and personal care services in those facilities	2021-08-31	2021-08-26	2021-09-17	2022-11-30	only the date was mentioned on the NSW public health order's page. The method was not mentioned in the order nor on the website	14/10/2021 amendment added second dose requirements\n29/10/21 - Public Health (COVID-19 Care Services) Order (No 2) 2021 replaces and repeals initial order with some minor changes in wording	84	456	persons employed may only enter the facility if they have received at least 1 dose of a COVID-19 vaccine by 17/09/21\nReceived second dose by 24/10/21 (added to directions on 14/10/21)	(i) a maintenance contractor,\n(ii) a person who provides services to a resident of the facility under a contract or arrangement with the resident,\n(iii) a student.\ndoes not apply to a person who enters a residential aged care facility to respond to—\n(a) a medical emergency, or\n(b) a non-medical emergency, for example, a fire, flooding or a gas leak.\n(a) is unable, due to a medical contraindication, to be vaccinated against COVID-19, and\n(b) presents to the operator of the residential aged care facility a certificate, in the form approved by the Chief Health Officer, issued by a medical practitioner, specifying the medical contraindication that makes the person unable to be vaccinated.	Public Health (COVID-19 Aged Care Facilities) Order 2021\nPublic Health (COVID-19 Aged Care Facilities) Order (No.2) 2021\n\n	Section 10 of the Public Health Act 2010 creates an offence if an individual fails to comply with a direction with a maximum penalty of imprisonment for 6 months or a fine of up to $11,000 (or both) plus a further $5,500 fine each day the offence continues. Corporations that fail to comply with a direction are liable to a fine of $55,000 and $27,500 each day the offence continues. The Public Health Regulation 2012 also enables authorised officers to issue penalty notices for offences against clause 6 by individuals for an amount of $4,000 and $1,000 in other cases.	Minister for Health and Medical Research created the order, however, the decision to mandate residential aged care facilities was made by the National Cabinet	NSW Government Gazette: the official notification of the making of statutory instruments						From the Public Health (COVID-19 Restrictions on Gathering and Movement) Order 2021 (11/03/21) onwards, the orders advised the operator of a residential aged care facility is directed to consider the advice of the Chief Health Officer in relation to vaccinations against COVID-19 for staff, visitors and residents but no mandate was enfored until the date in the enforcement column	Public Health Order	NSWERACT1V1	
81	NSW	Public Health (COVID-19 Aged Care Facilities) Order	Employment	in-home and community aged care worker		2021-10-14	2021-10-25	2022-11-30	only the date was mentioned on the NSW public health order's page. The method was not mentioned in the order nor on the website	14/10/2021 - amended this mandate into the Public Health (COVID-19 Aged Care Facilities) Order 2021\n29/10/21 - Public Health (COVID-19 Care Services) Order (No 2) 2021 replaces and repeals initial order with some minor changes in wording	86	412	First dose by 25/10/21\nSecond dose by 29/11/21	is unable, due to a medical contraindication, to be vaccinated against COVID-19, and\n(b) presents to the responsible person for the worker or provider a certificate, in the form approved by the Chief Health Officer, issued by a medical practitioner, specifying the medical contraindication that makes the worker or provider unable to be vaccinated	Public Health (COVID-19 Aged Care Facilities) Order 2021\nPublic Health (COVID-19 Aged Care Facilities) Order (No.2) 2021\n\n	Section 10 of the Public Health Act 2010 creates an offence if an individual fails to comply with a direction with a maximum penalty of imprisonment for 6 months or a fine of up to $11,000 (or both) plus a further $5,500 fine each day the offence continues. Corporations that fail to comply with a direction are liable to a fine of $55,000 and $27,500 each day the offence continues. The Public Health Regulation 2012 also enables authorised officers to issue penalty notices for offences against clause 6 by individuals for an amount of $4,000 and $1,000 in other cases.	Minister for Health and Medical Research	NSW Government Gazette: the official notification of the making of statutory instruments							Public Health Order	NSWEOCTT1V1	
82	NSW	Public Health (COVID-19 Aged Care Facilities) Order	Employment	person providing disability services	2021-10-15	2021-10-14	2021-10-25	2022-11-30	only the date was mentioned on the NSW public health order's page. The method was not mentioned in the order nor on the website	14/10/2021 - amended this mandate into the Public Health (COVID-19 Aged Care Facilities) Order 2021\n29/10/21 - Public Health (COVID-19 Care Services) Order (No 2) 2021 replaces and repeals initial order with some minor changes in wording	87	411	First dose by 25/10/21\nSecond dose by 29/11/21	is unable, due to a medical contraindication, to be vaccinated against COVID-19, and\n(b) presents to the responsible person for the worker or provider a certificate, in the form approved by the Chief Health Officer, issued by a medical practitioner, specifying the medical contraindication that makes the worker or provider unable to be vaccinated	Public Health (COVID-19 Aged Care Facilities) Order 2021\nPublic Health (COVID-19 Aged Care Facilities) Order (No.2) 2021\n\n	Section 10 of the Public Health Act 2010 creates an offence if an individual fails to comply with a direction with a maximum penalty of imprisonment for 6 months or a fine of up to $11,000 (or both) plus a further $5,500 fine each day the offence continues. Corporations that fail to comply with a direction are liable to a fine of $55,000 and $27,500 each day the offence continues. The Public Health Regulation 2012 also enables authorised officers to issue penalty notices for offences against clause 6 by individuals for an amount of $4,000 and $1,000 in other cases.	Minister for Health and Medical Research	NSW Government Gazette: the official notification of the making of statutory instruments							Public Health Order	NSWEDSWT1V1	
83	NSW	Public Health (COVID-19 Aged Care Facilities) Order	Employment	health practitioners and students entering residential aged care facilities		2021-08-26	2021-10-31	2022-11-30	only the date was mentioned on the NSW public health order's page. The method was not mentioned in the order nor on the website	14/10/2021 amendment added second dose requirements\n29/10/21 - Public Health (COVID-19 Care Services) Order (No 2) 2021 replaces and repeals initial order with some minor changes in wording	85	461	health practitioners and students are not to enter residential aged care facilities unless they have received one dose of the vaccine by 31/10/21\nMust provide evidence\n14/10/21 added: first dose by 31/10/21 and second dose by 4/12/21	does not apply to a health practitioner who enters a residential aged care facility to respond to a medical emergency.\n(a) is unable, due to a medical contraindication, to be vaccinated against COVID-19, and\n(b) presents to the operator of the residential aged care facility a certificate, in the form approved by the Chief Health Officer, issued by a medical practitioner, specifying the medical contraindication that makes the person unable to be vaccinated.	Public Health (COVID-19 Aged Care Facilities) Order 2021\nPublic Health (COVID-19 Aged Care Facilities) Order (No.2) 2021\n\n	Section 10 of the Public Health Act 2010 creates an offence if an individual fails to comply with a direction with a maximum penalty of imprisonment for 6 months or a fine of up to $11,000 (or both) plus a further $5,500 fine each day the offence continues. Corporations that fail to comply with a direction are liable to a fine of $55,000 and $27,500 each day the offence continues. The Public Health Regulation 2012 also enables authorised officers to issue penalty notices for offences against clause 6 by individuals for an amount of $4,000 and $1,000 in other cases.	Minister for Health and Medical Research	NSW Government Gazette: the official notification of the making of statutory instruments							Public Health Order	NSWERACT2V1	
84	NSW	(BOOSTER) Public Health (COVID-19 Aged Care Facilities) Order	Employment	residential aged care facilities workers		2022-02-25	2022-03-01	2022-11-30	End of Public Health Order	23/12/21 - Public Health Amendment (COVID-19 Medical Contraindication Certificates) Order 2021		278	the person has received at least 3 doses of a COVID-19 vaccine, or (b) the person— (i) has received 2 doses of a COVID-19 vaccine, and (ii) it is not after the later of the following—\n(A) 12 April 2022, (B) 6 weeks from the due date for the person’s third dose of a COVID-19 vaccine.\nthe due date for a person’s third dose of a COVID-19 vaccine is the day that is 13 weeks after the person received the second dose of a COVID-19 vaccine.	(a) is unable, due to a medical contraindication, to be vaccinated against COVID-19, and\n(b) presents to the responsible person for the worker a medical contraindication certificate issued to the worker.		Section 10 of the Public Health Act 2010 creates an offence if an individual fails to comply with a direction with a maximum penalty of imprisonment for 6 months or a fine of up to $11,000 (or both) plus a further $5,500 fine each day the offence continues. Corporations that fail to comply with a direction are liable to a fine of $55,000 and $27,500 each day the offence continues. The Public Health Regulation 2012 also enables authorised officers to issue penalty notices for offences against clause 6 by individuals for an amount of $4,000 and $1,000 in other cases.	Minister for Health and Medical Research	NSW Government Gazette: the official notification of the making of statutory instruments							Public Health Order	NSWERACT1V2	
85	NSW	(BOOSTER) Public Health (COVID-19 Aged Care Facilities) Order	Employment	health practitioners and students entering residential aged care facilities		2022-02-25	2022-03-01	2022-11-30	End of Public Health Order	23/12/21 - Public Health Amendment (COVID-19 Medical Contraindication Certificates) Order 2021		278	the person has received at least 3 doses of a COVID-19 vaccine, or (b) the person— (i) has received 2 doses of a COVID-19 vaccine, and (ii) it is not after the later of the following—\n(A) 12 April 2022, (B) 6 weeks from the due date for the person’s third dose of a COVID-19 vaccine.\nthe due date for a person’s third dose of a COVID-19 vaccine is the day that is 13 weeks after the person received the second dose of a COVID-19 vaccine.	(a) is unable, due to a medical contraindication, to be vaccinated against COVID-19, and\n(b) presents to the responsible person for the worker a medical contraindication certificate issued to the worker.	Public Health (COVID-19 Care Services) Order (No 2) 2021	Section 10 of the Public Health Act 2010 creates an offence if an individual fails to comply with a direction with a maximum penalty of imprisonment for 6 months or a fine of up to $11,000 (or both) plus a further $5,500 fine each day the offence continues. Corporations that fail to comply with a direction are liable to a fine of $55,000 and $27,500 each day the offence continues. The Public Health Regulation 2012 also enables authorised officers to issue penalty notices for offences against clause 6 by individuals for an amount of $4,000 and $1,000 in other cases.	Minister for Health and Medical Research	NSW Government Gazette: the official notification of the making of statutory instruments							Public Health Order	NSWERACT2V2	
86	NSW	(BOOSTER) Public Health (COVID-19 Aged Care Facilities) Order	Employment	in-home and community aged care worker		2022-02-25	2022-03-01	2022-11-30	only the date was mentioned on the NSW public health order's page. The method was not mentioned in the order nor on the website	23/12/21 - Public Health Amendment (COVID-19 Medical Contraindication Certificates) Order 2021		278	the person has received at least 3 doses of a COVID-19 vaccine, or (b) the person— (i) has received 2 doses of a COVID-19 vaccine, and (ii) it is not after the later of the following—\n(A) 12 April 2022, (B) 6 weeks from the due date for the person’s third dose of a COVID-19 vaccine.\nthe due date for a person’s third dose of a COVID-19 vaccine is the day that is 13 weeks after the person received the second dose of a COVID-19 vaccine.	(a) is unable, due to a medical contraindication, to be vaccinated against COVID-19, and\n(b) presents to the responsible person for the worker a medical contraindication certificate issued to the worker.	Public Health (COVID-19 Care Services) Order (No 2) 2021	Section 10 of the Public Health Act 2010 creates an offence if an individual fails to comply with a direction with a maximum penalty of imprisonment for 6 months or a fine of up to $11,000 (or both) plus a further $5,500 fine each day the offence continues. Corporations that fail to comply with a direction are liable to a fine of $55,000 and $27,500 each day the offence continues. The Public Health Regulation 2012 also enables authorised officers to issue penalty notices for offences against clause 6 by individuals for an amount of $4,000 and $1,000 in other cases.	Minister for Health and Medical Research	NSW Government Gazette: the official notification of the making of statutory instruments							Public Health Order	NSWEOCTT1V2	
87	NSW	(BOOSTER) Public Health (COVID-19 Aged Care Facilities) Order	Employment	person providing disability services		2022-02-25	2022-03-01	2022-11-30	End of the order	23/12/21 - Public Health Amendment (COVID-19 Medical Contraindication Certificates) Order 2021		278	the person has received at least 3 doses of a COVID-19 vaccine, or (b) the person— (i) has received 2 doses of a COVID-19 vaccine, and (ii) it is not after the later of the following—\n(A) 12 April 2022, (B) 6 weeks from the due date for the person’s third dose of a COVID-19 vaccine.\nthe due date for a person’s third dose of a COVID-19 vaccine is the day that is 13 weeks after the person received the second dose of a COVID-19 vaccine.	(a) is unable, due to a medical contraindication, to be vaccinated against COVID-19, and\n(b) presents to the responsible person for the worker a medical contraindication certificate issued to the worker.	Public Health (COVID-19 Care Services) Order (No 2) 2021	Section 10 of the Public Health Act 2010 creates an offence if an individual fails to comply with a direction with a maximum penalty of imprisonment for 6 months or a fine of up to $11,000 (or both) plus a further $5,500 fine each day the offence continues. Corporations that fail to comply with a direction are liable to a fine of $55,000 and $27,500 each day the offence continues. The Public Health Regulation 2012 also enables authorised officers to issue penalty notices for offences against clause 6 by individuals for an amount of $4,000 and $1,000 in other cases.	Minister for Health and Medical Research	NSW Government Gazette: the official notification of the making of statutory instruments							Public Health Order	NSWEDSWT1V2	
88	NSW	Public Health (COVID-19 General) Order 1 2021 NSW Roadmap to Freedom/Reopneing NSW Roadmap	Public Space	next phase of the Reopneing NSW Roadmap for the policies enforced on 11/10/21			2021-10-18	2022-11-30	All public health corders ended	Formerly titled Public Health (COVID-19 Gathering Restrictions) Order (16/03/20-29/08/21), then titled Public Health (COVID-19 Temporary Movement and Gathering Restrictions) Order (26/06/21-11/10/21), then titled Public Health (COVID-19 Additional Restrictions for Delta Outbreak) Order (31/07/21-11/10/21)\n15/12/21 - General Order 1 2021 (12 amendments) ended\n11/03/22 - general order 2 2021 (9 amendments) ended 08/06/22 - general order 1 2022 (1 amendment) repealed by order no. 2 2022 which removes vaccination requirements for large indoor music festivals. No more vaccination mandates after this order		408	People will be allowed to have up to 10 people (not including children 12 and under) over to visit, community sport will kick off again and regional travel will be back on the cards.\n\nNightclubs to remain shut.\n\nMost venues will still have strict one person per four square metres density limits in place.\n\nRegional travel to commence.		Public Health (COVID-19 General) Order 1 2021		Minister for Health and Medical Research							general area: area of the State excluding all stay at home areas.	Public Health Order	NSWPALL200	
89	NSW	Public Health (COVID-19 Vaccination of Health Care Workers) Order	Employment	Stage 1 health care workers\nsee details in additional notes	2021-08-20	2021-08-26	2021-09-30	2024-05-16	19/06/2022 - Public Health (COVID-19 Vaccination of Health Care Workers) Order 2022 expired\nMay-2024: COVID-19 vaccination changed from required to strongly recommended for all NSW Health workers.	"29/09/21: order amended to exclude certain health care workers who are remotely providing non-health services\n23/12/21: repealed by Public Health (COVID-19 Vaccination of Health Care Workers) Order (No 3) 2021 to add stage 2 HCW mandates\n19/06/2022: Public Health (COVID-19 Vaccination of Health Care Workers) Order 2022 expired. Instead the mandate was added to the ""Occupational Assessment, Screening and Vaccination Against Specified Infectious Diseases"" Policy\nMay-2024: COVID-19 vaccination changed from required to strongly recommended for all NSW Health workers."		1000	First dose by 30/09/21\nSecond dose by 30/11/21	do not apply to—\n(a) a health practitioner who does work as a health care worker in response to a medical emergency, or\n(b) another person who does work as a health care worker in response to a non-medical emergency, for example, a fire, flooding or a gas leak.\ndoes not apply to a health care worker who—\n(a) is unable, due to a medical contraindication, to receive a COVID-19 vaccine, and\n(b) presents a medical contraindication certificate for the worker to a responsible person for the worker.\n29/09/21 order amended to exclude certain health care workers who are remotely providing non-health services	Public Health (COVID-19 Vaccination of Health Care Workers) Order 2021\nPublic Health (COVID-19 Vaccination of Health Care Workers) Amendment Order 2021\nPublic Health (COVID-19 Vaccination of Health Care Workers) Order (No 3) 2021\nOccupational Assessment, Screening and Vaccination Against Specified Infectious Diseases	Section 10 of the Public Health Act 2010 creates an offence if an individual fails to comply with a direction with a maximum penalty of imprisonment for 6 months or a fine of up to $11,000 (or both) plus a further $5,500 fine each day the offence continues. Corporations that fail to comply with a direction are liable to a fine of $55,000 and $27,500 each day the offence continues. The Public Health Regulation 2012 also enables authorised officers to issue penalty notices for offences against clause 6 by individuals for an amount of $4,000 and $1,000 in other cases.	Minister for Health and Medical Research	NSW Government Gazette: the official notification of the making of statutory instruments				Fewer than than 0.1% of NSW health staff have quit due to Covid vaccination mandates\nhttps://www.theguardian.com/australia-news/2021/oct/09/less-than-01-of-nsw-health-staff-have-quit-due-to-covid-vaccination-mandates\n22 February 2021, the first NSW Ambulance clinicians began receiving their COVID-19 vaccinations at Liverpool, Westmead and RPA Hospitals. By the end of June 2021, close to 80% of NSW Ambulance staff, who had requested to be vaccinated, had received their first dose.		Stage 1 HCWs include: a person who does work, including as a member of staff of the NSW Health Service, for any of the following—\n(i) a public health organisation,\n(ii) the Health Administration Corporation, (iii) the Ambulance Service of NSW,\n(b) a registered paramedic who does work involving transporting, or assessing whether to transport, persons to or from a hospital or public health facility, including any treatment incidental to the work,\n(c) a member of staff of the Ministry of Health,\n(d) a person who does work at a private health facility,	Public Health Order\nOccupational Assessment, Screening and Vaccination Against Specified Infectious Diseases Policy	NSWEHCWT1V1	
90	NSW	Public Health (COVID-19 Vaccination of Health Care Workers) Order	Employment	Stage 2 health care workers\nsee details in additional notes		2021-12-23	2022-01-31	2024-05-16	19/06/2022 - Public Health (COVID-19 Vaccination of Health Care Workers) Order 2022 expired\nMay-2024: COVID-19 vaccination changed from required to strongly recommended for all NSW Health workers.	"29/09/21: order amended to exclude certain health care workers who are remotely providing non-health services\n23/12/21: repealed by Public Health (COVID-19 Vaccination of Health Care Workers) Order (No 3) 2021 to add stage 2 HCW mandates\n19/06/2022: Public Health (COVID-19 Vaccination of Health Care Workers) Order 2022 expired. Instead the mandate was added to the ""Occupational Assessment, Screening and Vaccination Against Specified Infectious Diseases"" Policy\nMay-2024: COVID-19 vaccination changed from required to strongly recommended for all NSW Health workers."		875	First dose by 31/01/22\nSecond dose by 28/02/22	do not apply to—\n(a) a health practitioner who does work as a health care worker in response to a medical emergency, or\n(b) another person who does work as a health care worker in response to a non-medical emergency, for example, a fire, flooding or a gas leak.\ndoes not apply to a health care worker who—\n(a) is unable, due to a medical contraindication, to receive a COVID-19 vaccine, and\n(b) presents a medical contraindication certificate for the worker to a responsible person for the worker.\n29/09/21 order amended to exclude certain health care workers who are remotely providing non-health services	Public Health (COVID-19 Vaccination of Health Care Workers) Order (No 3) 2021\nOccupational Assessment, Screening and Vaccination Against Specified Infectious Diseases	Section 10 of the Public Health Act 2010 creates an offence if an individual fails to comply with a direction with a maximum penalty of imprisonment for 6 months or a fine of up to $11,000 (or both) plus a further $5,500 fine each day the offence continues. Corporations that fail to comply with a direction are liable to a fine of $55,000 and $27,500 each day the offence continues. The Public Health Regulation 2012 also enables authorised officers to issue penalty notices for offences against clause 6 by individuals for an amount of $4,000 and $1,000 in other cases.	Minister for Health and Medical Research	NSW Government Gazette: the official notification of the making of statutory instruments						Stage 2 HCW include: a person employed in a Public Service executive agency related to the Ministry of Health,\n(b) a person employed in the Health Care Complaints Commission Staff Agency,\n(c) a person appointed by the Governor or the Minister to an office\n(d) a health practitioner\n(e) a person providing a health service	Public Health Order\nOccupational Assessment, Screening and Vaccination Against Specified Infectious Diseases Policy	NSWEHCWT2V1	
91	NSW	NEED UPDATE!!!	Employment	NSW police force	2021-09-07		2021-09-30	2026-07-28	Updated the vaccination policy and made a website and facebook announcement			1785	First dose by 30/09/21\nSecond dose by 30/11/21\nMust provide evidence of vaccination	Exemptions to this requirement will include:\nNSW Police Force members who are unable, due to a medical contraindication to receive a COVID-19 vaccine and present a medical contraindication certificate.\nAny other NSW Police Force member as I determine appropriate, subject to consideration of their specific circumstances.\nA total of 47 NSW Police Force staff have been granted a COVID 19 vaccine exemption as of 07.04.2022			Commissioner of Police					By  7/09/21, Deputy Commissioner Webb said more than 17,000 police employees had already been fully or partially vaccinated.		Need to follow this up - believed to be occ health and safety requirement. Need sources included here. May be police did their own - to follow up. The Delta order may have applied at certain times (limited ability to go to work  but this is a separate entry)	NSWPF COVID-19 Vaccination Frequently Asked Questions V.16	NSWEPLF0000	
92	NSW	SS 7.1.9 COVID-19 Vaccination	Employment	All NSW Rural Fire Service staff, volunteers and external labour (contractors) located at NSW RFS sites and working in close\nproximity to members.	2022-02-14	2022-06-24	2022-06-30	2023-10-06		06/10/23 State Secretary announced that FRNSW have confirmed that they will be formally moving from the Covid-19 Vaccination Policy to the Vaccination and Screening Requirements Policy, which will no longer mandate any vaccine for employees outside of CFR and USAR		599	at least two doses of a COVID-19 vaccine approved by the\nTherapeutic Goods Administration for use in Australia.\nMembers are required to report their vaccination status and ensure it is recorded in their membership record. (For more details check the document NSW RFS COVID-19 RISK MANAGEMENT:\nVACCINATION AND STATUS REPORTING)	The RFS will continue to consider and apply exemptions to mandatory vaccination in accordance with our existing policy position, as follows:\n\nMedical exemption – a temporary exemption may be available for members who are unable to be vaccinated due to medical contraindication(s).\nJunior member exemption – Junior volunteer members are not required to be vaccinated against COVID-19, but are strongly encouraged to follow ATAGI recommendations.\nBrigade exemption – Districts continue to work with the 424 brigades who told us they were not supportive of mandatory vaccination as it would significantly impact their ability to provide fire and emergency service to their communities. Exemptions will be considered and determined for these brigades by no later than 30 June 2022.	Service Standard 7.1.9 COVID-19 Vaccination advised by the NSW Work Health and Safety Act 2001	Where a staff member is found to be not complying with COVID-19 vaccination requirements in\nthis policy, the staff member will be instructed to take leave immediately. Staff may access\naccrued recreation leave, extended leave, agreed absences (if eligible), and leave without pay, or\na combination of these types of leave for this purpose, but may not access sick leave or special\nleave provisions.\n5.2 If a medical exemption is accepted, an individual risk assessment will be performed to determine\nif the staff member can continue in employment with additional control measures in place. Where\na workplace adjustment is required and cannot be made, consideration may be given to whether\nthe person can continue in employment.\n5.3 If no exemption is granted it may be determined that the staff member has refused to comply with\na reasonable direction of the NSW RFS. Failure to comply with this reasonable direction may be\ndeemed a breach of the Service Standard 1.1.7 NSW RFS Code of Conduct and Ethics, may\nresult in misconduct action being undertaken in accordance with Section 69 of the Government\nSector Employment Act 2013, and may lead to termination of employment.	NSW Rural Fire Service Executive Director People and Strategy	14/02/22: Released a document titled COVID-19 Vaccination Information for Volunteer Members which informed members that they were going to make vaccinations madatory by June 30\n27/05/22: Message from the Commissioner formally announcing the mandate						last remaining emergency service that mandated vaccinations for its volunteers	NSW RFS Service Standard document		
93	NSW	NEED UPDATE!!!	Employment	NSW Fire and Rescue\nAll new and existing firefighters, operational support personnel, administrative trades personnel, and contractors, consultants, vendors and visitors who enter and/or work in FRNSW premises, locations or worksite	2021-10-11	2021-12-03	2021-12-17	2023-10-06		06/10/23 State Secretary announced that FRNSW have confirmed that they will be formally moving from the Covid-19 Vaccination Policy to the Vaccination and Screening Requirements Policy, which will no longer mandate any vaccine for employees outside of CFR and USAR		725	To be fully vaccinated against COVID-19 by 17/12/21, including consideration of approved additional/booster vaccinations in the future.\nThere is also a requirement to provide evidence of their vaccination status	An exemption to the requirements in 5.1 of the policy may be available for workers who are unable to be vaccinated due to a medical contraindication to the any (sic) TGA approved and available COVID-19 vaccines. A medical contraindication temporarily or permanently prevents people from receiving a vaccine, as it may increase their chances of a serious adverse event. Vaccination against COVID 19 does not constitute a reasonably practicable risk control for these individuals. If a FRNSW worker with a COVID-19 Vaccine Medical Contraindication Certificate is unable to work safely in FRNSW premises, and is unable to work remotely, consideration will be given to identifying reasonable workplace adjustments.\n\nHealth and Safety Branch must be involved in determining any reasonable workplace adjustments and/or controls required, while also considering any potential impacts on the worker’s fitness for duty and any subsequent decision-making.\n\nA FRNSW worker who has a temporary contraindication to the COVID-19 vaccine must obtain their vaccination within 45 days after the contraindication no longer applies.		If a FRNSW worker is unwilling to provide evidence of their COVID-19 vaccination status, or a COVID-19 Vaccine Medical Contraindication Certificate, FRNSW can direct the worker to provide evidence of their COVID -19 vaccination status and to not attend FRNSW premises, locations or worksites, and not to engage in FRNSW duties until evidence of vaccination is provided and policy requirements are adhered to.	Commissioner of Fire and Rescue NSW	employees were first notified of the decision to introduce the Vaccination Mandate on 11 October 2021 via an email sent by Commissioner Baxter to all FRNSW staff\non 17 September 2021, Commissioner Baxter announced by way of a video sent to all staff via email that FRNSW was considering mandating COVID-19 vaccination. The email contained a link to an online survey to allow FRNSW staff to provide feedback				February 2021 FRNSW workers were given priority access to COVID-19 vaccines under the Australian Government’s COVID-19 vaccine national roll -out strategy			Fire Brigade Employees’ Union of New South Wales v Industrial Relations Secretary of NSW on behalf of Fire and Rescue NSW (COVID-19 Vaccination Dispute) [2023] NSWIRComm 1004		
94	NSW	Department of Communities and Justice (DCJ) COVID-19 Vaccination Policy	Employment	Corrective Services NSW staff working outside their LGAs		2021-09-08	2021-09-09	2022-05-19	COVID-19 management and\nvaccination policy for DCJ service\nproviders updated			253	From 09/09/21 authorised workers from declared LGAs who are working outside their LGA are required to have had their first COVID- 19 vaccine, or evidence of a booking for vaccination before 19/09/21	Possess a medical exemption  certificate issued by a medical practitioner in a form approved by the NSW Chief Health Officer.	Commissioner’s Instruction No. 44/2021	Local management are responsible for compliance and need to ensure any person attending a CSNSW workplace have met the relevant testing and vaccination requirement and provided evidence of a test and/or vaccine/medical contraction certificate before entering the workplace.	Corrective Services Commissioner								Corrective Services Commissioner's Instructions	NSWECRFT100	
95	NSW	Department of Communities and Justice (DCJ) COVID-19 Vaccination Policy	Employment	Corrective Services NSW employees, contractors and consultants working a frontline workplace\nthis includes Correctional Centres, Community Corrections facilities and Courts,		2021-10-20	2021-10-25	2022-05-19	COVID-19 management and\nvaccination policy for DCJ service\nproviders updated			211	Dose 1 by 25 October 2021\n• Dose 2 by 17 January 2022 for all DCJ staff.\nStaff must submit their COVID-19 vaccination status and evidence via the ServiceNow / Justice Self Service Portal.	For staff who must have their first vaccination by 25 October 2021, and are legitimately unable to obtain a vaccination appointment to meet the 25 October 2021 deadline, then a later first dose date of 8 November 2021 may apply subject to appropriate evidence and approval from your manager prior to 25 October 2021.\nThe process to apply for an exceptional circumstance is, the:\n1. Employee must complete an Exceptional Circumstances Form and submit it to their Manager / Supervisor or Manager / Supervisor one-up 2. Manager / Supervisor or Manager / Supervisor one up must send the form to their People (HR) Business partner who will refer it to the COVID-19 Exception Circumstances Review Panel\n3. The review panel, led by the People Branch, and consisting of a People Director, People Business Partner and Executive from the employee’s division, will review the submission in partnership with any other relevant subject matter experts and determine the outcome\n4. The outcome will be communicated to the Manager/Supervisor for further discussion and action with the employee.	CSNSW\nCommissioner’s Instruction No. 51/2021	An employee who does not comply with the DCJ COVID-19 Vaccination Policy, will be required to take their own leave, or where all personal leave is exhausted, Leave Without Pay (LWOP) until contacted by DCJ.\nEmployees will not be able to access sick leave or COVID-19 Special Leave when directed to take leave as part of the non-compliance process.	Corrective Services Commissioner								Corrective Services Commissioner's Instructions	NSWEDCJT100	
96	NSW	Department of Communities and Justice (DCJ) COVID-19 Vaccination Policy	Employment	Third Party Providers, Contractors and Visitors entering CSNSW locations and privately managed correctional centres		2021-10-28	2021-11-08	2022-05-19	COVID-19 management and\nvaccination policy for DCJ service\nproviders updated			203	Must have had 2 doses of a COVID vaccine by 8/11/21\nMust provide evidence if requested		CSNSW Commissioner’s Instruction No. 53/2021	Required action if a person fails to meet\nentry criteria Any person who refuses: to be temperature checked or undertake RAS testing; answer any screening questions; or provide evidence of vaccination status; is to be refused entry to the location.	Corrective Services Commissioner								Corrective Services Commissioner's Instructions	NSWECRFT200	
97	NSW	Department of Communities and Justice (DCJ) COVID-19 Vaccination Policy	Employment	Inmate sweepers working in identified RED ZONE areas		2021-11-03	2021-11-12	2022-05-19	COVID-19 management and\nvaccination policy for DCJ service\nproviders updated			197	Must have had 2 doses of a COVID vaccine\nMust provide evidence if requested		CSNSW Commissioner’s Instruction No. 57/2021	Any non-compliance to the local and additional COVID-19 rules and requirements, wil result in the RED ZONE sweeper no longer being employed in that function.\n	Corrective Services Commissioner								Corrective Services Commissioner's Instructions	NSWECRFT200	
98	NSW	Department of Communities and Justice (DCJ) COVID-19 Vaccination Policy	Public Space	in person visits to correctional centres and transitional centres		2021-11-25	2021-11-29	2022-05-19	COVID-19 management and\nvaccination policy for DCJ service\nproviders updated			175	Inmates and visitors including any children, must be double vaccinated at least two weeks before the date of the visit\n• Visitors must display proof of vaccination status during screening prior to the visit\n• Permissible contact is a short embrace at the beginning and end of the\nvisit. Physical distancing applies at all other times. Children are to remain with the visitor parent/carer. Playgrounds wil remain closed at this time	A positive COVID-19 inmate, an inmate who is quarantine or clinical isolation, or who is not double vaccinated, is not eligible for an in-person visit.\nAny visitor with a medical contraindication or exemption will not be permitted entry at this time.	CSNSW Commissioner’s Instruction No. 58/2021	Existing processes wil apply to restrictions or prohibitions for visits. Failure to adhere to the requirements set out in this Commissioner's Instruction may result ni restrictions or prohibitions being imposed on an inmate or visitor by local authorised officers.	Corrective Services Commissioner								Corrective Services Commissioner's Instructions	NSWPCRF0000	
99	NSW	Department of Communities and Justice (DCJ) COVID-19 Vaccination Policy	Employment	if you work in DCJ locations, such as corporate or policy offices, or work from home. If this is your main work location, but you sometimes go to a frontline office, then the earlier date applies (25/10/21).		2021-10-20	2021-12-01	2022-05-19	COVID-19 management and\nvaccination policy for DCJ service\nproviders updated			211	Dose 1 by 1 December 2021\n• Dose 2 by 17 January 2022 for all DCJ staff.\nStaff must submit their COVID-19 vaccination status and evidence via the ServiceNow / Justice Self Service Portal.	\nThe process to apply for an exceptional circumstance is, the:\n1. Employee must complete an Exceptional Circumstances Form and submit it to their Manager / Supervisor or Manager / Supervisor one-up 2. Manager / Supervisor or Manager / Supervisor one up must send the form to their People (HR) Business partner who will refer it to the COVID-19 Exception Circumstances Review Panel\n3. The review panel, led by the People Branch, and consisting of a People Director, People Business Partner and Executive from the employee’s division, will review the submission in partnership with any other relevant subject matter experts and determine the outcome\n4. The outcome will be communicated to the Manager/Supervisor for further discussion and action with the employee.	CSNSW\nCommissioner’s Instruction No. 51/2021	An employee who does not comply with the DCJ COVID-19 Vaccination Policy, will be required to take their own leave, or where all personal leave is exhausted, Leave Without Pay (LWOP) until contacted by DCJ.\nEmployees will not be able to access sick leave or COVID-19 Special Leave when directed to take leave as part of the non-compliance process.	Corrective Services Commissioner								Corrective Services Commissioner's Instructions	NSWEDCJT200	
100	NSW	Department of Creative Industries, Tourism, Hospitality and Sport COVID Vaccination Policy	Employment	employees of the Department of Creative Industries, Tourism, Hospitality and Sport		2022-11-01		2022-11-30		the document has been revised in Nov 2022 and Nov 2023 which indicates a mandate may have been in effect during that time		29	Category A are employees who work with people or in environments where the risk of transmission and the risk to those contracting the virus is high. This includes those employees that work in the field, have regular contact with external stakeholders, or work with vulnerable people and communities.\nCategory B are employees who work in the back office and have low level contact with external stakeholders.	N/A	N/A	N/A	Department of Creative Industries, Tourism, Hospitality and Sport 							I can only find the current version which strongly recommends taking the vaccine. However, the document has been revised in Nov 2022 and Nov 2023 which could indicate a mandate being in effect during that time	Department of Creative Industries, Tourism, Hospitality and Sport Vaccination Policy Webpage https://www.nsw.gov.au/enterprise-investment-trade/policy/covid-vaccination 		
101	VIC	COVID-19 Mandatory Vaccination (Workers) Directions	Employment		2021-10-01	2021-10-07	2021-10-22	2021-10-21	Wasn't included in the next available direction found - COVID-19 Mandatory Vaccination (Workers) Directions\n(No 5)			20	From 15/10/21, employees must provide vaccination information including bookings to receive doses\nFirst dose by 22/10/21\nSecond dose by 26/11/22 in order to work outside their place of residence	if a worker has a booking to receive, by the first dose deadline, they are exempted\nThe exceptional circumstances are:\n(a) a worker is required to perform work or duties that is or are necessary to provide for urgent specialist clinical or medical care due to an emergency situation or a critical unforeseen circumstance; or (b) a worker is required to fill a vacancy to provide urgent care, to maintain quality of care and/or to continue essential operations due to an emergency situation or a critical unforeseen circumstance; or a worker is required to respond to an emergency; or (d) a worker is required to perform urgent and essential work to protect\nthe health and safety of workers or members of the public, or to protect assets and infrastructure; or (e) an education worker that is required to: (i) carry out assessments of an oral or performance examination; or (ii) work as a venue coordinator for those examinations.	COVID-19 Mandatory Vaccination (Workers) Directions	A person must not refuse or fail to comply with a direction given to the person, or a requirement made of the person, in the exercise of a power under an authorisation given under section 199.\nIn the case of a natural person, 120 penalty units; In the case of a body corporate, 600 penalty units.\nGiving false and misleading information to an authorised officer. In the case of a natural person, 60 penalty units;In the case of a body corporate, 300 penalty units.	Minister for Health								Pandemic Order	VICEOTHT330	
102	VIC	Open Premises Directions	Public Space	education premises			2021-10-21	2021-12-15	Requirement removed before 15/12/2021 as it's not in the new order			55	NOT A MANDATE\nstudents must only attend onsite education in metropolitan Vic for a specified number of days according to their year group. \nPre-primary: 3 days a week \nY1&2: 2 days per week \nY3-6, 8-10: 2 days per week with face masks \nY7, 11, 12: 5 days per week with face masks 	Exemptions include access to bathrooms, severe weather, education and childcare services, public event framework; emegency use and opeations; 12/4/22 added: state or federal elections\na worker is required to perform work or duties that is or are necessary to provide for urgent specialist clinical or medical care due to an emergency situation or a critical unforeseen circumstance; or a worker is required to fill a vacancy to provide urgent care, to maintain quality of care and/or to continue essential operations due to an emergency situation or a critical unforeseen circumstance; or\na worker is required to respond to an emergency; or\na worker is required to perform urgent and essential work to protect the health and safety of workers or members of the public, or to protect assets and infrastructure.	Open Premises Order (No.2)	A person must not refuse or fail to comply with a direction given to the person, or a requirement made of the person, in the exercise of a power under an authorisation given under section 199.\nIn the case of a natural person, 120 penalty units; In the case of a body corporate, 600 penalty units.\nGiving false and misleading information to an authorised officer. In the case of a natural person, 60 penalty units;In the case of a body corporate, 300 penalty units.	Minister for Health								Pandemic Order	VICEEDUT200	
103	VIC	COVID-19 Mandatory Vaccination (General Workers) Directions	Employment	indoor and outdoor spaces		2021-10-29	2021-10-29	2021-12-15	COVID-19 Mandatory Vaccination (General Workers) Directions (No\n3) revoked by Pandemic COVID-19 Mandatory Vaccination (General\nWorkers) Order 2021 (No. 1). which didn't include this mandate			47	the employer must not permit the number of persons in an indoor space or an\noutdoor space at the premises to exceed the density quotient (2 sq metres).	If the premises is an open premises or a specified facility\nWorkers that are under 12 years of age, under another vaccine mandate direction or Commonwealth employees, members of State Parliament and religious workers who are not covered by this Order.\nif the person holds acceptable certification\nfrom a medical practitioner that the person is unable to receive a dose, or a further dose, of a COVID-19 vaccine due to:\n(a) a medical contraindication; or\n(b) an acute medical illness (including where the person has been diagnosed with SARS-CoV-2).	COVID-19 Mandatory Vaccination (General Workers)\nDirections\nPandemic COVID-19 Mandatory Vaccination\n(General Workers) Order 2021 (No. 1)	A person must not refuse or fail to comply with a direction given to the person, or a requirement made of the person, in the exercise of a power under an authorisation given under section 199.\nIn the case of a natural person, 120 penalty units; In the case of a body corporate, 600 penalty units.\nGiving false and misleading information to an authorised officer. In the case of a natural person, 60 penalty units;In the case of a body corporate, 300 penalty units.	Minister for Health								Pandemic Order	VICPIRG0000	
104	VIC	Open Premises Directions	Public Space	animal premises				2021-12-15	Requirememnt removed before 5/12/2021 as it's not in the new order				visitors must be fully vaccinated and 18 or above to access open premises in Metropolitan Melbourne and\nRegional Victoria\n15/12/21: changed to all of VIC\n6/1/22: workers above 12 years and 2 months of age must be fully vaccinate	Exemptions include access to bathrooms, severe weather, education and childcare services, public event framework; emegency use and opeations; 12/4/22 added: state or federal elections\na worker is required to perform work or duties that is or are necessary to provide for urgent specialist clinical or medical care due to an emergency situation or a critical unforeseen circumstance; or a worker is required to fill a vacancy to provide urgent care, to maintain quality of care and/or to continue essential operations due to an emergency situation or a critical unforeseen circumstance; or\na worker is required to respond to an emergency; or\na worker is required to perform urgent and essential work to protect the health and safety of workers or members of the public, or to protect assets and infrastructure.	Open Premises Order (No.2)	A person must not refuse or fail to comply with a direction given to the person, or a requirement made of the person, in the exercise of a power under an authorisation given under section 199.\nIn the case of a natural person, 120 penalty units; In the case of a body corporate, 600 penalty units.\nGiving false and misleading information to an authorised officer. In the case of a natural person, 60 penalty units;In the case of a body corporate, 300 penalty units.	Minister for Health							[Source date unresolved: VIC!A5 / announcement_date]\n70% easing of restrictions 16/09/2021\n\n[Source date unresolved: VIC!C5 / enforcement_date]\nEarlier than 17/09/2021\n\n23/10/2021	Pandemic Order	VICPOTHT3000	
105	VIC	Open Premises Directions	Public Space	childcare or early\nchildhood premises				2021-12-15	Requirememnt removed before 5/12/2021 as it's not in the new order				workers and visitors must be fully vaccinated and 18 or above to access open premises in Metropolitan Melbourne and\nRegional Victoria	Exemptions include access to bathrooms, severe weather, education and childcare services, public event framework; emegency use and opeations; 12/4/22 added: state or federal elections\na worker is required to perform work or duties that is or are necessary to provide for urgent specialist clinical or medical care due to an emergency situation or a critical unforeseen circumstance; or a worker is required to fill a vacancy to provide urgent care, to maintain quality of care and/or to continue essential operations due to an emergency situation or a critical unforeseen circumstance; or\na worker is required to respond to an emergency; or\na worker is required to perform urgent and essential work to protect the health and safety of workers or members of the public, or to protect assets and infrastructure.	Open Premises Order (No.2)	A person must not refuse or fail to comply with a direction given to the person, or a requirement made of the person, in the exercise of a power under an authorisation given under section 199.\nIn the case of a natural person, 120 penalty units; In the case of a body corporate, 600 penalty units.\nGiving false and misleading information to an authorised officer. In the case of a natural person, 60 penalty units;In the case of a body corporate, 300 penalty units.	Minister for Health							[Source date unresolved: VIC!A6 / announcement_date]\n70% easing of restrictions 16/09/2024\n\n[Source date unresolved: VIC!C6 / enforcement_date]\nEarlier than 17/09/2021\n\n23/10/2024	Pandemic Order	VICPECF0000	
106	VIC	Open Premises Directions	Public Space	funeral parlours and\ncrematoriums				2021-12-15	Requirememnt removed before 5/12/2021 as it's not in the new order				workers and visitors must be fully vaccinated and 18 or above to access open premises in Metropolitan Melbourne and\nRegional Victoria\n	Do not apply if the metropolitan premises is within the density quotient (4 sq metres); and does not permit the total number of patrons in all of the indoor spaces at the premises to exceed 10; and\n(c) does not permit the total number of patrons in all of the outdoor spaces at the premises to exceed 20.\nfor regional it's to exceed the density quotient (4 sq metres); and (b) does not permit the total number of patrons at the whole of the premises at any time to exceed the lesser of:\n(i) the density quotient (4 sq metres); or (ii) 20.\nExemptions include access to bathrooms, severe weather, education and childcare services, public event framework; emegency use and opeations\na worker is required to perform work or duties that is or are necessary to provide for urgent specialist clinical or medical care due to an emergency situation or a critical unforeseen circumstance; or a worker is required to fill a vacancy to provide urgent care, to maintain quality of care and/or to continue essential operations due to an emergency situation or a critical unforeseen circumstance; or\na worker is required to respond to an emergency; or\na worker is required to perform urgent and essential work to protect the health and safety of workers or members of the public, or to protect assets and infrastructure.	Open Premises Order (No.2)	A person must not refuse or fail to comply with a direction given to the person, or a requirement made of the person, in the exercise of a power under an authorisation given under section 199.\nIn the case of a natural person, 120 penalty units; In the case of a body corporate, 600 penalty units.\nGiving false and misleading information to an authorised officer. In the case of a natural person, 60 penalty units;In the case of a body corporate, 300 penalty units.	Minister for Health							[Source date unresolved: VIC!A7 / announcement_date]\n70% easing of restrictions 16/09/2029\n\n[Source date unresolved: VIC!C7 / enforcement_date]\nEarlier than 17/09/2021\n\n23/10/2029	Pandemic Order	VICPOTHT800	
107	VIC	Open Premises Directions	Public Space	general retail\npremises				2021-12-15	Requirememnt removed before 5/12/2021 as it's not in the new order				workers and visitors must be fully vaccinated and 18 or above to access open premises in Metropolitan Melbourne and\nRegional Victoria\n	Exemptions include access to bathrooms, severe weather, education and childcare services, public event framework; emegency use and opeations\na worker is required to perform work or duties that is or are necessary to provide for urgent specialist clinical or medical care due to an emergency situation or a critical unforeseen circumstance; or a worker is required to fill a vacancy to provide urgent care, to maintain quality of care and/or to continue essential operations due to an emergency situation or a critical unforeseen circumstance; or\na worker is required to respond to an emergency; or\na worker is required to perform urgent and essential work to protect the health and safety of workers or members of the public, or to protect assets and infrastructure.	Open Premises Order (No.2)	A person must not refuse or fail to comply with a direction given to the person, or a requirement made of the person, in the exercise of a power under an authorisation given under section 199.\nIn the case of a natural person, 120 penalty units; In the case of a body corporate, 600 penalty units.\nGiving false and misleading information to an authorised officer. In the case of a natural person, 60 penalty units;In the case of a body corporate, 300 penalty units.	Minister for Health							[Source date unresolved: VIC!A8 / announcement_date]\n70% easing of restrictions 16/09/2031\n\n[Source date unresolved: VIC!C8 / enforcement_date]\nEarlier than 17/09/2021\n\n23/10/2031	Pandemic Order	VICPOTHT110	
108	VIC	Open Premises Directions	Public Space	large rehearsal\ntheatre				2021-12-15	Requirememnt removed before 5/12/2021 as it's not in the new order				workers and visitors must be fully vaccinated and 18 or above to access open premises in Metropolitan Melbourne and\nRegional Victoria	Exemptions include access to bathrooms, severe weather, education and childcare services, public event framework; emegency use and opeations\na worker is required to perform work or duties that is or are necessary to provide for urgent specialist clinical or medical care due to an emergency situation or a critical unforeseen circumstance; or a worker is required to fill a vacancy to provide urgent care, to maintain quality of care and/or to continue essential operations due to an emergency situation or a critical unforeseen circumstance; or\na worker is required to respond to an emergency; or\na worker is required to perform urgent and essential work to protect the health and safety of workers or members of the public, or to protect assets and infrastructure.	Open Premises Order (No.2)	A person must not refuse or fail to comply with a direction given to the person, or a requirement made of the person, in the exercise of a power under an authorisation given under section 199.\nIn the case of a natural person, 120 penalty units; In the case of a body corporate, 600 penalty units.\nGiving false and misleading information to an authorised officer. In the case of a natural person, 60 penalty units;In the case of a body corporate, 300 penalty units.	Minister for Health							[Source date unresolved: VIC!A9 / announcement_date]\n70% easing of restrictions 16/09/2033\n\n[Source date unresolved: VIC!C9 / enforcement_date]\nEarlier than 17/09/2021\n\n23/10/2033	Pandemic Order		
109	VIC	Open Premises Directions	Public Space	places of worship 				2021-12-15	Requirememnt removed before 5/12/2021 as it's not in the new order				workers and visitors must be fully vaccinated and 18 or above to access open premises in Metropolitan Melbourne and\nRegional Victoria\nLower patron limits for unvaccinated operations	Exception for essential public support services and broadcasting\nExemptions include access to bathrooms, severe weather, education and childcare services, public event framework; emegency use and opeations\na worker is required to perform work or duties that is or are necessary to provide for urgent specialist clinical or medical care due to an emergency situation or a critical unforeseen circumstance; or a worker is required to fill a vacancy to provide urgent care, to maintain quality of care and/or to continue essential operations due to an emergency situation or a critical unforeseen circumstance; or\na worker is required to respond to an emergency; or\na worker is required to perform urgent and essential work to protect the health and safety of workers or members of the public, or to protect assets and infrastructure.	Open Premises Order (No.2)	A person must not refuse or fail to comply with a direction given to the person, or a requirement made of the person, in the exercise of a power under an authorisation given under section 199.\nIn the case of a natural person, 120 penalty units; In the case of a body corporate, 600 penalty units.\nGiving false and misleading information to an authorised officer. In the case of a natural person, 60 penalty units;In the case of a body corporate, 300 penalty units.	Minister for Health							[Source date unresolved: VIC!A10 / announcement_date]\n70% easing of restrictions 16/09/2035\n\n[Source date unresolved: VIC!C10 / enforcement_date]\nEarlier than 17/09/2021\n\n23/10/2035	Pandemic Order	VICPOTHT130	
110	VIC	Open Premises Directions	Public Space	real estate premises				2021-12-15	Requirememnt removed before 5/12/2021 as it's not in the new order				workers and visitors must be fully vaccinated and 18 or above to access\nan auction conducted in either Metropolitan Melbourne or Regional\nVictoria; or an inspection conducted in Regional Victoria.\nLower patron limit for unvaccinated patrons in Regional VIC	Exemptions include access to bathrooms, severe weather, education and childcare services, public event framework; emegency use and opeations; 12/4/22 added: state or federal elections\na worker is required to perform work or duties that is or are necessary to provide for urgent specialist clinical or medical care due to an emergency situation or a critical unforeseen circumstance; or a worker is required to fill a vacancy to provide urgent care, to maintain quality of care and/or to continue essential operations due to an emergency situation or a critical unforeseen circumstance; or\na worker is required to respond to an emergency; or\na worker is required to perform urgent and essential work to protect the health and safety of workers or members of the public, or to protect assets and infrastructure.	Open Premises Order (No.2)	A person must not refuse or fail to comply with a direction given to the person, or a requirement made of the person, in the exercise of a power under an authorisation given under section 199.\nIn the case of a natural person, 120 penalty units; In the case of a body corporate, 600 penalty units.\nGiving false and misleading information to an authorised officer. In the case of a natural person, 60 penalty units;In the case of a body corporate, 300 penalty units.	Minister for Health							[Source date unresolved: VIC!A11 / announcement_date]\n70% easing of restrictions 16/09/2036\n\n[Source date unresolved: VIC!C11 / enforcement_date]\nEarlier than 17/09/2021\n\n23/10/2036	Pandemic Order	VICPOTHT140	
111	VIC	Pandemic (Movement and Gathering) Order	Employment	Workers at ceremonies		2021-12-15	2021-12-15	2022-04-22	Stated on the vic.gov webpage			128	Must be fully vaccinated	an excepted person; or (c) a person who:\n(i) conducts services of public worship and acknowledgments of faith; or\n(ii) performs marriages, funerals and special memorial services\naccording to tradition and ecclesiastical and civil law; or (iii) visits members of the community in their homes, hospitals and\nother institutions to provide advice and religious comfort for the purpose of end of life faith reasons.	Pandemic (Movement and\nGathering) Order 2021 (No. 1)\nStay Safe Directions (Victoria)	A person must not refuse or fail to comply with a direction given to the person, or a requirement made of the person, in the exercise of a power under an authorisation given under section 199.\nIn the case of a natural person, 120 penalty units; In the case of a body corporate, 600 penalty units.\nGiving false and misleading information to an authorised officer. In the case of a natural person, 60 penalty units;In the case of a body corporate, 300 penalty units.	Minister for Health								Pandemic Order	VICEOTHT320	
112	VIC	Pandemic (Victorian Border Crossing) Order	Employment	International travel for international aircrew services worker		2021-12-15	2021-12-15	2022-04-22	Stated on the vic.gov webpage	"12/01/22: Pandemic (Victorian Border Crossing) Order 2021 (No. 3) removed restrictions from entering specific facilities for a period of time after entering Victoria.\n04/02/22: Pandemic (Victorian Border Crossing) Order 2021 (No. 4) added that ""Fully vaccinated or medically exempt international arrivals (including aircrew) may enter an educational facility, childcare or early childhood service.\nNot fully vaccinated or medically exempt international arrivals (including adolescents) may enter an\neducational facility, childcare or early childhood service, residential aged care, disability residential\nservice or hospitals 8 days after arrival."" \n18/02/22: No. 5 removed the requirement for the international arrivals permit scheme and the restrictions for international aircrew services workers who are medically exempt to attend a residential aged care\nfacility, disability residential service or hospital.\n18/03/22: removed testing and quarantine requirements for fully vaccinated aircrew members"		128	must be fully vaccinated to enter victoria\nMust not attend an educational\nfacility, childcare or early childhood services, residential aged care facility,\ndisability residential service or hospital (unless the person is obtaining urgent\nmedical care) in Victoria after arriving in Australia for 7 days (vaccinated) or 15 days (unvaccinated) (removed 12/01/22, but some more clauses were added. Check executive order removal details for more)	a medically exempt person or is an Australian\nbased international aircrew services worker.	Pandemic (Victorian Border Crossing) Order 2021 (No. 1)	A person must not refuse or fail to comply with a direction given to the person, or a requirement made of the person, in the exercise of a power under an authorisation given under section 199.\nIn the case of a natural person, 120 penalty units; In the case of a body corporate, 600 penalty units.\nGiving false and misleading information to an authorised officer. In the case of a natural person, 60 penalty units;In the case of a body corporate, 300 penalty units.	Minister for Health								Pandemic Order	VICEINT0000	
113	VIC	Pandemic (Victorian Border Crossing) Order	Public Space,Travel	International travel for international passengers		2021-12-15	2021-12-15	2022-04-22	Stated on the vic.gov webpage	"12/01/22: Pandemic (Victorian Border Crossing) Order 2021 (No. 3) removed restrictions from entering specific facilities for a period of time after entering Victoria.\n04/02/22: Pandemic (Victorian Border Crossing) Order 2021 (No. 4) added that ""Fully vaccinated or medically exempt international arrivals (including aircrew) may enter an educational facility, childcare or early childhood service.\nNot fully vaccinated or medically exempt international arrivals (including adolescents) may enter an\neducational facility, childcare or early childhood service, residential aged care, disability residential\nservice or hospitals 8 days after arrival."" \n18/02/22: No. 5 removed the requirement for the international arrivals permit scheme and the restrictions for children who are not fully vaccinated and are not medically exempt to attend a residential aged care\nfacility, disability residential service or hospital."		128	12 years and 2 months of age or above and is fully vaccinated\nIf they are younger they must be travelling with one travelling with at least one parent or guardian who is fully\nvaccinated or is a medically exempt person or travelling unaccompained\nNeed a permit too\nMust not attend an educational\nfacility, childcare or early childhood services, residential aged care facility,\ndisability residential service or hospital (unless the person is obtaining urgent\nmedical care) in Victoria after arriving in Australia for 7 days (vaccinated) or 15 days (unvaccinated) (removed 12/01/22, but some more clauses were added. Check executive order removal details for more)	medically exempt	Pandemic (Victorian Border Crossing) Order 2021 (No. 1)	A person must not refuse or fail to comply with a direction given to the person, or a requirement made of the person, in the exercise of a power under an authorisation given under section 199.\nIn the case of a natural person, 120 penalty units; In the case of a body corporate, 600 penalty units.\nGiving false and misleading information to an authorised officer. In the case of a natural person, 60 penalty units;In the case of a body corporate, 300 penalty units.	Minister for Health								Pandemic Order	VICPINT0000	
114	VIC	COVID-19 Mandatory Vaccination (Specified Facilities) Directions	Employment	education facility (including teachers, early childhood educators and educational support staff)	2021-09-22		2021-10-25	2022-06-24	Not included in Pandemic (Workplace) Order 2022 (No. 9)	"25/01/22 - Pandemic COVID-19 Mandatory Vaccination (Specified Facilities) Order 2022 (No. 3) introduced booster doses\n04/02/22 - Pandemic COVID-19 Mandatory Vaccination (Specified Facilities) Order 2022 (No. 4) added ""A worker who was unable to become fully vaccinated (boosted) before their booster deadline due to being in self-quarantine or self-isolation may attend the premises of a specified facility if they\nhave a booking to receive a booster vaccine within a specified period.""\n25/02/22: Pandemic COVID-19 Mandatory Vaccination (Specified Facilities) Order 2022 (No. 6) changed booster deadline from 25/02/22 booster to 25/03/22. An education facility worker that became fully vaccinated on or before 25 October 2021 and has not received a booster vaccine dose by 25/02/22 must not be allowed to work on the specified facility premises unless they have a booking to receive a booster vaccine dose on or before 25/03/22 and has provided evidence of that booster dose booking to their employer.\n22/04/22: Revoked by Pandemic (Workplace) Order 2022 (No. 8) to combine Specified Facilities, General Workers, Specified Workers and Open Premises into one order"	163	275	First dose by 25/10/21\nSecond dose by 29/11/21\nMust provide vaccination and booking details from 18/10/21 to the education operator	Exception — booking by first dose deadline\n(a) a worker is required to perform work or duties at the facility that is or are necessary to provide for urgent specialist clinical or medical care due to an emergency situation or a critical unforeseen circumstance; or (b) a worker is required to fill a vacancy to provide urgent care, to maintain quality of care and/or continue essential operations at the facility due to an emergency situation or a critical unforeseen circumstance; or\n(c) a worker is required to attend the facility to respond to an emergency at the facility; or (d) a worker is required to perform urgent and essential work at the facility to protect the health and safety of workers or members of the public, or to protect assets and infrastructure; or (e) an education worker is required to: (i) carry out assessments of an oral or performance examination as part of the Victorian Certificate of Education or International Baccalaureate; or (ii) work as a venue coordinator for those examinations.	COVID-19 Mandatory Vaccination (Specified Facilities)\nDirections (No 10)	A person must not refuse or fail to comply with a direction given to the person, or a requirement made of the person, in the exercise of a power under an authorisation given under section 199.\nIn the case of a natural person, 120 penalty units; In the case of a body corporate, 600 penalty units.\n(2) A person is not guilty of an offence against subsection (1) if the person had a reasonable excuse for refusing or failing to comply with the direction or requirement.	Minister for Health	New articles that also announced government school staff will be entitled to a half-day of paid time off in order to attend a vaccination appointment.				Prior to the mandate being announced (22/09/21), a survey of 33,000 teachers found 75% were already fully vaccinated. https://www.theguardian.com/australia-news/2021/sep/22/victoria-covid-update-vaccination-to-be-compulsory-for-teachers-as-state-records-628-new-cases \n\n180 failed to receive a first or second dose the year and have been placed on unauthorised leave\nhttps://www.theguardian.com/australia-news/2022/apr/28/victoria-stands-down-420-public-school-teachers-over-vaccine-mandates			Pandemic Order	VICEEDUT1V1	
115	VIC	(BOOSTER) COVID-19 Mandatory Vaccination Directions	Employment	residential aged care facilities booster		2022-01-12	2022-03-12	2022-06-24	Not included in Pandemic (Workplace) Order 2022 (No. 9)	"12/01/22 - Pandemic COVID-19 Mandatory Vaccination (Specified Facilities) Order 2022 (No. 2) introduced booster doses\n04/02/22 - Pandemic COVID-19 Mandatory Vaccination (Specified Facilities) Order 2022 (No. 4) added ""A worker who was unable to become fully vaccinated (boosted) before their booster deadline due to being in self-quarantine or self-isolation may attend the premises of a specified facility if they\nhave a booking to receive a booster vaccine within a specified period.""\n11/02/22- Pandemic COVID-19 Mandatory Vaccination (Specified Facilities) Order 2022 (No. 5) changed booster deadline from 12/02/22 booster deadline to 12/03/22. The definition of healthcare worker for the purposes of this order is amended to exclude healthcare workers to the extent that they are employed at an education facility.\n22/04/22: Revoked by Pandemic (Workplace) Order 2022 (No. 8) to combine Specified Facilities, General Workers, Specified Workers and Open Premises into one order"		163	For workers that became fully vaccinated on or before 12/09/21, the deadline is 12/02/22.\nFor workers that became fully vaccinated after 12/09/21, the\ndeadline is 1/03/22.\n11/02/22 order update: Deadline extended to 12/03/22	(a) a worker that is required to perform work or duties at the work premises that are necessary to provide for urgent specialist clinical or medical care at the work premises due to an emergency situation or a critical unforeseen circumstance; or (b) a worker that is deployed to fill a vacancy to provide urgent care, to maintain quality of care and/or continue essential operations at the work premises due to an emergency situation or a critical unforeseen circumstance; or (c) a worker who is required to attend the premises to respond to an emergency at the work premises; or (d) a worker who is required to perform urgent and essential work at the work premises to protect the health and safety of workers or members of the public, or to protect assets and infrastructure.\n	COVID-19 Mandatory Vaccination Directions (No 2)\nCOVID-19 Mandatory Vaccination (Specified Facilities)\nDirections (No 10)	An operator of a residential aged care facility must request, collect and store information about workers' vaccination statuses and whether bookings have been made to receive partial and full vaccines\nA person must not refuse or fail to comply with a direction given to the person, or a requirement made of the person, in the exercise of a power under an authorisation given under section 199.\nIn the case of a natural person, 120 penalty units; In the case of a body corporate, 600 penalty units.\n(2) A person is not guilty of an offence against subsection (1) if the person had a reasonable excuse for refusing or failing to comply with the direction or requirement.	Minister for Health								Pandemic Order	VICERACT1V2	
116	VIC	COVID-19 Mandatory Vaccination (Workers) Directions	Employment	Meat and seafood processing worker	2021-10-01	2021-10-07	2021-10-22	2022-06-26	Not included in Pandemic (Workplace) Order 2022 (No. 9)	7/10/21-15/12/21: COVID-19 Mandatory Vaccination (Workers) Directions No.1-No.8\n15/12/21: Pandemic COVID-19 Mandatory Vaccination (Specified Workers) Order 2021 (No 1) revoked previous order\n12/01/22: Vaccination (Specified Workers) Order 2022 (No 2) introduced booster dose \n04/02/22: Vaccination (Specified Workers) Order 2022 (No 3) added booster exemption for people under 18\n11/02/22: Vaccination (Specified Workers) Order 2022 (No 4) booster deadline is extended to 12/03/22, provided that: By 12/03/22 the worker has a booking to receive their booster vaccine dose on or before 12/0322; and the worker has provided evidence of that booster dose to the operator of workplace.\n25/02/22: Vaccination (Specified Workers) Order 2022 (No 5). Booster requirements have been included to allow specified workers who are fully\nvaccinated but not yet boosted, 18 years and over and not excepted persons to work onsite in the\nfollowing limited circumstances including working on site for up to 3 months and 14 days\n22/04/22: Specified Workers Order 2022 (No 6) was revoked by Pandemic (Workplace) Order 2022 (No. 8) to combine Specified Facilities, General Workers, Specified Workers and Open Premises into one order	118	268	From 15/10/21, employees must provide vaccination information including bookings to receive doses\nFirst dose by 22/10/21\nSecond dose by 26/11/22 in order to work outside their place of residence	if a worker has a booking to receive, by the first dose deadline, they are exempted\nThe exceptional circumstances are:\n(a) a worker is required to perform work or duties that is or are necessary to provide for urgent specialist clinical or medical care due to an emergency situation or a critical unforeseen circumstance; or (b) a worker is required to fill a vacancy to provide urgent care, to maintain quality of care and/or to continue essential operations due to an emergency situation or a critical unforeseen circumstance; or a worker is required to respond to an emergency; or (d) a worker is required to perform urgent and essential work to protect\nthe health and safety of workers or members of the public, or to protect assets and infrastructure; or (e) an education worker that is required to: (i) carry out assessments of an oral or performance examination; or (ii) work as a venue coordinator for those examinations.	COVID-19 Mandatory Vaccination (Workers) Directions	A person must not refuse or fail to comply with a direction given to the person, or a requirement made of the person, in the exercise of a power under an authorisation given under section 199.\nIn the case of a natural person, 120 penalty units; In the case of a body corporate, 600 penalty units.\nGiving false and misleading information to an authorised officer. In the case of a natural person, 60 penalty units;In the case of a body corporate, 300 penalty units.	Minister for Health								Pandemic Order	VICEMIW00V1	
117	VIC	(BOOSTER) Pandemic COVID-19 Mandatory Vaccination (Specified Workers) Order 2022 (No. 2)	Employment	food distribution worker booster dose		2022-01-12	2022-02-12	2022-06-26	Not included in Pandemic (Workplace) Order 2022 (No. 9)	7/10/21-15/12/21: COVID-19 Mandatory Vaccination (Workers) Directions No.1-No.8\n15/12/21: Pandemic COVID-19 Mandatory Vaccination (Specified Workers) Order 2021 (No 1) revoked previous order\n12/01/22: Vaccination (Specified Workers) Order 2022 (No 2) introduced booster dose \n04/02/22: Vaccination (Specified Workers) Order 2022 (No 3) added booster exemption for people under 18\n11/02/22: Vaccination (Specified Workers) Order 2022 (No 4) booster deadline is extended to 12/03/22, provided that by 12/03/22 the worker has a booking to receive their booster vaccine dose on or before 12/03/22; and the worker has provided evidence of that booster dose to the operator of workplace.\n25/02/22: Vaccination (Specified Workers) Order 2022 (No 5). Booster requirements have been included to allow specified workers who are fully\nvaccinated but not yet boosted, 18 years and over and not excepted persons to work onsite in the\nfollowing limited circumstances including working on site for up to 3 months and 14 days\n22/04/22: Specified Workers Order 2022 (No 6) was revoked by Pandemic (Workplace) Order 2022 (No. 8) to combine Specified Facilities, General Workers, Specified Workers and Open Premises into one order		165	12/02/22- Booster dose deadline for workers that became fully vaccinated by 12/09/21\n12/03/22- Booster dose deadline for workers that became fully vaccinated after 12/09/21\n\n11/02/22: extended booster deadline is to 12/03/22, provided that by 12/03/22 the worker has a booking to receive their booster on or before 12/03/22	if a worker has a booking to receive, by the first dose deadline, they are exempted\nThe exceptional circumstances are:\n(a) a worker is required to perform work or duties that is or are necessary to provide for urgent specialist clinical or medical care due to an emergency situation or a critical unforeseen circumstance; or (b) a worker is required to fill a vacancy to provide urgent care, to maintain quality of care and/or to continue essential operations due to an emergency situation or a critical unforeseen circumstance; or a worker is required to respond to an emergency; or (d) a worker is required to perform urgent and essential work to protect\nthe health and safety of workers or members of the public, or to protect assets and infrastructure; or (e) an education worker that is required to: (i) carry out assessments of an oral or performance examination; or (ii) work as a venue coordinator for those examinations.\n04/02/22: added booster exemption for people under 18\n25/02/22:Booster requirements have been included to allow specified workers who are fully vaccinated but not yet boosted, 18 years and over and not excepted persons to work onsite in the following limited circumstances including working on site for up to 3 months and 14 days	Pandemic COVID-19 Mandatory\nVaccination (Specified Workers) Order 2022 (No. 2)	A person must not refuse or fail to comply with a direction given to the person, or a requirement made of the person, in the exercise of a power under an authorisation given under section 199.\nIn the case of a natural person, 120 penalty units; In the case of a body corporate, 600 penalty units.\nGiving false and misleading information to an authorised officer. In the case of a natural person, 60 penalty units;In the case of a body corporate, 300 penalty units.	Minister for Health								Pandemic Order	VICEFAD00V2	
118	VIC	(BOOSTER) Pandemic COVID-19 Mandatory Vaccination (Specified Workers) Order 2022 (No. 2)	Employment	meat and seafood\nprocessing worker booster dose		2022-01-12	2022-02-12	2022-06-26	Not included in Pandemic (Workplace) Order 2022 (No. 9)	7/10/21-15/12/21: COVID-19 Mandatory Vaccination (Workers) Directions No.1-No.8\n15/12/21: Pandemic COVID-19 Mandatory Vaccination (Specified Workers) Order 2021 (No 1) revoked previous order\n12/01/22: Vaccination (Specified Workers) Order 2022 (No 2) introduced booster dose \n04/02/22: Vaccination (Specified Workers) Order 2022 (No 3) added booster exemption for people under 18\n11/02/22: Vaccination (Specified Workers) Order 2022 (No 4) booster deadline is extended to 12/03/22, provided that by 12/03/22 the worker has a booking to receive their booster vaccine dose on or before 12/03/22; and the worker has provided evidence of that booster dose to the operator of workplace.\n25/02/22: Vaccination (Specified Workers) Order 2022 (No 5). Booster requirements have been included to allow specified workers who are fully\nvaccinated but not yet boosted, 18 years and over and not excepted persons to work onsite in the\nfollowing limited circumstances including working on site for up to 3 months and 14 days\n22/04/22: Specified Workers Order 2022 (No 6) was revoked by Pandemic (Workplace) Order 2022 (No. 8) to combine Specified Facilities, General Workers, Specified Workers and Open Premises into one order		165	12/02/22- Booster dose deadline for workers that became fully vaccinated by 12/09/21\n12/03/22- Booster dose deadline for workers that became fully vaccinated after 12/09/21\n\n11/02/22: extended booster deadline is to 12/03/22, provided that by 12/03/22 the worker has a booking to receive their booster on or before 12/03/22	if a worker has a booking to receive, by the first dose deadline, they are exempted\nThe exceptional circumstances are:\n(a) a worker is required to perform work or duties that is or are necessary to provide for urgent specialist clinical or medical care due to an emergency situation or a critical unforeseen circumstance; or (b) a worker is required to fill a vacancy to provide urgent care, to maintain quality of care and/or to continue essential operations due to an emergency situation or a critical unforeseen circumstance; or a worker is required to respond to an emergency; or (d) a worker is required to perform urgent and essential work to protect\nthe health and safety of workers or members of the public, or to protect assets and infrastructure; or (e) an education worker that is required to: (i) carry out assessments of an oral or performance examination; or (ii) work as a venue coordinator for those examinations.\n04/02/22: added booster exemption for people under 18\n25/02/22:Booster requirements have been included to allow specified workers who are fully vaccinated but not yet boosted, 18 years and over and not excepted persons to work onsite in the following limited circumstances including working on site for up to 3 months and 14 days	Pandemic COVID-19 Mandatory\nVaccination (Specified Workers) Order 2022 (No. 2)	A person must not refuse or fail to comply with a direction given to the person, or a requirement made of the person, in the exercise of a power under an authorisation given under section 199.\nIn the case of a natural person, 120 penalty units; In the case of a body corporate, 600 penalty units.\nGiving false and misleading information to an authorised officer. In the case of a natural person, 60 penalty units;In the case of a body corporate, 300 penalty units.	Minister for Health								Pandemic Order	VICEMIW00V2	
119	VIC	COVID-19 Mandatory Vaccination Directions	Employment	residential aged care facilities		2021-09-17	2021-10-01	2022-10-12	Pandemic (Workplace) Order 2022 (No. 10) expired	"12/01/22 - Pandemic COVID-19 Mandatory Vaccination (Specified Facilities) Order 2022 (No. 2) introduced booster doses\n04/02/22 - Pandemic COVID-19 Mandatory Vaccination (Specified Facilities) Order 2022 (No. 4) added ""A worker who was unable to become fully vaccinated (boosted) before their booster deadline due to being in self-quarantine or self-isolation may attend the premises of a specified facility if they\nhave a booking to receive a booster vaccine within a specified period.""\n11/02/22- Pandemic COVID-19 Mandatory Vaccination (Specified Facilities) Order 2022 (No. 5) changed booster deadline from 12/02/22 booster deadline to 12/03/22. The booster deadline for residential aged care facility workers that became fully vaccinated after 12/09/22 whose current booster deadline is 1/0322 is amended to 12/3/22.\n66 The definition of healthcare worker for the purposes of this order is amended to exclude healthcare workers to the extent that they are employed at an education facility.\n22/04/22: Revoked by Pandemic (Workplace) Order 2022 (No. 8) to combine Specified Facilities, General Workers, Specified Workers and Open Premises into one order"	115	390	First dose by 1/10/21\nSecond dose by 15/11/21\n\nBetween 17/09-30/09, unvaccinated must wear masks\nRelevant date: From 30/09, workers must provide the operator with vaccination status and booking information	(a) a worker that is required to perform work or duties at the work premises that are necessary to provide for urgent specialist clinical or medical care at the work premises due to an emergency situation or a critical unforeseen circumstance; or (b) a worker that is deployed to fill a vacancy to provide urgent care, to maintain quality of care and/or continue essential operations at the work premises due to an emergency situation or a critical unforeseen circumstance; or (c) a worker who is required to attend the premises to respond to an emergency at the work premises; or (d) a worker who is required to perform urgent and essential work at the work premises to protect the health and safety of workers or members of the public, or to protect assets and infrastructure.\n	COVID-19 Mandatory Vaccination Directions (No 2)\nCOVID-19 Mandatory Vaccination (Specified Facilities)\nDirections (No 10)	An operator of a residential aged care facility must request, collect and store information about workers' vaccination statuses and whether bookings have been made to receive partial and full vaccines\nA person must not refuse or fail to comply with a direction given to the person, or a requirement made of the person, in the exercise of a power under an authorisation given under section 199.\nIn the case of a natural person, 120 penalty units; In the case of a body corporate, 600 penalty units.\n(2) A person is not guilty of an offence against subsection (1) if the person had a reasonable excuse for refusing or failing to comply with the direction or requirement.	Minister for Health								Pandemic Order	VICERACT1V1	
120	VIC	COVID-19 Mandatory Vaccination Directions	Employment	construction sites		2021-09-17	2021-10-02	2022-10-12	Pandemic (Workplace) Order 2022 (No. 10) expired	22/04/22: Revoked by Pandemic (Workplace) Order 2022 (No. 8) to combine Specified Facilities, General Workers, Specified Workers and Open Premises into one order		390	First dose by 2/10/21\n\nRelevant date: From 24/09/21 workers who have not booked their first dose cannot enter the premises	(a) a worker that is required to perform work or duties at the work premises that are necessary to provide for urgent specialist clinical or medical care at the work premises due to an emergency situation or a critical unforeseen circumstance; or (b) a worker that is deployed to fill a vacancy to provide urgent care, to maintain quality of care and/or continue essential operations at the work premises due to an emergency situation or a critical unforeseen circumstance; or (c) a worker who is required to attend the premises to respond to an emergency at the work premises; or (d) a worker who is required to perform urgent and essential work at the work premises to protect the health and safety of workers or members of the public, or to protect assets and infrastructure.\n	COVID-19 Mandatory Vaccination Directions (No 2)\nCOVID-19 Mandatory Vaccination (Specified Facilities)\nDirections (No 10)	A person must not refuse or fail to comply with a direction given to the person, or a requirement made of the person, in the exercise of a power under an authorisation given under section 199.\nIn the case of a natural person, 120 penalty units; In the case of a body corporate, 600 penalty units.\n(2) A person is not guilty of an offence against subsection (1) if the person had a reasonable excuse for refusing or failing to comply with the direction or requirement.	Minister for Health						21/09/21: The country has so far recorded just over 87,000 cases of Covid-19, and 1,167 coronavirus-related deaths, according to the latest Johns Hopkins University data.\nHowever, about half the population has recently been placed in lockdown due to outbreaks in the cities of Melbourne, Sydney and Canberra, with the Delta variant causing cases to rise more rapidly.	[Source date unresolved: VIC!A21 / announcement_date]\nEarlier than 21/09/21 as there was a violent vaccine mandate protest then https://www.bbc.com/news/world-australia-58628629 	Pandemic Order	VICEBCW0000	
121	VIC	COVID-19 Mandatory Vaccination Directions	Employment	commercial freight workers		2021-09-23	2021-10-07	2022-10-12	Pandemic (Workplace) Order 2022 (No. 10) expired	22/04/22: Revoked by Pandemic (Workplace) Order 2022 (No. 8) to combine Specified Facilities, General Workers, Specified Workers and Open Premises into one order		384	From 24/09/21, workers must provide evidence that they have received a partial or full COVID-19 vaccination; or they have made a booking to receive a dose by 7 October 2021	(a) a worker that is required to perform work or duties at the work premises that are necessary to provide for urgent specialist clinical or medical care at the work premises due to an emergency situation or a critical unforeseen circumstance; or (b) a worker that is deployed to fill a vacancy to provide urgent care, to maintain quality of care and/or continue essential operations at the work premises due to an emergency situation or a critical unforeseen circumstance; or (c) a worker who is required to attend the premises to respond to an emergency at the work premises; or (d) a worker who is required to perform urgent and essential work at the work premises to protect the health and safety of workers or members of the public, or to protect assets and infrastructure.\n	COVID-19 Mandatory Vaccination Directions (No 3)\n	A person must not refuse or fail to comply with a direction given to the person, or a requirement made of the person, in the exercise of a power under an authorisation given under section 199.\nIn the case of a natural person, 120 penalty units; In the case of a body corporate, 600 penalty units.\n(2) A person is not guilty of an offence against subsection (1) if the person had a reasonable excuse for refusing or failing to comply with the direction or requirement.	Minister for Health								Pandemic Order	VICETFL0000	
122	VIC	COVID-19 Mandatory Vaccination (Workers) Directions	Employment	accommodation worker	2021-10-01	2021-10-07	2021-10-22	2022-10-12	Pandemic (Workplace) Order 2022 (No. 10) expired	7/10/21-15/12/21: COVID-19 Mandatory Vaccination (Workers) Directions No.1-No.8\n15/12/21: Pandemic COVID-19 Mandatory Vaccination (Specified Workers) Order 2021 (No 1) revoked previous order\n12/01/22: Vaccination (Specified Workers) Order 2022 (No 2) introduced booster dose \n04/02/22: Vaccination (Specified Workers) Order 2022 (No 3) added booster exemption for people under 18\n11/02/22: Vaccination (Specified Workers) Order 2022 (No 4) booster deadline is extended to 12/03/22, provided that: By 12/03/22 the worker has a booking to receive their booster vaccine dose on or before 12/0322; and the worker has provided evidence of that booster dose to the operator of workplace.\n25/02/22: Vaccination (Specified Workers) Order 2022 (No 5). Booster requirements have been included to allow specified workers who are fully\nvaccinated but not yet boosted, 18 years and over and not excepted persons to work onsite in the\nfollowing limited circumstances including working on site for up to 3 months and 14 days\n22/04/22: Specified Workers Order 2022 (No 6) was revoked by Pandemic (Workplace) Order 2022 (No. 8) to combine Specified Facilities, General Workers, Specified Workers and Open Premises into one order	162	376	From 15/10/21, employees must provide vaccination information including bookings to receive doses\nFirst dose by 22/10/21\nSecond dose by 26/11/21	if a worker has a booking to receive, by the first dose deadline, they are exempted\nThe exceptional circumstances are:\n(a) a worker is required to perform work or duties that is or are necessary to provide for urgent specialist clinical or medical care due to an emergency situation or a critical unforeseen circumstance; or (b) a worker is required to fill a vacancy to provide urgent care, to maintain quality of care and/or to continue essential operations due to an emergency situation or a critical unforeseen circumstance; or a worker is required to respond to an emergency; or (d) a worker is required to perform urgent and essential work to protect\nthe health and safety of workers or members of the public, or to protect assets and infrastructure; or (e) an education worker that is required to: (i) carry out assessments of an oral or performance examination; or (ii) work as a venue coordinator for those examinations.	COVID-19 Mandatory Vaccination (Workers) Directions	A person must not refuse or fail to comply with a direction given to the person, or a requirement made of the person, in the exercise of a power under an authorisation given under section 199.\nIn the case of a natural person, 120 penalty units; In the case of a body corporate, 600 penalty units.\nGiving false and misleading information to an authorised officer. In the case of a natural person, 60 penalty units;In the case of a body corporate, 300 penalty units.	Minister for Health								Pandemic Order	VICEOTHT200	
123	VIC	COVID-19 Mandatory Vaccination (Workers) Directions	Employment	agricultural and forestry worker	2021-10-01	2021-10-07	2021-10-22	2022-10-12	Pandemic (Workplace) Order 2022 (No. 10) expired	7/10/21-15/12/21: COVID-19 Mandatory Vaccination (Workers) Directions No.1-No.8\n15/12/21: Pandemic COVID-19 Mandatory Vaccination (Specified Workers) Order 2021 (No 1) revoked previous order\n12/01/22: Vaccination (Specified Workers) Order 2022 (No 2) introduced booster dose \n04/02/22: Vaccination (Specified Workers) Order 2022 (No 3) added booster exemption for people under 18\n11/02/22: Vaccination (Specified Workers) Order 2022 (No 4) booster deadline is extended to 12/03/22, provided that: By 12/03/22 the worker has a booking to receive their booster vaccine dose on or before 12/0322; and the worker has provided evidence of that booster dose to the operator of workplace.\n25/02/22: Vaccination (Specified Workers) Order 2022 (No 5). Booster requirements have been included to allow specified workers who are fully\nvaccinated but not yet boosted, 18 years and over and not excepted persons to work onsite in the\nfollowing limited circumstances including working on site for up to 3 months and 14 days\n22/04/22: Specified Workers Order 2022 (No 6) was revoked by Pandemic (Workplace) Order 2022 (No. 8) to combine Specified Facilities, General Workers, Specified Workers and Open Premises into one order		376	From 15/10/21, employees must provide vaccination information including bookings to receive doses\nFirst dose by 22/10/21\nSecond dose by 26/11/22 in order to work outside their place of residence	(a) is unvaccinated or partially vaccinated; and\n(b) is employed or engaged by the employer through the Pacific Australia Labour Mobility scheme; and (c) has a booking to receive a dose of a COVID-19 vaccine that will cause the worker to become partially vaccinated or fully vaccinated within 4 weeks of arriving in Australia.\nif a worker has a booking to receive, by the first dose deadline, they are exempted\nThe exceptional circumstances are:\n(a) a worker is required to perform work or duties that is or are necessary to provide for urgent specialist clinical or medical care due to an emergency situation or a critical unforeseen circumstance; or (b) a worker is required to fill a vacancy to provide urgent care, to maintain quality of care and/or to continue essential operations due to an emergency situation or a critical unforeseen circumstance; or a worker is required to respond to an emergency; or (d) a worker is required to perform urgent and essential work to protect\nthe health and safety of workers or members of the public, or to protect assets and infrastructure; or (e) an education worker that is required to: (i) carry out assessments of an oral or performance examination; or (ii) work as a venue coordinator for those examinations.	COVID-19 Mandatory Vaccination (Workers) Directions	A person must not refuse or fail to comply with a direction given to the person, or a requirement made of the person, in the exercise of a power under an authorisation given under section 199.\nIn the case of a natural person, 120 penalty units; In the case of a body corporate, 600 penalty units.\nGiving false and misleading information to an authorised officer. In the case of a natural person, 60 penalty units;In the case of a body corporate, 300 penalty units.	Minister for Health								Pandemic Order	VICEOTHT300	
124	VIC	COVID-19 Mandatory Vaccination (Workers) Directions	Employment	airport worker	2021-10-01	2021-10-07	2021-10-22	2022-10-12	Pandemic (Workplace) Order 2022 (No. 10) expired	7/10/21-15/12/21: COVID-19 Mandatory Vaccination (Workers) Directions No.1-No.8\n15/12/21: Pandemic COVID-19 Mandatory Vaccination (Specified Workers) Order 2021 (No 1) revoked previous order\n12/01/22: Vaccination (Specified Workers) Order 2022 (No 2) introduced booster dose \n04/02/22: Vaccination (Specified Workers) Order 2022 (No 3) added booster exemption for people under 18\n11/02/22: Vaccination (Specified Workers) Order 2022 (No 4) booster deadline is extended to 12/03/22, provided that: By 12/03/22 the worker has a booking to receive their booster vaccine dose on or before 12/0322; and the worker has provided evidence of that booster dose to the operator of workplace.\n25/02/22: Vaccination (Specified Workers) Order 2022 (No 5). Booster requirements have been included to allow specified workers who are fully\nvaccinated but not yet boosted, 18 years and over and not excepted persons to work onsite in the\nfollowing limited circumstances including working on site for up to 3 months and 14 days\n22/04/22: Specified Workers Order 2022 (No 6) was revoked by Pandemic (Workplace) Order 2022 (No. 8) to combine Specified Facilities, General Workers, Specified Workers and Open Premises into one order		376	From 15/10/21, employees must provide vaccination information including bookings to receive doses\nFirst dose by 22/10/21\nSecond dose by 26/11/22 in order to work outside their place of residence	if a worker has a booking to receive, by the first dose deadline, they are exempted\nThe exceptional circumstances are:\n(a) a worker is required to perform work or duties that is or are necessary to provide for urgent specialist clinical or medical care due to an emergency situation or a critical unforeseen circumstance; or (b) a worker is required to fill a vacancy to provide urgent care, to maintain quality of care and/or to continue essential operations due to an emergency situation or a critical unforeseen circumstance; or a worker is required to respond to an emergency; or (d) a worker is required to perform urgent and essential work to protect\nthe health and safety of workers or members of the public, or to protect assets and infrastructure; or (e) an education worker that is required to: (i) carry out assessments of an oral or performance examination; or (ii) work as a venue coordinator for those examinations.	COVID-19 Mandatory Vaccination (Workers) Directions	A person must not refuse or fail to comply with a direction given to the person, or a requirement made of the person, in the exercise of a power under an authorisation given under section 199.\nIn the case of a natural person, 120 penalty units; In the case of a body corporate, 600 penalty units.\nGiving false and misleading information to an authorised officer. In the case of a natural person, 60 penalty units;In the case of a body corporate, 300 penalty units.	Minister for Health								Pandemic Order	VICEOTHT400	
125	VIC	COVID-19 Mandatory Vaccination (Workers) Directions	Employment	ancillary, support and welfare worker	2021-10-01	2021-10-07	2021-10-22	2022-10-12	Pandemic (Workplace) Order 2022 (No. 10) expired	7/10/21-15/12/21: COVID-19 Mandatory Vaccination (Workers) Directions No.1-No.8\n15/12/21: Pandemic COVID-19 Mandatory Vaccination (Specified Workers) Order 2021 (No 1) revoked previous order\n12/01/22: Vaccination (Specified Workers) Order 2022 (No 2) introduced booster dose \n04/02/22: Vaccination (Specified Workers) Order 2022 (No 3) added booster exemption for people under 18\n11/02/22: Vaccination (Specified Workers) Order 2022 (No 4) booster deadline is extended to 12/03/22, provided that: By 12/03/22 the worker has a booking to receive their booster vaccine dose on or before 12/0322; and the worker has provided evidence of that booster dose to the operator of workplace.\n25/02/22: Vaccination (Specified Workers) Order 2022 (No 5). Booster requirements have been included to allow specified workers who are fully\nvaccinated but not yet boosted, 18 years and over and not excepted persons to work onsite in the\nfollowing limited circumstances including working on site for up to 3 months and 14 days\n22/04/22: Specified Workers Order 2022 (No 6) was revoked by Pandemic (Workplace) Order 2022 (No. 8) to combine Specified Facilities, General Workers, Specified Workers and Open Premises into one order		376	From 15/10/21, employees must provide vaccination information including bookings to receive doses\nFirst dose by 22/10/21\nSecond dose by 26/11/22 in order to work outside their place of residence	if a worker has a booking to receive, by the first dose deadline, they are exempted\nThe exceptional circumstances are:\n(a) a worker is required to perform work or duties that is or are necessary to provide for urgent specialist clinical or medical care due to an emergency situation or a critical unforeseen circumstance; or (b) a worker is required to fill a vacancy to provide urgent care, to maintain quality of care and/or to continue essential operations due to an emergency situation or a critical unforeseen circumstance; or a worker is required to respond to an emergency; or (d) a worker is required to perform urgent and essential work to protect\nthe health and safety of workers or members of the public, or to protect assets and infrastructure; or (e) an education worker that is required to: (i) carry out assessments of an oral or performance examination; or (ii) work as a venue coordinator for those examinations.	COVID-19 Mandatory Vaccination (Workers) Directions	A person must not refuse or fail to comply with a direction given to the person, or a requirement made of the person, in the exercise of a power under an authorisation given under section 199.\nIn the case of a natural person, 120 penalty units; In the case of a body corporate, 600 penalty units.\nGiving false and misleading information to an authorised officer. In the case of a natural person, 60 penalty units;In the case of a body corporate, 300 penalty units.	Minister for Health								Pandemic Order	VICEOTHT500	
126	VIC	COVID-19 Mandatory Vaccination (Workers) Directions	Employment	authorised officer	2021-10-01	2021-10-07	2021-10-22	2022-10-12	Pandemic (Workplace) Order 2022 (No. 10) expired	7/10/21-15/12/21: COVID-19 Mandatory Vaccination (Workers) Directions No.1-No.8\n15/12/21: Pandemic COVID-19 Mandatory Vaccination (Specified Workers) Order 2021 (No 1) revoked previous order\n12/01/22: Vaccination (Specified Workers) Order 2022 (No 2) introduced booster dose \n04/02/22: Vaccination (Specified Workers) Order 2022 (No 3) added booster exemption for people under 18\n11/02/22: Vaccination (Specified Workers) Order 2022 (No 4) booster deadline is extended to 12/03/22, provided that: By 12/03/22 the worker has a booking to receive their booster vaccine dose on or before 12/0322; and the worker has provided evidence of that booster dose to the operator of workplace.\n25/02/22: Vaccination (Specified Workers) Order 2022 (No 5). Booster requirements have been included to allow specified workers who are fully\nvaccinated but not yet boosted, 18 years and over and not excepted persons to work onsite in the\nfollowing limited circumstances including working on site for up to 3 months and 14 days\n22/04/22: Specified Workers Order 2022 (No 6) was revoked by Pandemic (Workplace) Order 2022 (No. 8) to combine Specified Facilities, General Workers, Specified Workers and Open Premises into one order		376	From 15/10/21, employees must provide vaccination information including bookings to receive doses\nFirst dose by 22/10/21\nSecond dose by 26/11/22 in order to work outside their place of residence	if a worker has a booking to receive, by the first dose deadline, they are exempted\nThe exceptional circumstances are:\n(a) a worker is required to perform work or duties that is or are necessary to provide for urgent specialist clinical or medical care due to an emergency situation or a critical unforeseen circumstance; or (b) a worker is required to fill a vacancy to provide urgent care, to maintain quality of care and/or to continue essential operations due to an emergency situation or a critical unforeseen circumstance; or a worker is required to respond to an emergency; or (d) a worker is required to perform urgent and essential work to protect\nthe health and safety of workers or members of the public, or to protect assets and infrastructure; or (e) an education worker that is required to: (i) carry out assessments of an oral or performance examination; or (ii) work as a venue coordinator for those examinations.	COVID-19 Mandatory Vaccination (Workers) Directions	A person must not refuse or fail to comply with a direction given to the person, or a requirement made of the person, in the exercise of a power under an authorisation given under section 199.\nIn the case of a natural person, 120 penalty units; In the case of a body corporate, 600 penalty units.\nGiving false and misleading information to an authorised officer. In the case of a natural person, 60 penalty units;In the case of a body corporate, 300 penalty units.	Minister for Health								Pandemic Order	VICEOTHT600	
127	VIC	COVID-19 Mandatory Vaccination (Workers) Directions	Employment	care worker	2021-10-01	2021-10-07	2021-10-22	2022-10-12	Pandemic (Workplace) Order 2022 (No. 10) expired	7/10/21-15/12/21: COVID-19 Mandatory Vaccination (Workers) Directions No.1-No.8\n15/12/21: Pandemic COVID-19 Mandatory Vaccination (Specified Workers) Order 2021 (No 1) revoked previous order\n12/01/22: Vaccination (Specified Workers) Order 2022 (No 2) introduced booster dose \n04/02/22: Vaccination (Specified Workers) Order 2022 (No 3) added booster exemption for people under 18\n11/02/22: Vaccination (Specified Workers) Order 2022 (No 4) booster deadline is extended to 12/03/22, provided that: By 12/03/22 the worker has a booking to receive their booster vaccine dose on or before 12/0322; and the worker has provided evidence of that booster dose to the operator of workplace.\n25/02/22: Vaccination (Specified Workers) Order 2022 (No 5). Booster requirements have been included to allow specified workers who are fully\nvaccinated but not yet boosted, 18 years and over and not excepted persons to work onsite in the\nfollowing limited circumstances including working on site for up to 3 months and 14 days\n22/04/22: Specified Workers Order 2022 (No 6) was revoked by Pandemic (Workplace) Order 2022 (No. 8) to combine Specified Facilities, General Workers, Specified Workers and Open Premises into one order		376	From 15/10/21, employees must provide vaccination information including bookings to receive doses\nFirst dose by 22/10/21\nSecond dose by 26/11/22 in order to work outside their place of residence\nMust not enter\nthe care facility where:\n(a) the employee or contractor has, on or after 4/10/20, worked at another care facility at the time a confirmed case was present at that other facility unless they are fully vaccinated and 7 days has passed. For unvaccinated workers, it is 14 days	if a worker has a booking to receive, by the first dose deadline, they are exempted\nThe exceptional circumstances are:\n(a) a worker is required to perform work or duties that is or are necessary to provide for urgent specialist clinical or medical care due to an emergency situation or a critical unforeseen circumstance; or (b) a worker is required to fill a vacancy to provide urgent care, to maintain quality of care and/or to continue essential operations due to an emergency situation or a critical unforeseen circumstance; or a worker is required to respond to an emergency; or (d) a worker is required to perform urgent and essential work to protect\nthe health and safety of workers or members of the public, or to protect assets and infrastructure; or (e) an education worker that is required to: (i) carry out assessments of an oral or performance examination; or (ii) work as a venue coordinator for those examinations.	COVID-19 Mandatory Vaccination (Workers) Directions\nGuidance for the Pandemic (Additional Industry Obligations) Order 2021 (No. 1)	A person must not refuse or fail to comply with a direction given to the person, or a requirement made of the person, in the exercise of a power under an authorisation given under section 199.\nIn the case of a natural person, 120 penalty units; In the case of a body corporate, 600 penalty units.\nGiving false and misleading information to an authorised officer. In the case of a natural person, 60 penalty units;In the case of a body corporate, 300 penalty units.	Minister for Health								Pandemic Order	VICEOTHT700	
128	VIC	COVID-19 Mandatory Vaccination (Workers) Directions	Employment	community worker	2021-10-01	2021-10-07	2021-10-22	2022-10-12	Pandemic (Workplace) Order 2022 (No. 10) expired	7/10/21-15/12/21: COVID-19 Mandatory Vaccination (Workers) Directions No.1-No.8\n15/12/21: Pandemic COVID-19 Mandatory Vaccination (Specified Workers) Order 2021 (No 1) revoked previous order\n12/01/22: Vaccination (Specified Workers) Order 2022 (No 2) introduced booster dose \n04/02/22: Vaccination (Specified Workers) Order 2022 (No 3) added booster exemption for people under 18\n11/02/22: Vaccination (Specified Workers) Order 2022 (No 4) booster deadline is extended to 12/03/22, provided that: By 12/03/22 the worker has a booking to receive their booster vaccine dose on or before 12/0322; and the worker has provided evidence of that booster dose to the operator of workplace.\n25/02/22: Vaccination (Specified Workers) Order 2022 (No 5). Booster requirements have been included to allow specified workers who are fully\nvaccinated but not yet boosted, 18 years and over and not excepted persons to work onsite in the\nfollowing limited circumstances including working on site for up to 3 months and 14 days\n22/04/22: Specified Workers Order 2022 (No 6) was revoked by Pandemic (Workplace) Order 2022 (No. 8) to combine Specified Facilities, General Workers, Specified Workers and Open Premises into one order		376	From 15/10/21, employees must provide vaccination information including bookings to receive doses\nFirst dose by 22/10/21\nSecond dose by 26/11/22 in order to work outside their place of residence	if a worker has a booking to receive, by the first dose deadline, they are exempted\nThe exceptional circumstances are:\n(a) a worker is required to perform work or duties that is or are necessary to provide for urgent specialist clinical or medical care due to an emergency situation or a critical unforeseen circumstance; or (b) a worker is required to fill a vacancy to provide urgent care, to maintain quality of care and/or to continue essential operations due to an emergency situation or a critical unforeseen circumstance; or a worker is required to respond to an emergency; or (d) a worker is required to perform urgent and essential work to protect\nthe health and safety of workers or members of the public, or to protect assets and infrastructure; or (e) an education worker that is required to: (i) carry out assessments of an oral or performance examination; or (ii) work as a venue coordinator for those examinations.	COVID-19 Mandatory Vaccination (Workers) Directions	A person must not refuse or fail to comply with a direction given to the person, or a requirement made of the person, in the exercise of a power under an authorisation given under section 199.\nIn the case of a natural person, 120 penalty units; In the case of a body corporate, 600 penalty units.\nGiving false and misleading information to an authorised officer. In the case of a natural person, 60 penalty units;In the case of a body corporate, 300 penalty units.	Minister for Health								Pandemic Order	VICEOTHT800	
129	VIC	COVID-19 Mandatory Vaccination (Workers) Directions	Employment	creative arts worker	2021-10-01	2021-10-07	2021-10-22	2022-10-12	Pandemic (Workplace) Order 2022 (No. 10) expired	7/10/21-15/12/21: COVID-19 Mandatory Vaccination (Workers) Directions No.1-No.8\n15/12/21: Pandemic COVID-19 Mandatory Vaccination (Specified Workers) Order 2021 (No 1) revoked previous order\n12/01/22: Vaccination (Specified Workers) Order 2022 (No 2) introduced booster dose \n04/02/22: Vaccination (Specified Workers) Order 2022 (No 3) added booster exemption for people under 18\n11/02/22: Vaccination (Specified Workers) Order 2022 (No 4) booster deadline is extended to 12/03/22, provided that: By 12/03/22 the worker has a booking to receive their booster vaccine dose on or before 12/0322; and the worker has provided evidence of that booster dose to the operator of workplace.\n25/02/22: Vaccination (Specified Workers) Order 2022 (No 5). Booster requirements have been included to allow specified workers who are fully\nvaccinated but not yet boosted, 18 years and over and not excepted persons to work onsite in the\nfollowing limited circumstances including working on site for up to 3 months and 14 days		376	From 15/10/21, employees must provide vaccination information including bookings to receive doses\nFirst dose by 22/10/21\nSecond dose by 26/11/22 in order to work outside their place of residence	if a worker has a booking to receive, by the first dose deadline, they are exempted\nThe exceptional circumstances are:\n(a) a worker is required to perform work or duties that is or are necessary to provide for urgent specialist clinical or medical care due to an emergency situation or a critical unforeseen circumstance; or (b) a worker is required to fill a vacancy to provide urgent care, to maintain quality of care and/or to continue essential operations due to an emergency situation or a critical unforeseen circumstance; or a worker is required to respond to an emergency; or (d) a worker is required to perform urgent and essential work to protect\nthe health and safety of workers or members of the public, or to protect assets and infrastructure; or (e) an education worker that is required to: (i) carry out assessments of an oral or performance examination; or (ii) work as a venue coordinator for those examinations.	COVID-19 Mandatory Vaccination (Workers) Directions	A person must not refuse or fail to comply with a direction given to the person, or a requirement made of the person, in the exercise of a power under an authorisation given under section 199.\nIn the case of a natural person, 120 penalty units; In the case of a body corporate, 600 penalty units.\nGiving false and misleading information to an authorised officer. In the case of a natural person, 60 penalty units;In the case of a body corporate, 300 penalty units.	Minister for Health								Pandemic Order	VICEOTHT900	
130	VIC	COVID-19 Mandatory Vaccination (Workers) Directions	Employment	custodial worker	2021-10-01	2021-10-07	2021-10-22	2022-10-12	Pandemic (Workplace) Order 2022 (No. 10) expired	7/10/21-15/12/21: COVID-19 Mandatory Vaccination (Workers) Directions No.1-No.8\n15/12/21: Pandemic COVID-19 Mandatory Vaccination (Specified Workers) Order 2021 (No 1) revoked previous order\n12/01/22: Vaccination (Specified Workers) Order 2022 (No 2) introduced booster dose \n04/02/22: Vaccination (Specified Workers) Order 2022 (No 3) added booster exemption for people under 18\n11/02/22: Vaccination (Specified Workers) Order 2022 (No 4) booster deadline is extended to 12/03/22, provided that: By 12/03/22 the worker has a booking to receive their booster vaccine dose on or before 12/0322; and the worker has provided evidence of that booster dose to the operator of workplace.\n25/02/22: Vaccination (Specified Workers) Order 2022 (No 5). Booster requirements have been included to allow specified workers who are fully\nvaccinated but not yet boosted, 18 years and over and not excepted persons to work onsite in the\nfollowing limited circumstances including working on site for up to 3 months and 14 days\n22/04/22: Specified Workers Order 2022 (No 6) was revoked by Pandemic (Workplace) Order 2022 (No. 8) to combine Specified Facilities, General Workers, Specified Workers and Open Premises into one order	159	376	From 15/10/21, employees must provide vaccination information including bookings to receive doses\nFirst dose by 22/10/21\nSecond dose by 26/11/22 in order to work outside their place of residence	if a worker has a booking to receive, by the first dose deadline, they are exempted\nThe exceptional circumstances are:\n(a) a worker is required to perform work or duties that is or are necessary to provide for urgent specialist clinical or medical care due to an emergency situation or a critical unforeseen circumstance; or (b) a worker is required to fill a vacancy to provide urgent care, to maintain quality of care and/or to continue essential operations due to an emergency situation or a critical unforeseen circumstance; or a worker is required to respond to an emergency; or (d) a worker is required to perform urgent and essential work to protect\nthe health and safety of workers or members of the public, or to protect assets and infrastructure; or (e) an education worker that is required to: (i) carry out assessments of an oral or performance examination; or (ii) work as a venue coordinator for those examinations.	COVID-19 Mandatory Vaccination (Workers) Directions	A person must not refuse or fail to comply with a direction given to the person, or a requirement made of the person, in the exercise of a power under an authorisation given under section 199.\nIn the case of a natural person, 120 penalty units; In the case of a body corporate, 600 penalty units.\nGiving false and misleading information to an authorised officer. In the case of a natural person, 60 penalty units;In the case of a body corporate, 300 penalty units.	Minister for Health								Pandemic Order	VICEOTHT1V1	
131	VIC	COVID-19 Mandatory Vaccination (Workers) Directions	Employment	emergency service worker (including police, firefighters)	2021-10-01	2021-10-07	2021-10-22	2022-10-12	Pandemic (Workplace) Order 2022 (No. 10) expired	7/10/21-15/12/21: COVID-19 Mandatory Vaccination (Workers) Directions No.1-No.8\n15/12/21: Pandemic COVID-19 Mandatory Vaccination (Specified Workers) Order 2021 (No 1) revoked previous order\n12/01/22: Vaccination (Specified Workers) Order 2022 (No 2) introduced booster dose \n04/02/22: Vaccination (Specified Workers) Order 2022 (No 3) added booster exemption for people under 18\n11/02/22: Vaccination (Specified Workers) Order 2022 (No 4) booster deadline is extended to 12/03/22, provided that: By 12/03/22 the worker has a booking to receive their booster vaccine dose on or before 12/0322; and the worker has provided evidence of that booster dose to the operator of workplace.\n25/02/22: Vaccination (Specified Workers) Order 2022 (No 5). Booster requirements have been included to allow specified workers who are fully\nvaccinated but not yet boosted, 18 years and over and not excepted persons to work onsite in the\nfollowing limited circumstances including working on site for up to 3 months and 14 days\n22/04/22: Specified Workers Order 2022 (No 6) was revoked by Pandemic (Workplace) Order 2022 (No. 8) to combine Specified Facilities, General Workers, Specified Workers and Open Premises into one order	161	376	From 15/10/21, employees must provide vaccination information including bookings to receive doses\nFirst dose by 22/10/21\nSecond dose by 26/11/22 in order to work outside their place of residence	if a worker has a booking to receive, by the first dose deadline, they are exempted\nThe exceptional circumstances are:\n(a) a worker is required to perform work or duties that is or are necessary to provide for urgent specialist clinical or medical care due to an emergency situation or a critical unforeseen circumstance; or (b) a worker is required to fill a vacancy to provide urgent care, to maintain quality of care and/or to continue essential operations due to an emergency situation or a critical unforeseen circumstance; or a worker is required to respond to an emergency; or (d) a worker is required to perform urgent and essential work to protect\nthe health and safety of workers or members of the public, or to protect assets and infrastructure; or (e) an education worker that is required to: (i) carry out assessments of an oral or performance examination; or (ii) work as a venue coordinator for those examinations.	COVID-19 Mandatory Vaccination (Workers) Directions	A person must not refuse or fail to comply with a direction given to the person, or a requirement made of the person, in the exercise of a power under an authorisation given under section 199.\nIn the case of a natural person, 120 penalty units; In the case of a body corporate, 600 penalty units.\nGiving false and misleading information to an authorised officer. In the case of a natural person, 60 penalty units;In the case of a body corporate, 300 penalty units.	Minister for Health								Pandemic Order	VICEFES00V1	
132	VIC	COVID-19 Mandatory Vaccination (Workers) Directions	Employment	entertainment and function worker	2021-10-01	2021-10-07	2021-10-22	2022-10-12	Pandemic (Workplace) Order 2022 (No. 10) expired	7/10/21-15/12/21: COVID-19 Mandatory Vaccination (Workers) Directions No.1-No.8\n15/12/21: Pandemic COVID-19 Mandatory Vaccination (Specified Workers) Order 2021 (No 1) revoked previous order\n12/01/22: Vaccination (Specified Workers) Order 2022 (No 2) introduced booster dose \n04/02/22: Vaccination (Specified Workers) Order 2022 (No 3) added booster exemption for people under 18\n11/02/22: Vaccination (Specified Workers) Order 2022 (No 4) booster deadline is extended to 12/03/22, provided that: By 12/03/22 the worker has a booking to receive their booster vaccine dose on or before 12/0322; and the worker has provided evidence of that booster dose to the operator of workplace.\n25/02/22: Vaccination (Specified Workers) Order 2022 (No 5). Booster requirements have been included to allow specified workers who are fully\nvaccinated but not yet boosted, 18 years and over and not excepted persons to work onsite in the\nfollowing limited circumstances including working on site for up to 3 months and 14 days\n22/04/22: Specified Workers Order 2022 (No 6) was revoked by Pandemic (Workplace) Order 2022 (No. 8) to combine Specified Facilities, General Workers, Specified Workers and Open Premises into one order		376	From 15/10/21, employees must provide vaccination information including bookings to receive doses\nFirst dose by 22/10/21\nSecond dose by 26/11/22 in order to work outside their place of residence	if a worker has a booking to receive, by the first dose deadline, they are exempted\nThe exceptional circumstances are:\n(a) a worker is required to perform work or duties that is or are necessary to provide for urgent specialist clinical or medical care due to an emergency situation or a critical unforeseen circumstance; or (b) a worker is required to fill a vacancy to provide urgent care, to maintain quality of care and/or to continue essential operations due to an emergency situation or a critical unforeseen circumstance; or a worker is required to respond to an emergency; or (d) a worker is required to perform urgent and essential work to protect\nthe health and safety of workers or members of the public, or to protect assets and infrastructure; or (e) an education worker that is required to: (i) carry out assessments of an oral or performance examination; or (ii) work as a venue coordinator for those examinations.	COVID-19 Mandatory Vaccination (Workers) Directions	A person must not refuse or fail to comply with a direction given to the person, or a requirement made of the person, in the exercise of a power under an authorisation given under section 199.\nIn the case of a natural person, 120 penalty units; In the case of a body corporate, 600 penalty units.\nGiving false and misleading information to an authorised officer. In the case of a natural person, 60 penalty units;In the case of a body corporate, 300 penalty units.	Minister for Health								Pandemic Order	VICEOTHT110	
133	VIC	COVID-19 Mandatory Vaccination (Workers) Directions	Employment	funeral worker	2021-10-01	2021-10-07	2021-10-22	2022-10-12	Pandemic (Workplace) Order 2022 (No. 10) expired	7/10/21-15/12/21: COVID-19 Mandatory Vaccination (Workers) Directions No.1-No.8\n15/12/21: Pandemic COVID-19 Mandatory Vaccination (Specified Workers) Order 2021 (No 1) revoked previous order\n12/01/22: Vaccination (Specified Workers) Order 2022 (No 2) introduced booster dose \n04/02/22: Vaccination (Specified Workers) Order 2022 (No 3) added booster exemption for people under 18\n11/02/22: Vaccination (Specified Workers) Order 2022 (No 4) booster deadline is extended to 12/03/22, provided that: By 12/03/22 the worker has a booking to receive their booster vaccine dose on or before 12/0322; and the worker has provided evidence of that booster dose to the operator of workplace.\n25/02/22: Vaccination (Specified Workers) Order 2022 (No 5). Booster requirements have been included to allow specified workers who are fully\nvaccinated but not yet boosted, 18 years and over and not excepted persons to work onsite in the\nfollowing limited circumstances including working on site for up to 3 months and 14 days\n22/04/22: Specified Workers Order 2022 (No 6) was revoked by Pandemic (Workplace) Order 2022 (No. 8) to combine Specified Facilities, General Workers, Specified Workers and Open Premises into one order		376	From 15/10/21, employees must provide vaccination information including bookings to receive doses\nFirst dose by 22/10/21\nSecond dose by 26/11/22 in order to work outside their place of residence	if a worker has a booking to receive, by the first dose deadline, they are exempted\nThe exceptional circumstances are:\n(a) a worker is required to perform work or duties that is or are necessary to provide for urgent specialist clinical or medical care due to an emergency situation or a critical unforeseen circumstance; or (b) a worker is required to fill a vacancy to provide urgent care, to maintain quality of care and/or to continue essential operations due to an emergency situation or a critical unforeseen circumstance; or a worker is required to respond to an emergency; or (d) a worker is required to perform urgent and essential work to protect\nthe health and safety of workers or members of the public, or to protect assets and infrastructure; or (e) an education worker that is required to: (i) carry out assessments of an oral or performance examination; or (ii) work as a venue coordinator for those examinations.	COVID-19 Mandatory Vaccination (Workers) Directions	A person must not refuse or fail to comply with a direction given to the person, or a requirement made of the person, in the exercise of a power under an authorisation given under section 199.\nIn the case of a natural person, 120 penalty units; In the case of a body corporate, 600 penalty units.\nGiving false and misleading information to an authorised officer. In the case of a natural person, 60 penalty units;In the case of a body corporate, 300 penalty units.	Minister for Health								Pandemic Order	VICEOTHT120	
134	VIC	COVID-19 Mandatory Vaccination (Workers) Directions	Employment	higher education worker	2021-10-01	2021-10-07	2021-10-22	2022-10-12	Pandemic (Workplace) Order 2022 (No. 10) expired	7/10/21-15/12/21: COVID-19 Mandatory Vaccination (Workers) Directions No.1-No.8\n15/12/21: Pandemic COVID-19 Mandatory Vaccination (Specified Workers) Order 2021 (No 1) revoked previous order\n12/01/22: Vaccination (Specified Workers) Order 2022 (No 2) introduced booster dose \n04/02/22: Vaccination (Specified Workers) Order 2022 (No 3) added booster exemption for people under 18\n11/02/22: Vaccination (Specified Workers) Order 2022 (No 4) booster deadline is extended to 12/03/22, provided that: By 12/03/22 the worker has a booking to receive their booster vaccine dose on or before 12/0322; and the worker has provided evidence of that booster dose to the operator of workplace.\n25/02/22: Vaccination (Specified Workers) Order 2022 (No 5). Booster requirements have been included to allow specified workers who are fully\nvaccinated but not yet boosted, 18 years and over and not excepted persons to work onsite in the\nfollowing limited circumstances including working on site for up to 3 months and 14 days\n22/04/22: Specified Workers Order 2022 (No 6) was revoked by Pandemic (Workplace) Order 2022 (No. 8) to combine Specified Facilities, General Workers, Specified Workers and Open Premises into one order		376	From 15/10/21, employees must provide vaccination information including bookings to receive doses\nFirst dose by 22/10/21\nSecond dose by 26/11/22 in order to work outside their place of residence	if a worker has a booking to receive, by the first dose deadline, they are exempted\nThe exceptional circumstances are:\n(a) a worker is required to perform work or duties that is or are necessary to provide for urgent specialist clinical or medical care due to an emergency situation or a critical unforeseen circumstance; or (b) a worker is required to fill a vacancy to provide urgent care, to maintain quality of care and/or to continue essential operations due to an emergency situation or a critical unforeseen circumstance; or a worker is required to respond to an emergency; or (d) a worker is required to perform urgent and essential work to protect\nthe health and safety of workers or members of the public, or to protect assets and infrastructure; or (e) an education worker that is required to: (i) carry out assessments of an oral or performance examination; or (ii) work as a venue coordinator for those examinations.	COVID-19 Mandatory Vaccination (Workers) Directions	A person must not refuse or fail to comply with a direction given to the person, or a requirement made of the person, in the exercise of a power under an authorisation given under section 199.\nIn the case of a natural person, 120 penalty units; In the case of a body corporate, 600 penalty units.\nGiving false and misleading information to an authorised officer. In the case of a natural person, 60 penalty units;In the case of a body corporate, 300 penalty units.	Minister for Health								Pandemic Order	VICEOTHT130	
135	VIC	COVID-19 Mandatory Vaccination (Workers) Directions	Employment	justice worker	2021-10-01	2021-10-07	2021-10-22	2022-10-12	Pandemic (Workplace) Order 2022 (No. 10) expired	7/10/21-15/12/21: COVID-19 Mandatory Vaccination (Workers) Directions No.1-No.8\n15/12/21: Pandemic COVID-19 Mandatory Vaccination (Specified Workers) Order 2021 (No 1) revoked previous order\n12/01/22: Vaccination (Specified Workers) Order 2022 (No 2) introduced booster dose \n04/02/22: Vaccination (Specified Workers) Order 2022 (No 3) added booster exemption for people under 18\n11/02/22: Vaccination (Specified Workers) Order 2022 (No 4) booster deadline is extended to 12/03/22, provided that: By 12/03/22 the worker has a booking to receive their booster vaccine dose on or before 12/0322; and the worker has provided evidence of that booster dose to the operator of workplace.\n25/02/22: Vaccination (Specified Workers) Order 2022 (No 5). Booster requirements have been included to allow specified workers who are fully\nvaccinated but not yet boosted, 18 years and over and not excepted persons to work onsite in the\nfollowing limited circumstances including working on site for up to 3 months and 14 days\n22/04/22: Specified Workers Order 2022 (No 6) was revoked by Pandemic (Workplace) Order 2022 (No. 8) to combine Specified Facilities, General Workers, Specified Workers and Open Premises into one order		376	From 15/10/21, employees must provide vaccination information including bookings to receive doses\nFirst dose by 22/10/21\nSecond dose by 26/11/22 in order to work outside their place of residence	if a worker has a booking to receive, by the first dose deadline, they are exempted\nThe exceptional circumstances are:\n(a) a worker is required to perform work or duties that is or are necessary to provide for urgent specialist clinical or medical care due to an emergency situation or a critical unforeseen circumstance; or (b) a worker is required to fill a vacancy to provide urgent care, to maintain quality of care and/or to continue essential operations due to an emergency situation or a critical unforeseen circumstance; or a worker is required to respond to an emergency; or (d) a worker is required to perform urgent and essential work to protect\nthe health and safety of workers or members of the public, or to protect assets and infrastructure; or (e) an education worker that is required to: (i) carry out assessments of an oral or performance examination; or (ii) work as a venue coordinator for those examinations.	COVID-19 Mandatory Vaccination (Workers) Directions	A person must not refuse or fail to comply with a direction given to the person, or a requirement made of the person, in the exercise of a power under an authorisation given under section 199.\nIn the case of a natural person, 120 penalty units; In the case of a body corporate, 600 penalty units.\nGiving false and misleading information to an authorised officer. In the case of a natural person, 60 penalty units;In the case of a body corporate, 300 penalty units.	Minister for Health								Pandemic Order	VICEOTHT140	
136	VIC	COVID-19 Mandatory Vaccination (Workers) Directions	Employment	manufacturing worker	2021-10-01	2021-10-07	2021-10-22	2022-10-12	Pandemic (Workplace) Order 2022 (No. 10) expired	7/10/21-15/12/21: COVID-19 Mandatory Vaccination (Workers) Directions No.1-No.8\n15/12/21: Pandemic COVID-19 Mandatory Vaccination (Specified Workers) Order 2021 (No 1) revoked previous order\n12/01/22: Vaccination (Specified Workers) Order 2022 (No 2) introduced booster dose \n04/02/22: Vaccination (Specified Workers) Order 2022 (No 3) added booster exemption for people under 18\n11/02/22: Vaccination (Specified Workers) Order 2022 (No 4) booster deadline is extended to 12/03/22, provided that: By 12/03/22 the worker has a booking to receive their booster vaccine dose on or before 12/0322; and the worker has provided evidence of that booster dose to the operator of workplace.\n25/02/22: Vaccination (Specified Workers) Order 2022 (No 5). Booster requirements have been included to allow specified workers who are fully\nvaccinated but not yet boosted, 18 years and over and not excepted persons to work onsite in the\nfollowing limited circumstances including working on site for up to 3 months and 14 days\n22/04/22: Specified Workers Order 2022 (No 6) was revoked by Pandemic (Workplace) Order 2022 (No. 8) to combine Specified Facilities, General Workers, Specified Workers and Open Premises into one order		376	From 15/10/21, employees must provide vaccination information including bookings to receive doses\nFirst dose by 22/10/21\nSecond dose by 26/11/22 in order to work outside their place of residence	if a worker has a booking to receive, by the first dose deadline, they are exempted\nThe exceptional circumstances are:\n(a) a worker is required to perform work or duties that is or are necessary to provide for urgent specialist clinical or medical care due to an emergency situation or a critical unforeseen circumstance; or (b) a worker is required to fill a vacancy to provide urgent care, to maintain quality of care and/or to continue essential operations due to an emergency situation or a critical unforeseen circumstance; or a worker is required to respond to an emergency; or (d) a worker is required to perform urgent and essential work to protect\nthe health and safety of workers or members of the public, or to protect assets and infrastructure; or (e) an education worker that is required to: (i) carry out assessments of an oral or performance examination; or (ii) work as a venue coordinator for those examinations.	COVID-19 Mandatory Vaccination (Workers) Directions	A person must not refuse or fail to comply with a direction given to the person, or a requirement made of the person, in the exercise of a power under an authorisation given under section 199.\nIn the case of a natural person, 120 penalty units; In the case of a body corporate, 600 penalty units.\nGiving false and misleading information to an authorised officer. In the case of a natural person, 60 penalty units;In the case of a body corporate, 300 penalty units.	Minister for Health								Pandemic Order	VICEOTHT150	
137	VIC	COVID-19 Mandatory Vaccination (Workers) Directions	Employment	Media and film production worker	2021-10-01	2021-10-07	2021-10-22	2022-10-12	Pandemic (Workplace) Order 2022 (No. 10) expired	7/10/21-15/12/21: COVID-19 Mandatory Vaccination (Workers) Directions No.1-No.8\n15/12/21: Pandemic COVID-19 Mandatory Vaccination (Specified Workers) Order 2021 (No 1) revoked previous order\n12/01/22: Vaccination (Specified Workers) Order 2022 (No 2) introduced booster dose \n04/02/22: Vaccination (Specified Workers) Order 2022 (No 3) added booster exemption for people under 18\n11/02/22: Vaccination (Specified Workers) Order 2022 (No 4) booster deadline is extended to 12/03/22, provided that: By 12/03/22 the worker has a booking to receive their booster vaccine dose on or before 12/0322; and the worker has provided evidence of that booster dose to the operator of workplace.\n25/02/22: Vaccination (Specified Workers) Order 2022 (No 5). Booster requirements have been included to allow specified workers who are fully\nvaccinated but not yet boosted, 18 years and over and not excepted persons to work onsite in the\nfollowing limited circumstances including working on site for up to 3 months and 14 days		376	From 15/10/21, employees must provide vaccination information including bookings to receive doses\nFirst dose by 22/10/21\nSecond dose by 26/11/22 in order to work outside their place of residence	if a worker has a booking to receive, by the first dose deadline, they are exempted\nThe exceptional circumstances are:\n(a) a worker is required to perform work or duties that is or are necessary to provide for urgent specialist clinical or medical care due to an emergency situation or a critical unforeseen circumstance; or (b) a worker is required to fill a vacancy to provide urgent care, to maintain quality of care and/or to continue essential operations due to an emergency situation or a critical unforeseen circumstance; or a worker is required to respond to an emergency; or (d) a worker is required to perform urgent and essential work to protect\nthe health and safety of workers or members of the public, or to protect assets and infrastructure; or (e) an education worker that is required to: (i) carry out assessments of an oral or performance examination; or (ii) work as a venue coordinator for those examinations.	COVID-19 Mandatory Vaccination (Workers) Directions	A person must not refuse or fail to comply with a direction given to the person, or a requirement made of the person, in the exercise of a power under an authorisation given under section 199.\nIn the case of a natural person, 120 penalty units; In the case of a body corporate, 600 penalty units.\nGiving false and misleading information to an authorised officer. In the case of a natural person, 60 penalty units;In the case of a body corporate, 300 penalty units.	Minister for Health								Pandemic Order	VICEOTHT160	
138	VIC	COVID-19 Mandatory Vaccination (Workers) Directions	Employment	mining worker 	2021-10-01	2021-10-07	2021-10-22	2022-10-12	Pandemic (Workplace) Order 2022 (No. 10) expired	7/10/21-15/12/21: COVID-19 Mandatory Vaccination (Workers) Directions No.1-No.8\n15/12/21: Pandemic COVID-19 Mandatory Vaccination (Specified Workers) Order 2021 (No 1) revoked previous order\n12/01/22: Vaccination (Specified Workers) Order 2022 (No 2) introduced booster dose \n04/02/22: Vaccination (Specified Workers) Order 2022 (No 3) added booster exemption for people under 18\n11/02/22: Vaccination (Specified Workers) Order 2022 (No 4) booster deadline is extended to 12/03/22, provided that: By 12/03/22 the worker has a booking to receive their booster vaccine dose on or before 12/0322; and the worker has provided evidence of that booster dose to the operator of workplace.\n25/02/22: Vaccination (Specified Workers) Order 2022 (No 5). Booster requirements have been included to allow specified workers who are fully\nvaccinated but not yet boosted, 18 years and over and not excepted persons to work onsite in the\nfollowing limited circumstances including working on site for up to 3 months and 14 days\n22/04/22: Specified Workers Order 2022 (No 6) was revoked by Pandemic (Workplace) Order 2022 (No. 8) to combine Specified Facilities, General Workers, Specified Workers and Open Premises into one order		376	From 15/10/21, employees must provide vaccination information including bookings to receive doses\nFirst dose by 22/10/21\nSecond dose by 26/11/22 in order to work outside their place of residence	if a worker has a booking to receive, by the first dose deadline, they are exempted\nThe exceptional circumstances are:\n(a) a worker is required to perform work or duties that is or are necessary to provide for urgent specialist clinical or medical care due to an emergency situation or a critical unforeseen circumstance; or (b) a worker is required to fill a vacancy to provide urgent care, to maintain quality of care and/or to continue essential operations due to an emergency situation or a critical unforeseen circumstance; or a worker is required to respond to an emergency; or (d) a worker is required to perform urgent and essential work to protect\nthe health and safety of workers or members of the public, or to protect assets and infrastructure; or (e) an education worker that is required to: (i) carry out assessments of an oral or performance examination; or (ii) work as a venue coordinator for those examinations.	COVID-19 Mandatory Vaccination (Workers) Directions	A person must not refuse or fail to comply with a direction given to the person, or a requirement made of the person, in the exercise of a power under an authorisation given under section 199.\nIn the case of a natural person, 120 penalty units; In the case of a body corporate, 600 penalty units.\nGiving false and misleading information to an authorised officer. In the case of a natural person, 60 penalty units;In the case of a body corporate, 300 penalty units.	Minister for Health								Pandemic Order	VICEOTHT160	
139	VIC	COVID-19 Mandatory Vaccination (Workers) Directions	Employment	physical recreation worker	2021-10-01	2021-10-07	2021-10-22	2022-10-12	Pandemic (Workplace) Order 2022 (No. 10) expired	7/10/21-15/12/21: COVID-19 Mandatory Vaccination (Workers) Directions No.1-No.8\n15/12/21: Pandemic COVID-19 Mandatory Vaccination (Specified Workers) Order 2021 (No 1) revoked previous order\n12/01/22: Vaccination (Specified Workers) Order 2022 (No 2) introduced booster dose \n04/02/22: Vaccination (Specified Workers) Order 2022 (No 3) added booster exemption for people under 18\n11/02/22: Vaccination (Specified Workers) Order 2022 (No 4) booster deadline is extended to 12/03/22, provided that: By 12/03/22 the worker has a booking to receive their booster vaccine dose on or before 12/0322; and the worker has provided evidence of that booster dose to the operator of workplace.\n25/02/22: Vaccination (Specified Workers) Order 2022 (No 5). Booster requirements have been included to allow specified workers who are fully\nvaccinated but not yet boosted, 18 years and over and not excepted persons to work onsite in the\nfollowing limited circumstances including working on site for up to 3 months and 14 days\n22/04/22: Specified Workers Order 2022 (No 6) was revoked by Pandemic (Workplace) Order 2022 (No. 8) to combine Specified Facilities, General Workers, Specified Workers and Open Premises into one order		376	From 15/10/21, employees must provide vaccination information including bookings to receive doses\nFirst dose by 22/10/21\nSecond dose by 26/11/22 in order to work outside their place of residence	if a worker has a booking to receive, by the first dose deadline, they are exempted\nThe exceptional circumstances are:\n(a) a worker is required to perform work or duties that is or are necessary to provide for urgent specialist clinical or medical care due to an emergency situation or a critical unforeseen circumstance; or (b) a worker is required to fill a vacancy to provide urgent care, to maintain quality of care and/or to continue essential operations due to an emergency situation or a critical unforeseen circumstance; or a worker is required to respond to an emergency; or (d) a worker is required to perform urgent and essential work to protect\nthe health and safety of workers or members of the public, or to protect assets and infrastructure; or (e) an education worker that is required to: (i) carry out assessments of an oral or performance examination; or (ii) work as a venue coordinator for those examinations.	COVID-19 Mandatory Vaccination (Workers) Directions	A person must not refuse or fail to comply with a direction given to the person, or a requirement made of the person, in the exercise of a power under an authorisation given under section 199.\nIn the case of a natural person, 120 penalty units; In the case of a body corporate, 600 penalty units.\nGiving false and misleading information to an authorised officer. In the case of a natural person, 60 penalty units;In the case of a body corporate, 300 penalty units.	Minister for Health								Pandemic Order	VICEOTHT170	
140	VIC	COVID-19 Mandatory Vaccination (Workers) Directions	Employment	port or freight worker	2021-10-01	2021-10-07	2021-10-22	2022-10-12	Pandemic (Workplace) Order 2022 (No. 10) expired	7/10/21-15/12/21: COVID-19 Mandatory Vaccination (Workers) Directions No.1-No.8\n15/12/21: Pandemic COVID-19 Mandatory Vaccination (Specified Workers) Order 2021 (No 1) revoked previous order\n12/01/22: Vaccination (Specified Workers) Order 2022 (No 2) introduced booster dose \n04/02/22: Vaccination (Specified Workers) Order 2022 (No 3) added booster exemption for people under 18\n11/02/22: Vaccination (Specified Workers) Order 2022 (No 4) booster deadline is extended to 12/03/22, provided that: By 12/03/22 the worker has a booking to receive their booster vaccine dose on or before 12/0322; and the worker has provided evidence of that booster dose to the operator of workplace.\n25/02/22: Vaccination (Specified Workers) Order 2022 (No 5). Booster requirements have been included to allow specified workers who are fully\nvaccinated but not yet boosted, 18 years and over and not excepted persons to work onsite in the\nfollowing limited circumstances including working on site for up to 3 months and 14 days\n22/04/22: Specified Workers Order 2022 (No 6) was revoked by Pandemic (Workplace) Order 2022 (No. 8) to combine Specified Facilities, General Workers, Specified Workers and Open Premises into one order		376	From 15/10/21, employees must provide vaccination information including bookings to receive doses\nFirst dose by 22/10/21\nSecond dose by 26/11/22 in order to work outside their place of residence	if a worker has a booking to receive, by the first dose deadline, they are exempted\nThe exceptional circumstances are:\n(a) a worker is required to perform work or duties that is or are necessary to provide for urgent specialist clinical or medical care due to an emergency situation or a critical unforeseen circumstance; or (b) a worker is required to fill a vacancy to provide urgent care, to maintain quality of care and/or to continue essential operations due to an emergency situation or a critical unforeseen circumstance; or a worker is required to respond to an emergency; or (d) a worker is required to perform urgent and essential work to protect\nthe health and safety of workers or members of the public, or to protect assets and infrastructure; or (e) an education worker that is required to: (i) carry out assessments of an oral or performance examination; or (ii) work as a venue coordinator for those examinations.	COVID-19 Mandatory Vaccination (Workers) Directions	A person must not refuse or fail to comply with a direction given to the person, or a requirement made of the person, in the exercise of a power under an authorisation given under section 199.\nIn the case of a natural person, 120 penalty units; In the case of a body corporate, 600 penalty units.\nGiving false and misleading information to an authorised officer. In the case of a natural person, 60 penalty units;In the case of a body corporate, 300 penalty units.	Minister for Health								Pandemic Order	VICEOTHT180	
141	VIC	COVID-19 Mandatory Vaccination (Workers) Directions	Employment	professional sports, high performance sports or racing person	2021-10-01	2021-10-07	2021-10-22	2022-10-12	Pandemic (Workplace) Order 2022 (No. 10) expired	7/10/21-15/12/21: COVID-19 Mandatory Vaccination (Workers) Directions No.1-No.8\n15/12/21: Pandemic COVID-19 Mandatory Vaccination (Specified Workers) Order 2021 (No 1) revoked previous order\n12/01/22: Vaccination (Specified Workers) Order 2022 (No 2) introduced booster dose \n04/02/22: Vaccination (Specified Workers) Order 2022 (No 3) added booster exemption for people under 18\n11/02/22: Vaccination (Specified Workers) Order 2022 (No 4) booster deadline is extended to 12/03/22, provided that: By 12/03/22 the worker has a booking to receive their booster vaccine dose on or before 12/0322; and the worker has provided evidence of that booster dose to the operator of workplace.\n25/02/22: Vaccination (Specified Workers) Order 2022 (No 5). Booster requirements have been included to allow specified workers who are fully\nvaccinated but not yet boosted, 18 years and over and not excepted persons to work onsite in the\nfollowing limited circumstances including working on site for up to 3 months and 14 days\n22/04/22: Specified Workers Order 2022 (No 6) was revoked by Pandemic (Workplace) Order 2022 (No. 8) to combine Specified Facilities, General Workers, Specified Workers and Open Premises into one order		376	From 15/10/21, employees must provide vaccination information including bookings to receive doses\nFirst dose by 22/10/21\nSecond dose by 26/11/22 in order to work outside their place of residence	if a worker has a booking to receive, by the first dose deadline, they are exempted\nThe exceptional circumstances are:\n(a) a worker is required to perform work or duties that is or are necessary to provide for urgent specialist clinical or medical care due to an emergency situation or a critical unforeseen circumstance; or (b) a worker is required to fill a vacancy to provide urgent care, to maintain quality of care and/or to continue essential operations due to an emergency situation or a critical unforeseen circumstance; or a worker is required to respond to an emergency; or (d) a worker is required to perform urgent and essential work to protect\nthe health and safety of workers or members of the public, or to protect assets and infrastructure; or (e) an education worker that is required to: (i) carry out assessments of an oral or performance examination; or (ii) work as a venue coordinator for those examinations.	COVID-19 Mandatory Vaccination (Workers) Directions	A person must not refuse or fail to comply with a direction given to the person, or a requirement made of the person, in the exercise of a power under an authorisation given under section 199.\nIn the case of a natural person, 120 penalty units; In the case of a body corporate, 600 penalty units.\nGiving false and misleading information to an authorised officer. In the case of a natural person, 60 penalty units;In the case of a body corporate, 300 penalty units.	Minister for Health								Pandemic Order	VICEOTHT190	
142	VIC	COVID-19 Mandatory Vaccination (Workers) Directions	Employment	professional services worker	2021-10-01	2021-10-07	2021-10-22	2022-10-12	Pandemic (Workplace) Order 2022 (No. 10) expired	7/10/21-15/12/21: COVID-19 Mandatory Vaccination (Workers) Directions No.1-No.8\n15/12/21: Pandemic COVID-19 Mandatory Vaccination (Specified Workers) Order 2021 (No 1) revoked previous order\n12/01/22: Vaccination (Specified Workers) Order 2022 (No 2) introduced booster dose \n04/02/22: Vaccination (Specified Workers) Order 2022 (No 3) added booster exemption for people under 18\n11/02/22: Vaccination (Specified Workers) Order 2022 (No 4) booster deadline is extended to 12/03/22, provided that: By 12/03/22 the worker has a booking to receive their booster vaccine dose on or before 12/0322; and the worker has provided evidence of that booster dose to the operator of workplace.\n25/02/22: Vaccination (Specified Workers) Order 2022 (No 5). Booster requirements have been included to allow specified workers who are fully\nvaccinated but not yet boosted, 18 years and over and not excepted persons to work onsite in the\nfollowing limited circumstances including working on site for up to 3 months and 14 days\n22/04/22: Specified Workers Order 2022 (No 6) was revoked by Pandemic (Workplace) Order 2022 (No. 8) to combine Specified Facilities, General Workers, Specified Workers and Open Premises into one order		376	From 15/10/21, employees must provide vaccination information including bookings to receive doses\nFirst dose by 22/10/21\nSecond dose by 26/11/22 in order to work outside their place of residence	if a worker has a booking to receive, by the first dose deadline, they are exempted\nThe exceptional circumstances are:\n(a) a worker is required to perform work or duties that is or are necessary to provide for urgent specialist clinical or medical care due to an emergency situation or a critical unforeseen circumstance; or (b) a worker is required to fill a vacancy to provide urgent care, to maintain quality of care and/or to continue essential operations due to an emergency situation or a critical unforeseen circumstance; or a worker is required to respond to an emergency; or (d) a worker is required to perform urgent and essential work to protect\nthe health and safety of workers or members of the public, or to protect assets and infrastructure; or (e) an education worker that is required to: (i) carry out assessments of an oral or performance examination; or (ii) work as a venue coordinator for those examinations.	COVID-19 Mandatory Vaccination (Workers) Directions	A person must not refuse or fail to comply with a direction given to the person, or a requirement made of the person, in the exercise of a power under an authorisation given under section 199.\nIn the case of a natural person, 120 penalty units; In the case of a body corporate, 600 penalty units.\nGiving false and misleading information to an authorised officer. In the case of a natural person, 60 penalty units;In the case of a body corporate, 300 penalty units.	Minister for Health								Pandemic Order	VICEOTHT320	
143	VIC	COVID-19 Mandatory Vaccination (Workers) Directions	Employment	public sector worker	2021-10-01	2021-10-07	2021-10-22	2022-10-12	Pandemic (Workplace) Order 2022 (No. 10) expired	7/10/21-15/12/21: COVID-19 Mandatory Vaccination (Workers) Directions No.1-No.8\n15/12/21: Pandemic COVID-19 Mandatory Vaccination (Specified Workers) Order 2021 (No 1) revoked previous order\n12/01/22: Vaccination (Specified Workers) Order 2022 (No 2) introduced booster dose \n04/02/22: Vaccination (Specified Workers) Order 2022 (No 3) added booster exemption for people under 18\n11/02/22: Vaccination (Specified Workers) Order 2022 (No 4) booster deadline is extended to 12/03/22, provided that: By 12/03/22 the worker has a booking to receive their booster vaccine dose on or before 12/0322; and the worker has provided evidence of that booster dose to the operator of workplace.\n25/02/22: Vaccination (Specified Workers) Order 2022 (No 5). Booster requirements have been included to allow specified workers who are fully\nvaccinated but not yet boosted, 18 years and over and not excepted persons to work onsite in the\nfollowing limited circumstances including working on site for up to 3 months and 14 days		376	From 15/10/21, employees must provide vaccination information including bookings to receive doses\nFirst dose by 22/10/21\nSecond dose by 26/11/22 in order to work outside their place of residence	if a worker has a booking to receive, by the first dose deadline, they are exempted\nThe exceptional circumstances are:\n(a) a worker is required to perform work or duties that is or are necessary to provide for urgent specialist clinical or medical care due to an emergency situation or a critical unforeseen circumstance; or (b) a worker is required to fill a vacancy to provide urgent care, to maintain quality of care and/or to continue essential operations due to an emergency situation or a critical unforeseen circumstance; or a worker is required to respond to an emergency; or (d) a worker is required to perform urgent and essential work to protect\nthe health and safety of workers or members of the public, or to protect assets and infrastructure; or (e) an education worker that is required to: (i) carry out assessments of an oral or performance examination; or (ii) work as a venue coordinator for those examinations.	COVID-19 Mandatory Vaccination (Workers) Directions	A person must not refuse or fail to comply with a direction given to the person, or a requirement made of the person, in the exercise of a power under an authorisation given under section 199.\nIn the case of a natural person, 120 penalty units; In the case of a body corporate, 600 penalty units.\nGiving false and misleading information to an authorised officer. In the case of a natural person, 60 penalty units;In the case of a body corporate, 300 penalty units.	Minister for Health								Pandemic Order	VICEOTHT210	
144	VIC	COVID-19 Mandatory Vaccination (Workers) Directions	Employment	real estate worker	2021-10-01	2021-10-07	2021-10-22	2022-10-12	Pandemic (Workplace) Order 2022 (No. 10) expired	7/10/21-15/12/21: COVID-19 Mandatory Vaccination (Workers) Directions No.1-No.8\n15/12/21: Pandemic COVID-19 Mandatory Vaccination (Specified Workers) Order 2021 (No 1) revoked previous order\n12/01/22: Vaccination (Specified Workers) Order 2022 (No 2) introduced booster dose \n04/02/22: Vaccination (Specified Workers) Order 2022 (No 3) added booster exemption for people under 18\n11/02/22: Vaccination (Specified Workers) Order 2022 (No 4) booster deadline is extended to 12/03/22, provided that: By 12/03/22 the worker has a booking to receive their booster vaccine dose on or before 12/0322; and the worker has provided evidence of that booster dose to the operator of workplace.\n25/02/22: Vaccination (Specified Workers) Order 2022 (No 5). Booster requirements have been included to allow specified workers who are fully\nvaccinated but not yet boosted, 18 years and over and not excepted persons to work onsite in the\nfollowing limited circumstances including working on site for up to 3 months and 14 days\n22/04/22: Specified Workers Order 2022 (No 6) was revoked by Pandemic (Workplace) Order 2022 (No. 8) to combine Specified Facilities, General Workers, Specified Workers and Open Premises into one order		376	From 15/10/21, employees must provide vaccination information including bookings to receive doses\nFirst dose by 22/10/21\nSecond dose by 26/11/22 in order to work outside their place of residence	if a worker has a booking to receive, by the first dose deadline, they are exempted\nThe exceptional circumstances are:\n(a) a worker is required to perform work or duties that is or are necessary to provide for urgent specialist clinical or medical care due to an emergency situation or a critical unforeseen circumstance; or (b) a worker is required to fill a vacancy to provide urgent care, to maintain quality of care and/or to continue essential operations due to an emergency situation or a critical unforeseen circumstance; or a worker is required to respond to an emergency; or (d) a worker is required to perform urgent and essential work to protect\nthe health and safety of workers or members of the public, or to protect assets and infrastructure; or (e) an education worker that is required to: (i) carry out assessments of an oral or performance examination; or (ii) work as a venue coordinator for those examinations.	COVID-19 Mandatory Vaccination (Workers) Directions	A person must not refuse or fail to comply with a direction given to the person, or a requirement made of the person, in the exercise of a power under an authorisation given under section 199.\nIn the case of a natural person, 120 penalty units; In the case of a body corporate, 600 penalty units.\nGiving false and misleading information to an authorised officer. In the case of a natural person, 60 penalty units;In the case of a body corporate, 300 penalty units.	Minister for Health								Pandemic Order	VICEOTHT220	
145	VIC	COVID-19 Mandatory Vaccination (Workers) Directions	Employment	religious worker	2021-10-01	2021-10-07	2021-10-22	2022-10-12	Pandemic (Workplace) Order 2022 (No. 10) expired	7/10/21-15/12/21: COVID-19 Mandatory Vaccination (Workers) Directions No.1-No.8\n15/12/21: Pandemic COVID-19 Mandatory Vaccination (Specified Workers) Order 2021 (No 1) revoked previous order\n12/01/22: Vaccination (Specified Workers) Order 2022 (No 2) introduced booster dose \n04/02/22: Vaccination (Specified Workers) Order 2022 (No 3) added booster exemption for people under 18\n11/02/22: Vaccination (Specified Workers) Order 2022 (No 4) booster deadline is extended to 12/03/22, provided that: By 12/03/22 the worker has a booking to receive their booster vaccine dose on or before 12/0322; and the worker has provided evidence of that booster dose to the operator of workplace.\n25/02/22: Vaccination (Specified Workers) Order 2022 (No 5). Booster requirements have been included to allow specified workers who are fully\nvaccinated but not yet boosted, 18 years and over and not excepted persons to work onsite in the\nfollowing limited circumstances including working on site for up to 3 months and 14 days		376	From 15/10/21, employees must provide vaccination information including bookings to receive doses\nFirst dose by 22/10/21\nSecond dose by 26/11/22 in order to work outside their place of residence	if a worker has a booking to receive, by the first dose deadline, they are exempted\nThe exceptional circumstances are:\n(a) a worker is required to perform work or duties that is or are necessary to provide for urgent specialist clinical or medical care due to an emergency situation or a critical unforeseen circumstance; or (b) a worker is required to fill a vacancy to provide urgent care, to maintain quality of care and/or to continue essential operations due to an emergency situation or a critical unforeseen circumstance; or a worker is required to respond to an emergency; or (d) a worker is required to perform urgent and essential work to protect\nthe health and safety of workers or members of the public, or to protect assets and infrastructure; or (e) an education worker that is required to: (i) carry out assessments of an oral or performance examination; or (ii) work as a venue coordinator for those examinations.	COVID-19 Mandatory Vaccination (Workers) Directions	A person must not refuse or fail to comply with a direction given to the person, or a requirement made of the person, in the exercise of a power under an authorisation given under section 199.\nIn the case of a natural person, 120 penalty units; In the case of a body corporate, 600 penalty units.\nGiving false and misleading information to an authorised officer. In the case of a natural person, 60 penalty units;In the case of a body corporate, 300 penalty units.	Minister for Health								Pandemic Order	VICEOTHT230	
146	VIC	COVID-19 Mandatory Vaccination (Workers) Directions	Employment	repair and maintenance worker	2021-10-01	2021-10-07	2021-10-22	2022-10-12	Pandemic (Workplace) Order 2022 (No. 10) expired	7/10/21-15/12/21: COVID-19 Mandatory Vaccination (Workers) Directions No.1-No.8\n15/12/21: Pandemic COVID-19 Mandatory Vaccination (Specified Workers) Order 2021 (No 1) revoked previous order\n12/01/22: Vaccination (Specified Workers) Order 2022 (No 2) introduced booster dose \n04/02/22: Vaccination (Specified Workers) Order 2022 (No 3) added booster exemption for people under 18\n11/02/22: Vaccination (Specified Workers) Order 2022 (No 4) booster deadline is extended to 12/03/22, provided that: By 12/03/22 the worker has a booking to receive their booster vaccine dose on or before 12/0322; and the worker has provided evidence of that booster dose to the operator of workplace.\n25/02/22: Vaccination (Specified Workers) Order 2022 (No 5). Booster requirements have been included to allow specified workers who are fully\nvaccinated but not yet boosted, 18 years and over and not excepted persons to work onsite in the\nfollowing limited circumstances including working on site for up to 3 months and 14 days\n22/04/22: Specified Workers Order 2022 (No 6) was revoked by Pandemic (Workplace) Order 2022 (No. 8) to combine Specified Facilities, General Workers, Specified Workers and Open Premises into one order		376	From 15/10/21, employees must provide vaccination information including bookings to receive doses\nFirst dose by 22/10/21\nSecond dose by 26/11/22 in order to work outside their place of residence	if a worker has a booking to receive, by the first dose deadline, they are exempted\nThe exceptional circumstances are:\n(a) a worker is required to perform work or duties that is or are necessary to provide for urgent specialist clinical or medical care due to an emergency situation or a critical unforeseen circumstance; or (b) a worker is required to fill a vacancy to provide urgent care, to maintain quality of care and/or to continue essential operations due to an emergency situation or a critical unforeseen circumstance; or a worker is required to respond to an emergency; or (d) a worker is required to perform urgent and essential work to protect\nthe health and safety of workers or members of the public, or to protect assets and infrastructure; or (e) an education worker that is required to: (i) carry out assessments of an oral or performance examination; or (ii) work as a venue coordinator for those examinations.	COVID-19 Mandatory Vaccination (Workers) Directions	A person must not refuse or fail to comply with a direction given to the person, or a requirement made of the person, in the exercise of a power under an authorisation given under section 199.\nIn the case of a natural person, 120 penalty units; In the case of a body corporate, 600 penalty units.\nGiving false and misleading information to an authorised officer. In the case of a natural person, 60 penalty units;In the case of a body corporate, 300 penalty units.	Minister for Health								Pandemic Order	VICEOTHT240	
147	VIC	COVID-19 Mandatory Vaccination (Workers) Directions	Employment	retail worker	2021-10-01	2021-10-07	2021-10-22	2022-10-12	Pandemic (Workplace) Order 2022 (No. 10) expired	7/10/21-15/12/21: COVID-19 Mandatory Vaccination (Workers) Directions No.1-No.8\n15/12/21: Pandemic COVID-19 Mandatory Vaccination (Specified Workers) Order 2021 (No 1) revoked previous order\n12/01/22: Vaccination (Specified Workers) Order 2022 (No 2) introduced booster dose \n04/02/22: Vaccination (Specified Workers) Order 2022 (No 3) added booster exemption for people under 18\n11/02/22: Vaccination (Specified Workers) Order 2022 (No 4) booster deadline is extended to 12/03/22, provided that: By 12/03/22 the worker has a booking to receive their booster vaccine dose on or before 12/0322; and the worker has provided evidence of that booster dose to the operator of workplace.\n25/02/22: Vaccination (Specified Workers) Order 2022 (No 5). Booster requirements have been included to allow specified workers who are fully\nvaccinated but not yet boosted, 18 years and over and not excepted persons to work onsite in the\nfollowing limited circumstances including working on site for up to 3 months and 14 days		376	From 15/10/21, employees must provide vaccination information including bookings to receive doses\nFirst dose by 22/10/21\nSecond dose by 26/11/22 in order to work outside their place of residence	if a worker has a booking to receive, by the first dose deadline, they are exempted\nThe exceptional circumstances are:\n(a) a worker is required to perform work or duties that is or are necessary to provide for urgent specialist clinical or medical care due to an emergency situation or a critical unforeseen circumstance; or (b) a worker is required to fill a vacancy to provide urgent care, to maintain quality of care and/or to continue essential operations due to an emergency situation or a critical unforeseen circumstance; or a worker is required to respond to an emergency; or (d) a worker is required to perform urgent and essential work to protect\nthe health and safety of workers or members of the public, or to protect assets and infrastructure; or (e) an education worker that is required to: (i) carry out assessments of an oral or performance examination; or (ii) work as a venue coordinator for those examinations.	COVID-19 Mandatory Vaccination (Workers) Directions	A person must not refuse or fail to comply with a direction given to the person, or a requirement made of the person, in the exercise of a power under an authorisation given under section 199.\nIn the case of a natural person, 120 penalty units; In the case of a body corporate, 600 penalty units.\nGiving false and misleading information to an authorised officer. In the case of a natural person, 60 penalty units;In the case of a body corporate, 300 penalty units.	Minister for Health								Pandemic Order	VICEOTHT250	
148	VIC	COVID-19 Mandatory Vaccination (Workers) Directions	Employment	science and technology worker	2021-10-01	2021-10-07	2021-10-22	2022-10-12	Pandemic (Workplace) Order 2022 (No. 10) expired	7/10/21-15/12/21: COVID-19 Mandatory Vaccination (Workers) Directions No.1-No.8\n15/12/21: Pandemic COVID-19 Mandatory Vaccination (Specified Workers) Order 2021 (No 1) revoked previous order\n12/01/22: Vaccination (Specified Workers) Order 2022 (No 2) introduced booster dose \n04/02/22: Vaccination (Specified Workers) Order 2022 (No 3) added booster exemption for people under 18\n11/02/22: Vaccination (Specified Workers) Order 2022 (No 4) booster deadline is extended to 12/03/22, provided that: By 12/03/22 the worker has a booking to receive their booster vaccine dose on or before 12/0322; and the worker has provided evidence of that booster dose to the operator of workplace.\n25/02/22: Vaccination (Specified Workers) Order 2022 (No 5). Booster requirements have been included to allow specified workers who are fully\nvaccinated but not yet boosted, 18 years and over and not excepted persons to work onsite in the\nfollowing limited circumstances including working on site for up to 3 months and 14 days\n22/04/22: Specified Workers Order 2022 (No 6) was revoked by Pandemic (Workplace) Order 2022 (No. 8) to combine Specified Facilities, General Workers, Specified Workers and Open Premises into one order		376	From 15/10/21, employees must provide vaccination information including bookings to receive doses\nFirst dose by 22/10/21\nSecond dose by 26/11/22 in order to work outside their place of residence	if a worker has a booking to receive, by the first dose deadline, they are exempted\nThe exceptional circumstances are:\n(a) a worker is required to perform work or duties that is or are necessary to provide for urgent specialist clinical or medical care due to an emergency situation or a critical unforeseen circumstance; or (b) a worker is required to fill a vacancy to provide urgent care, to maintain quality of care and/or to continue essential operations due to an emergency situation or a critical unforeseen circumstance; or a worker is required to respond to an emergency; or (d) a worker is required to perform urgent and essential work to protect\nthe health and safety of workers or members of the public, or to protect assets and infrastructure; or (e) an education worker that is required to: (i) carry out assessments of an oral or performance examination; or (ii) work as a venue coordinator for those examinations.	COVID-19 Mandatory Vaccination (Workers) Directions	A person must not refuse or fail to comply with a direction given to the person, or a requirement made of the person, in the exercise of a power under an authorisation given under section 199.\nIn the case of a natural person, 120 penalty units; In the case of a body corporate, 600 penalty units.\nGiving false and misleading information to an authorised officer. In the case of a natural person, 60 penalty units;In the case of a body corporate, 300 penalty units.	Minister for Health								Pandemic Order	VICEOTHT260	
149	VIC	COVID-19 Mandatory Vaccination (Workers) Directions	Employment	social and community service worker	2021-10-01	2021-10-07	2021-10-22	2022-10-12	Pandemic (Workplace) Order 2022 (No. 10) expired	7/10/21-15/12/21: COVID-19 Mandatory Vaccination (Workers) Directions No.1-No.8\n15/12/21: Pandemic COVID-19 Mandatory Vaccination (Specified Workers) Order 2021 (No 1) revoked previous order\n12/01/22: Vaccination (Specified Workers) Order 2022 (No 2) introduced booster dose \n04/02/22: Vaccination (Specified Workers) Order 2022 (No 3) added booster exemption for people under 18\n11/02/22: Vaccination (Specified Workers) Order 2022 (No 4) booster deadline is extended to 12/03/22, provided that: By 12/03/22 the worker has a booking to receive their booster vaccine dose on or before 12/0322; and the worker has provided evidence of that booster dose to the operator of workplace.\n25/02/22: Vaccination (Specified Workers) Order 2022 (No 5). Booster requirements have been included to allow specified workers who are fully\nvaccinated but not yet boosted, 18 years and over and not excepted persons to work onsite in the\nfollowing limited circumstances including working on site for up to 3 months and 14 days\n22/04/22: Specified Workers Order 2022 (No 6) was revoked by Pandemic (Workplace) Order 2022 (No. 8) to combine Specified Facilities, General Workers, Specified Workers and Open Premises into one order		376	From 15/10/21, employees must provide vaccination information including bookings to receive doses\nFirst dose by 22/10/21\nSecond dose by 26/11/22 in order to work outside their place of residence	if a worker has a booking to receive, by the first dose deadline, they are exempted\nThe exceptional circumstances are:\n(a) a worker is required to perform work or duties that is or are necessary to provide for urgent specialist clinical or medical care due to an emergency situation or a critical unforeseen circumstance; or (b) a worker is required to fill a vacancy to provide urgent care, to maintain quality of care and/or to continue essential operations due to an emergency situation or a critical unforeseen circumstance; or a worker is required to respond to an emergency; or (d) a worker is required to perform urgent and essential work to protect\nthe health and safety of workers or members of the public, or to protect assets and infrastructure; or (e) an education worker that is required to: (i) carry out assessments of an oral or performance examination; or (ii) work as a venue coordinator for those examinations.	COVID-19 Mandatory Vaccination (Workers) Directions	A person must not refuse or fail to comply with a direction given to the person, or a requirement made of the person, in the exercise of a power under an authorisation given under section 199.\nIn the case of a natural person, 120 penalty units; In the case of a body corporate, 600 penalty units.\nGiving false and misleading information to an authorised officer. In the case of a natural person, 60 penalty units;In the case of a body corporate, 300 penalty units.	Minister for Health								Pandemic Order	VICEOTHT270	
150	VIC	COVID-19 Mandatory Vaccination (Workers) Directions	Employment	transport worker	2021-10-01	2021-10-07	2021-10-22	2022-10-12	Pandemic (Workplace) Order 2022 (No. 10) expired	7/10/21-15/12/21: COVID-19 Mandatory Vaccination (Workers) Directions No.1-No.8\n15/12/21: Pandemic COVID-19 Mandatory Vaccination (Specified Workers) Order 2021 (No 1) revoked previous order\n12/01/22: Vaccination (Specified Workers) Order 2022 (No 2) introduced booster dose \n04/02/22: Vaccination (Specified Workers) Order 2022 (No 3) added booster exemption for people under 18\n11/02/22: Vaccination (Specified Workers) Order 2022 (No 4) booster deadline is extended to 12/03/22, provided that: By 12/03/22 the worker has a booking to receive their booster vaccine dose on or before 12/0322; and the worker has provided evidence of that booster dose to the operator of workplace.\n25/02/22: Vaccination (Specified Workers) Order 2022 (No 5). Booster requirements have been included to allow specified workers who are fully\nvaccinated but not yet boosted, 18 years and over and not excepted persons to work onsite in the\nfollowing limited circumstances including working on site for up to 3 months and 14 days\n22/04/22: Specified Workers Order 2022 (No 6) was revoked by Pandemic (Workplace) Order 2022 (No. 8) to combine Specified Facilities, General Workers, Specified Workers and Open Premises into one order		376	From 15/10/21, employees must provide vaccination information including bookings to receive doses\nFirst dose by 22/10/21\nSecond dose by 26/11/22 in order to work outside their place of residence	if a worker has a booking to receive, by the first dose deadline, they are exempted\nThe exceptional circumstances are:\n(a) a worker is required to perform work or duties that is or are necessary to provide for urgent specialist clinical or medical care due to an emergency situation or a critical unforeseen circumstance; or (b) a worker is required to fill a vacancy to provide urgent care, to maintain quality of care and/or to continue essential operations due to an emergency situation or a critical unforeseen circumstance; or a worker is required to respond to an emergency; or (d) a worker is required to perform urgent and essential work to protect\nthe health and safety of workers or members of the public, or to protect assets and infrastructure; or (e) an education worker that is required to: (i) carry out assessments of an oral or performance examination; or (ii) work as a venue coordinator for those examinations.	COVID-19 Mandatory Vaccination (Workers) Directions	A person must not refuse or fail to comply with a direction given to the person, or a requirement made of the person, in the exercise of a power under an authorisation given under section 199.\nIn the case of a natural person, 120 penalty units; In the case of a body corporate, 600 penalty units.\nGiving false and misleading information to an authorised officer. In the case of a natural person, 60 penalty units;In the case of a body corporate, 300 penalty units.	Minister for Health								Pandemic Order	VICEOTHT280	
151	VIC	COVID-19 Mandatory Vaccination (Workers) Directions	Employment	utility and urban worker	2021-10-01	2021-10-07	2021-10-22	2022-10-12	Pandemic (Workplace) Order 2022 (No. 10) expired	7/10/21-15/12/21: COVID-19 Mandatory Vaccination (Workers) Directions No.1-No.8\n15/12/21: Pandemic COVID-19 Mandatory Vaccination (Specified Workers) Order 2021 (No 1) revoked previous order\n12/01/22: Vaccination (Specified Workers) Order 2022 (No 2) introduced booster dose \n04/02/22: Vaccination (Specified Workers) Order 2022 (No 3) added booster exemption for people under 18\n11/02/22: Vaccination (Specified Workers) Order 2022 (No 4) booster deadline is extended to 12/03/22, provided that: By 12/03/22 the worker has a booking to receive their booster vaccine dose on or before 12/0322; and the worker has provided evidence of that booster dose to the operator of workplace.\n25/02/22: Vaccination (Specified Workers) Order 2022 (No 5). Booster requirements have been included to allow specified workers who are fully\nvaccinated but not yet boosted, 18 years and over and not excepted persons to work onsite in the\nfollowing limited circumstances including working on site for up to 3 months and 14 days\n22/04/22: Specified Workers Order 2022 (No 6) was revoked by Pandemic (Workplace) Order 2022 (No. 8) to combine Specified Facilities, General Workers, Specified Workers and Open Premises into one order		376	From 15/10/21, employees must provide vaccination information including bookings to receive doses\nFirst dose by 22/10/21\nSecond dose by 26/11/22 in order to work outside their place of residence	if a worker has a booking to receive, by the first dose deadline, they are exempted\nThe exceptional circumstances are:\n(a) a worker is required to perform work or duties that is or are necessary to provide for urgent specialist clinical or medical care due to an emergency situation or a critical unforeseen circumstance; or (b) a worker is required to fill a vacancy to provide urgent care, to maintain quality of care and/or to continue essential operations due to an emergency situation or a critical unforeseen circumstance; or a worker is required to respond to an emergency; or (d) a worker is required to perform urgent and essential work to protect\nthe health and safety of workers or members of the public, or to protect assets and infrastructure; or (e) an education worker that is required to: (i) carry out assessments of an oral or performance examination; or (ii) work as a venue coordinator for those examinations.	COVID-19 Mandatory Vaccination (Workers) Directions	A person must not refuse or fail to comply with a direction given to the person, or a requirement made of the person, in the exercise of a power under an authorisation given under section 199.\nIn the case of a natural person, 120 penalty units; In the case of a body corporate, 600 penalty units.\nGiving false and misleading information to an authorised officer. In the case of a natural person, 60 penalty units;In the case of a body corporate, 300 penalty units.	Minister for Health								Pandemic Order	VICEOTHT290	
152	VIC	COVID-19 Mandatory Vaccination (Workers) Directions	Employment	Veterinary and pet/animal care worker	2021-10-01	2021-10-07	2021-10-22	2022-10-12	Pandemic (Workplace) Order 2022 (No. 10) expired	7/10/21-15/12/21: COVID-19 Mandatory Vaccination (Workers) Directions No.1-No.8\n15/12/21: Pandemic COVID-19 Mandatory Vaccination (Specified Workers) Order 2021 (No 1) revoked previous order\n12/01/22: Vaccination (Specified Workers) Order 2022 (No 2) introduced booster dose \n04/02/22: Vaccination (Specified Workers) Order 2022 (No 3) added booster exemption for people under 18\n11/02/22: Vaccination (Specified Workers) Order 2022 (No 4) booster deadline is extended to 12/03/22, provided that: By 12/03/22 the worker has a booking to receive their booster vaccine dose on or before 12/0322; and the worker has provided evidence of that booster dose to the operator of workplace.\n25/02/22: Vaccination (Specified Workers) Order 2022 (No 5). Booster requirements have been included to allow specified workers who are fully\nvaccinated but not yet boosted, 18 years and over and not excepted persons to work onsite in the\nfollowing limited circumstances including working on site for up to 3 months and 14 days\n22/04/22: Specified Workers Order 2022 (No 6) was revoked by Pandemic (Workplace) Order 2022 (No. 8) to combine Specified Facilities, General Workers, Specified Workers and Open Premises into one order		376	From 15/10/21, employees must provide vaccination information including bookings to receive doses\nFirst dose by 22/10/21\nSecond dose by 26/11/22 in order to work outside their place of residence	if a worker has a booking to receive, by the first dose deadline, they are exempted\nThe exceptional circumstances are:\n(a) a worker is required to perform work or duties that is or are necessary to provide for urgent specialist clinical or medical care due to an emergency situation or a critical unforeseen circumstance; or (b) a worker is required to fill a vacancy to provide urgent care, to maintain quality of care and/or to continue essential operations due to an emergency situation or a critical unforeseen circumstance; or a worker is required to respond to an emergency; or (d) a worker is required to perform urgent and essential work to protect\nthe health and safety of workers or members of the public, or to protect assets and infrastructure; or (e) an education worker that is required to: (i) carry out assessments of an oral or performance examination; or (ii) work as a venue coordinator for those examinations.	COVID-19 Mandatory Vaccination (Workers) Directions	A person must not refuse or fail to comply with a direction given to the person, or a requirement made of the person, in the exercise of a power under an authorisation given under section 199.\nIn the case of a natural person, 120 penalty units; In the case of a body corporate, 600 penalty units.\nGiving false and misleading information to an authorised officer. In the case of a natural person, 60 penalty units;In the case of a body corporate, 300 penalty units.	Minister for Health								Pandemic Order	VICEOTHT310	
153	VIC	COVID-19 Mandatory Vaccination (General Workers) Directions	Employment	outside their ordinary place of residence		2021-10-29	2021-10-29	2022-10-12	Pandemic (Workplace) Order 2022 (No. 10) expired	12/01/22 - Pandemic COVID-19 Mandatory Vaccination (General Workers) Order 2022 (No. 2) revoked previous order\n04/02/22- Pandemic COVID-19 Mandatory Vaccination (General Workers) Order 2022 (No. 3) revoked previous order\n22/04/22: Revoked by Pandemic (Workplace) Order 2022 (No. 8) to combine Specified Facilities, General Workers, Specified Workers and Open Premises into one order		348	Must be fully vaccinated to work\noutside the person's ordinary place of residence	Workers that are under 12 years of age, under another vaccine mandate direction or Commonwealth employees, members of State Parliament and religious workers who are not covered by this Order.\nif the person holds acceptable certification\nfrom a medical practitioner that the person is unable to receive a dose, or a further dose, of a COVID-19 vaccine due to:\n(a) a medical contraindication; or\n(b) an acute medical illness (including where the person has been diagnosed with SARS-CoV-2).	Pandemic COVID-19 Mandatory Vaccination\n(General Workers) Order 2021 (No. 1)	A person must not refuse or fail to comply with a direction given to the person, or a requirement made of the person, in the exercise of a power under an authorisation given under section 199.\nIn the case of a natural person, 120 penalty units; In the case of a body corporate, 600 penalty units.\nGiving false and misleading information to an authorised officer. In the case of a natural person, 60 penalty units;In the case of a body corporate, 300 penalty units.	Minister for Health								Pandemic Order	VICEALL0000	
154	VIC	Pandemic COVID-19 Mandatory Vaccination (Specified Workers) Order	Employment	disability worker		2021-12-15	2021-12-15	2022-10-12	Pandemic (Workplace) Order 2022 (No. 10) expired	7/10/21-15/12/21: COVID-19 Mandatory Vaccination (Workers) Directions No.1-No.8\n15/12/21: Pandemic COVID-19 Mandatory Vaccination (Specified Workers) Order 2021 (No 1) revoked previous order\n12/01/22: Vaccination (Specified Workers) Order 2022 (No 2) introduced booster dose \n04/02/22: Vaccination (Specified Workers) Order 2022 (No 3) added booster exemption for people under 18\n11/02/22: Vaccination (Specified Workers) Order 2022 (No 4) booster deadline is extended to 12/03/22, provided that: By 12/03/22 the worker has a booking to receive their booster vaccine dose on or before 12/0322; and the worker has provided evidence of that booster dose to the operator of workplace.\n25/02/22: Vaccination (Specified Workers) Order 2022 (No 5). Booster requirements have been included to allow specified workers who are fully\nvaccinated but not yet boosted, 18 years and over and not excepted persons to work onsite in the\nfollowing limited circumstances including working on site for up to 3 months and 14 days\n22/04/22: Specified Workers Order 2022 (No 6) was revoked by Pandemic (Workplace) Order 2022 (No. 8) to combine Specified Facilities, General Workers, Specified Workers and Open Premises into one order	160	301		if a worker has a booking to receive, by the first dose deadline, they are exempted\nThe exceptional circumstances are:\n(a) a worker is required to perform work or duties that is or are necessary to provide for urgent specialist clinical or medical care due to an emergency situation or a critical unforeseen circumstance; or (b) a worker is required to fill a vacancy to provide urgent care, to maintain quality of care and/or to continue essential operations due to an emergency situation or a critical unforeseen circumstance; or a worker is required to respond to an emergency; or (d) a worker is required to perform urgent and essential work to protect\nthe health and safety of workers or members of the public, or to protect assets and infrastructure; or (e) an education worker that is required to: (i) carry out assessments of an oral or performance examination; or (ii) work as a venue coordinator for those examinations.	Pandemic COVID-19 Mandatory Vaccination\n(Specified Workers) Order 2021 (No. 1)	A person must not refuse or fail to comply with a direction given to the person, or a requirement made of the person, in the exercise of a power under an authorisation given under section 199.\nIn the case of a natural person, 120 penalty units; In the case of a body corporate, 600 penalty units.\nGiving false and misleading information to an authorised officer. In the case of a natural person, 60 penalty units;In the case of a body corporate, 300 penalty units.	Minister for Health							  	Pandemic Order	VICEDSW00V1	
155	VIC	Open Premises Directions	Public Space	adult education or\nhigher education\npremises		2021-12-15	2021-12-15	2022-10-12	Pandemic (Workplace) Order 2022 (No. 10) expired	22/04/22: Specified Workers Order 2022 (No 6) was revoked by Pandemic (Workplace) Order 2022 (No. 8) to combine Specified Facilities, General Workers, Specified Workers and Open Premises into one order		301	workers and visitors must be fully vaccinated and 18 or above to access open premises in Metropolitan Melbourne and\nRegional Victoria\n15/12/21: changed to all of VIC	do not apply to the operator of an adult education or higher education premises in relation to patrons attending the premises for the purpose of receiving or providing higher\neducation services, that: cannot be conducted remotely, including attending assessments and classes; or involve secondary school subjects.\nExemptions also include access to bathrooms, severe weather, education and childcare services, public event framework; emegency use and opeations; 12/4/22 added: state or federal elections\na worker is required to perform work or duties that is or are necessary to provide for urgent specialist clinical or medical care due to an emergency situation or a critical unforeseen circumstance; or a worker is required to fill a vacancy to provide urgent care, to maintain quality of care and/or to continue essential operations due to an emergency situation or a critical unforeseen circumstance; or\na worker is required to respond to an emergency; or\na worker is required to perform urgent and essential work to protect the health and safety of workers or members of the public, or to protect assets and infrastructure.	Open Premises Order (No.2)	A person must not refuse or fail to comply with a direction given to the person, or a requirement made of the person, in the exercise of a power under an authorisation given under section 199.\nIn the case of a natural person, 120 penalty units; In the case of a body corporate, 600 penalty units.\nGiving false and misleading information to an authorised officer. In the case of a natural person, 60 penalty units;In the case of a body corporate, 300 penalty units.	Minister for Health							Enforcement date is some time between 23/10 and 15/12/21 but the specific date is unknown as the directions cannot be found online	Pandemic Order	VICPEDU0000	
156	VIC	Pandemic Open Premises Order	Public Space	amusement parks		2021-12-15	2021-12-15	2022-10-12	Pandemic (Workplace) Order 2022 (No. 10) expired	22/04/22: Specified Workers Order 2022 (No 6) was revoked by Pandemic (Workplace) Order 2022 (No. 8) to combine Specified Facilities, General Workers, Specified Workers and Open Premises into one order		301	workers and visitors must be fully vaccinated and 18 or above to access open premises\n6/1/22: workers above 12 years and 2 months of age must be fully vaccinated	Exemptions include access to bathrooms, severe weather, education and childcare services, public event framework; emegency use and opeations; 12/4/22 added: state or federal elections\na worker is required to perform work or duties that is or are necessary to provide for urgent specialist clinical or medical care due to an emergency situation or a critical unforeseen circumstance; or a worker is required to fill a vacancy to provide urgent care, to maintain quality of care and/or to continue essential operations due to an emergency situation or a critical unforeseen circumstance; or\na worker is required to respond to an emergency; or\na worker is required to perform urgent and essential work to protect the health and safety of workers or members of the public, or to protect assets and infrastructure.	Pandemic Open Premises Order (No.1) 2021	A person must not refuse or fail to comply with a direction given to the person, or a requirement made of the person, in the exercise of a power under an authorisation given under section 199.\nIn the case of a natural person, 120 penalty units; In the case of a body corporate, 600 penalty units.\nGiving false and misleading information to an authorised officer. In the case of a natural person, 60 penalty units;In the case of a body corporate, 300 penalty units.	Minister for Health							Enforcement date is some time between 23/10 and 15/12/21 but the specific date is unknown as the directions cannot be found online	Pandemic Order	VICPOTHT1000	
157	VIC	Pandemic (Visitors to Hospitals and Care Facilities) Order	Public Space	Hospitals		2022-01-10	2022-01-12	2022-10-12	Pandemic (Workplace) Order 2022 (No. 10) expired			275	only patients, hospital workers and visitors of patients can visit the hospital. For specifics, see directions.\nfor visitors who are aged 18 years or over:\n(a) they are fully vaccinated; or\n(b) they are not fully vaccinated and:\n(i) present a negative RAT on the same day and (ii) wear an N95 face covering for the duration of their visit; or\n(2) for visitors who are aged under 18 years:\n(a) they are fully vaccinated; or\n(b) they are not fully vaccinated and present a negative RAT on the same day 	excepted person means a person who holds acceptable certification that the person is unable to receive a dose, or a further dose, of any COVID-19 vaccine that is available\nin Australia due to: (1) a medical contraindication; or (2) an acute medical illness\n(a) a person who is visiting for the purpose of providing end-of-life support to a patient of the hospital; or\n(b) a person who is an essential carer of a patient, where undertaking a COVID-19 rapid antigen test prior to entry is not practicable; or\n(c) a person who has undertaken a COVID-19 PCR test within 24 hours prior to visiting the hospital and provided acceptable evidence of a negative result from that test to the operator of the hospital; or (d) a person providing professional patient care, including but not limited to:\n(i) emergency workers in the event of an emergency; and\n(ii) ambulance workers; and (iii) visiting healthcare professionals; or\n(e) a person who has a physical or mental health illness or condition, or disability, which makes both vaccination and COVID-19 rapid antigen testing unsuitable; or\n(f) a person for whom both vaccination and COVID-19 rapid antigen testing are not safe in all the circumstances.\n(a) the parent, carer or guardian of the patient, or has temporary care of the patient, and the purpose of the visit is to breastfeed the patient; or\n(ii) a person whose presence at the hospital is for the purposes of end of life support for a patient of the hospital; or\n(iii) an immediate family member of a patient whose medical\ncondition is life threatening; and (b) the person is authorised to enter or remain at the hospital\n(i) the parent, carer or guardian of the patient, or has temporary care of the patient; or\n(ii) the partner or support person of a pregnant patient of the hospital, and the purpose of the visit is to attend the birth of the patient's child; or\n(iii) a person whose presence at the hospital is for the purposes of end of life support for a patient of the hospital; or\n(iv) an immediate family member of a patient whose medical\ncondition is life threatening; and the person is authorised	Pandemic (Visitors to Hospitals and Care Facilities) Order 2022 (No. 2)	The operator of a hospital must take all reasonable steps to facilitate telephone, video\nor other means of electronic communication with the parents, guardians, partners,\ncarers, support persons and family members of patients to support the physical,\nemotional and social wellbeing (including mental health) of patients.	Minister for Health								Pandemic Order	VICPHCW0000	
158	VIC	Pandemic (Visitors to Hospitals and Care Facilities) Order	Public Space	Care facilities		2022-01-10	2022-01-12	2022-10-12	Pandemic (Workplace) Order 2022 (No. 10) expired			275	NOT A VACCINE MANDATE\nonly residents, workers,  visitors of residents and visitors of prospective residents can visit the care facility\nMust present a negative RAT on the same day they are visiting 	excepted person means a person who holds acceptable certification that the person is unable to receive a dose, or a further dose, of any COVID-19 vaccine that is available\nin Australia due to: (1) a medical contraindication; or (2) an acute medical illness\nPerson may enter, or remain on, the premises of the care\nfacility if: (a) the person's presence at the facility is for the purposes of providing end of life support to a resident of the care facility; and (b) the person is authorised to enter or remain at the care facility	Pandemic (Visitors to Hospitals and Care Facilities) Order 2022 (No. 2)	The operator of a care facility must take all reasonable steps to ensure that:\n(1) a person does not enter or remain on the premises of the care facility if the person\nis prohibited from doing so by clause 18; and\n(2) the care facility facilitates telephone, video or other means of electronic\ncommunication with the parents, guardians, partners, carers, support persons\nand family members of residents to support the physical, emotional and social\nwellbeing (including mental health) of residents.	Minister for Health								Pandemic Order	VICPOTC0000	
159	VIC	(BOOSTER) Pandemic COVID-19 Mandatory Vaccination (Specified Workers) Order 2022 (No. 2)	Employment	custodial worker booster dose		2022-01-12	2022-02-12	2022-10-12	Pandemic (Workplace) Order 2022 (No. 10) expired	7/10/21-15/12/21: COVID-19 Mandatory Vaccination (Workers) Directions No.1-No.8\n15/12/21: Pandemic COVID-19 Mandatory Vaccination (Specified Workers) Order 2021 (No 1) revoked previous order\n12/01/22: Vaccination (Specified Workers) Order 2022 (No 2) introduced booster dose \n04/02/22: Vaccination (Specified Workers) Order 2022 (No 3) added booster exemption for people under 18\n11/02/22: Vaccination (Specified Workers) Order 2022 (No 4) booster deadline is extended to 12/03/22, provided that by 12/03/22 the worker has a booking to receive their booster vaccine dose on or before 12/03/22; and the worker has provided evidence of that booster dose to the operator of workplace.\n25/02/22: Vaccination (Specified Workers) Order 2022 (No 5). Booster requirements have been included to allow specified workers who are fully\nvaccinated but not yet boosted, 18 years and over and not excepted persons to work onsite in the\nfollowing limited circumstances including working on site for up to 3 months and 14 days\n22/04/22: Specified Workers Order 2022 (No 6) was revoked by Pandemic (Workplace) Order 2022 (No. 8) to combine Specified Facilities, General Workers, Specified Workers and Open Premises into one order		273	12/02/22- Booster dose deadline for workers that became fully vaccinated by 12/09/21\n12/03/22- Booster dose deadline for workers that became fully vaccinated after 12/09/21\n\n11/02/22: extended booster deadline is to 12/03/22, provided that by 12/03/22 the worker has a booking to receive their booster on or before 12/03/22	if a worker has a booking to receive, by the first dose deadline, they are exempted\nThe exceptional circumstances are:\n(a) a worker is required to perform work or duties that is or are necessary to provide for urgent specialist clinical or medical care due to an emergency situation or a critical unforeseen circumstance; or (b) a worker is required to fill a vacancy to provide urgent care, to maintain quality of care and/or to continue essential operations due to an emergency situation or a critical unforeseen circumstance; or a worker is required to respond to an emergency; or (d) a worker is required to perform urgent and essential work to protect\nthe health and safety of workers or members of the public, or to protect assets and infrastructure; or (e) an education worker that is required to: (i) carry out assessments of an oral or performance examination; or (ii) work as a venue coordinator for those examinations.\n04/02/22: added booster exemption for people under 18\n25/02/22:Booster requirements have been included to allow specified workers who are fully vaccinated but not yet boosted, 18 years and over and not excepted persons to work onsite in the following limited circumstances including working on site for up to 3 months and 14 days	Pandemic COVID-19 Mandatory\nVaccination (Specified Workers) Order 2022 (No. 2)	A person must not refuse or fail to comply with a direction given to the person, or a requirement made of the person, in the exercise of a power under an authorisation given under section 199.\nIn the case of a natural person, 120 penalty units; In the case of a body corporate, 600 penalty units.\nGiving false and misleading information to an authorised officer. In the case of a natural person, 60 penalty units;In the case of a body corporate, 300 penalty units.	Minister for Health								Pandemic Order	VICEOTHT1V2	
160	VIC	(BOOSTER) Pandemic COVID-19 Mandatory Vaccination (Specified Workers) Order 2022 (No. 2)	Employment	disability worker booster dose		2022-01-12	2022-02-12	2022-10-12	Pandemic (Workplace) Order 2022 (No. 10) expired	7/10/21-15/12/21: COVID-19 Mandatory Vaccination (Workers) Directions No.1-No.8\n15/12/21: Pandemic COVID-19 Mandatory Vaccination (Specified Workers) Order 2021 (No 1) revoked previous order\n12/01/22: Vaccination (Specified Workers) Order 2022 (No 2) introduced booster dose \n04/02/22: Vaccination (Specified Workers) Order 2022 (No 3) added booster exemption for people under 18\n11/02/22: Vaccination (Specified Workers) Order 2022 (No 4) booster deadline is extended to 12/03/22, provided that by 12/03/22 the worker has a booking to receive their booster vaccine dose on or before 12/03/22; and the worker has provided evidence of that booster dose to the operator of workplace.\n25/02/22: Vaccination (Specified Workers) Order 2022 (No 5). Booster requirements have been included to allow specified workers who are fully\nvaccinated but not yet boosted, 18 years and over and not excepted persons to work onsite in the\nfollowing limited circumstances including working on site for up to 3 months and 14 days\n22/04/22: Specified Workers Order 2022 (No 6) was revoked by Pandemic (Workplace) Order 2022 (No. 8) to combine Specified Facilities, General Workers, Specified Workers and Open Premises into one order		273	12/02/22- Booster dose deadline for workers that became fully vaccinated by 12/09/21\n12/03/22- Booster dose deadline for workers that became fully vaccinated after 12/09/21\n\n11/02/22: extended booster deadline is to 12/03/22, provided that by 12/03/22 the worker has a booking to receive their booster on or before 12/03/22	if a worker has a booking to receive, by the first dose deadline, they are exempted\nThe exceptional circumstances are:\n(a) a worker is required to perform work or duties that is or are necessary to provide for urgent specialist clinical or medical care due to an emergency situation or a critical unforeseen circumstance; or (b) a worker is required to fill a vacancy to provide urgent care, to maintain quality of care and/or to continue essential operations due to an emergency situation or a critical unforeseen circumstance; or a worker is required to respond to an emergency; or (d) a worker is required to perform urgent and essential work to protect\nthe health and safety of workers or members of the public, or to protect assets and infrastructure; or (e) an education worker that is required to: (i) carry out assessments of an oral or performance examination; or (ii) work as a venue coordinator for those examinations.\n04/02/22: added booster exemption for people under 18\n25/02/22:Booster requirements have been included to allow specified workers who are fully vaccinated but not yet boosted, 18 years and over and not excepted persons to work onsite in the following limited circumstances including working on site for up to 3 months and 14 days	Pandemic COVID-19 Mandatory\nVaccination (Specified Workers) Order 2022 (No. 2)	A person must not refuse or fail to comply with a direction given to the person, or a requirement made of the person, in the exercise of a power under an authorisation given under section 199.\nIn the case of a natural person, 120 penalty units; In the case of a body corporate, 600 penalty units.\nGiving false and misleading information to an authorised officer. In the case of a natural person, 60 penalty units;In the case of a body corporate, 300 penalty units.	Minister for Health								Pandemic Order	VICEDSW00V2	
161	VIC	(BOOSTER) Pandemic COVID-19 Mandatory Vaccination (Specified Workers) Order 2022 (No. 2)	Employment	emergency service worker (police, firefighters etc) booster dose		2022-01-12	2022-02-12	2022-10-12	Pandemic (Workplace) Order 2022 (No. 10) expired	7/10/21-15/12/21: COVID-19 Mandatory Vaccination (Workers) Directions No.1-No.8\n15/12/21: Pandemic COVID-19 Mandatory Vaccination (Specified Workers) Order 2021 (No 1) revoked previous order\n12/01/22: Vaccination (Specified Workers) Order 2022 (No 2) introduced booster dose \n04/02/22: Vaccination (Specified Workers) Order 2022 (No 3) added booster exemption for people under 18\n11/02/22: Vaccination (Specified Workers) Order 2022 (No 4) booster deadline is extended to 12/03/22, provided that by 12/03/22 the worker has a booking to receive their booster vaccine dose on or before 12/03/22; and the worker has provided evidence of that booster dose to the operator of workplace.\n25/02/22: Vaccination (Specified Workers) Order 2022 (No 5). Booster requirements have been included to allow specified workers who are fully\nvaccinated but not yet boosted, 18 years and over and not excepted persons to work onsite in the\nfollowing limited circumstances including working on site for up to 3 months and 14 days\n22/04/22: Specified Workers Order 2022 (No 6) was revoked by Pandemic (Workplace) Order 2022 (No. 8) to combine Specified Facilities, General Workers, Specified Workers and Open Premises into one order		273	12/02/22- Booster dose deadline for workers that became fully vaccinated by 12/09/21\n12/03/22- Booster dose deadline for workers that became fully vaccinated after 12/09/21\n\n11/02/22: extended booster deadline is to 12/03/22, provided that by 12/03/22 the worker has a booking to receive their booster on or before 12/03/22	if a worker has a booking to receive, by the first dose deadline, they are exempted\nThe exceptional circumstances are:\n(a) a worker is required to perform work or duties that is or are necessary to provide for urgent specialist clinical or medical care due to an emergency situation or a critical unforeseen circumstance; or (b) a worker is required to fill a vacancy to provide urgent care, to maintain quality of care and/or to continue essential operations due to an emergency situation or a critical unforeseen circumstance; or a worker is required to respond to an emergency; or (d) a worker is required to perform urgent and essential work to protect\nthe health and safety of workers or members of the public, or to protect assets and infrastructure; or (e) an education worker that is required to: (i) carry out assessments of an oral or performance examination; or (ii) work as a venue coordinator for those examinations.\n04/02/22: added booster exemption for people under 18\n25/02/22:Booster requirements have been included to allow specified workers who are fully vaccinated but not yet boosted, 18 years and over and not excepted persons to work onsite in the following limited circumstances including working on site for up to 3 months and 14 days	Pandemic COVID-19 Mandatory\nVaccination (Specified Workers) Order 2022 (No. 2)	A person must not refuse or fail to comply with a direction given to the person, or a requirement made of the person, in the exercise of a power under an authorisation given under section 199.\nIn the case of a natural person, 120 penalty units; In the case of a body corporate, 600 penalty units.\nGiving false and misleading information to an authorised officer. In the case of a natural person, 60 penalty units;In the case of a body corporate, 300 penalty units.	Minister for Health								Pandemic Order	VICEFES00V2	
162	VIC	(BOOSTER) Pandemic COVID-19 Mandatory Vaccination (Specified Workers) Order 2022 (No. 2)	Employment	quarantine\naccommodation\nworker booster dose		2022-01-12	2022-02-12	2022-10-12	Pandemic (Workplace) Order 2022 (No. 10) expired	7/10/21-15/12/21: COVID-19 Mandatory Vaccination (Workers) Directions No.1-No.8\n15/12/21: Pandemic COVID-19 Mandatory Vaccination (Specified Workers) Order 2021 (No 1) revoked previous order\n12/01/22: Vaccination (Specified Workers) Order 2022 (No 2) introduced booster dose \n04/02/22: Vaccination (Specified Workers) Order 2022 (No 3) added booster exemption for people under 18\n11/02/22: Vaccination (Specified Workers) Order 2022 (No 4) booster deadline is extended to 12/03/22, provided that by 12/03/22 the worker has a booking to receive their booster vaccine dose on or before 12/03/22; and the worker has provided evidence of that booster dose to the operator of workplace.\n25/02/22: Vaccination (Specified Workers) Order 2022 (No 5). Booster requirements have been included to allow specified workers who are fully\nvaccinated but not yet boosted, 18 years and over and not excepted persons to work onsite in the\nfollowing limited circumstances including working on site for up to 3 months and 14 days\n22/04/22: Specified Workers Order 2022 (No 6) was revoked by Pandemic (Workplace) Order 2022 (No. 8) to combine Specified Facilities, General Workers, Specified Workers and Open Premises into one order		273	12/02/22- Booster dose deadline for workers that became fully vaccinated by 12/09/21\n12/03/22- Booster dose deadline for workers that became fully vaccinated after 12/09/21\n\n11/02/22: extended booster deadline is to 12/03/22, provided that by 12/03/22 the worker has a booking to receive their booster on or before 12/03/22	if a worker has a booking to receive, by the first dose deadline, they are exempted\nThe exceptional circumstances are:\n(a) a worker is required to perform work or duties that is or are necessary to provide for urgent specialist clinical or medical care due to an emergency situation or a critical unforeseen circumstance; or (b) a worker is required to fill a vacancy to provide urgent care, to maintain quality of care and/or to continue essential operations due to an emergency situation or a critical unforeseen circumstance; or a worker is required to respond to an emergency; or (d) a worker is required to perform urgent and essential work to protect\nthe health and safety of workers or members of the public, or to protect assets and infrastructure; or (e) an education worker that is required to: (i) carry out assessments of an oral or performance examination; or (ii) work as a venue coordinator for those examinations.\n04/02/22: added booster exemption for people under 18\n25/02/22:Booster requirements have been included to allow specified workers who are fully vaccinated but not yet boosted, 18 years and over and not excepted persons to work onsite in the following limited circumstances including working on site for up to 3 months and 14 days	Pandemic COVID-19 Mandatory\nVaccination (Specified Workers) Order 2022 (No. 2)	A person must not refuse or fail to comply with a direction given to the person, or a requirement made of the person, in the exercise of a power under an authorisation given under section 199.\nIn the case of a natural person, 120 penalty units; In the case of a body corporate, 600 penalty units.\nGiving false and misleading information to an authorised officer. In the case of a natural person, 60 penalty units;In the case of a body corporate, 300 penalty units.	Minister for Health								Pandemic Order	VICEHQW00V2	
163	VIC	(BOOSTER) COVID-19 Mandatory Vaccination (Specified Facilities) Directions	Employment	education facility booster (including teachers, early childhood educators and educational support staff)		2022-01-25	2022-03-25	2022-10-12	Pandemic (Workplace) Order 2022 (No. 10) expired	"25/01/22 - Pandemic COVID-19 Mandatory Vaccination (Specified Facilities) Order 2022 (No. 3) introduced booster doses\n04/02/22 - Pandemic COVID-19 Mandatory Vaccination (Specified Facilities) Order 2022 (No. 4) added ""A worker who was unable to become fully vaccinated (boosted) before their booster deadline due to being in self-quarantine or self-isolation may attend the premises of a specified facility if they\nhave a booking to receive a booster vaccine within a specified period.""\n25/02/22: Pandemic COVID-19 Mandatory Vaccination (Specified Facilities) Order 2022 (No. 6) changed booster deadline from 25/02/22 booster to 25/03/22. An education facility worker that became fully vaccinated on or before 25 October 2021 and has not received a booster vaccine dose by 25/02/22 must not be allowed to work on the specified facility premises unless they have a booking to receive a booster vaccine dose on or before 25/03/22 and has provided evidence of that booster dose booking to their employer.\n22/04/22: Revoked by Pandemic (Workplace) Order 2022 (No. 8) to combine Specified Facilities, General Workers, Specified Workers and Open Premises into one order"		260	For workers that became fully vaccinated on or before 25/10/21, the deadline is 25/02/22.\nFor workers that became fully vaccinated after 25/10/21, the deadline is 15/03/22.\n25/02/22 order update: deadline extended to 25/03/22	Exception — booking by first dose deadline\n(a) a worker is required to perform work or duties at the facility that is or are necessary to provide for urgent specialist clinical or medical care due to an emergency situation or a critical unforeseen circumstance; or (b) a worker is required to fill a vacancy to provide urgent care, to maintain quality of care and/or continue essential operations at the facility due to an emergency situation or a critical unforeseen circumstance; or\n(c) a worker is required to attend the facility to respond to an emergency at the facility; or (d) a worker is required to perform urgent and essential work at the facility to protect the health and safety of workers or members of the public, or to protect assets and infrastructure; or (e) an education worker is required to: (i) carry out assessments of an oral or performance examination as part of the Victorian Certificate of Education or International Baccalaureate; or (ii) work as a venue coordinator for those examinations.	COVID-19 Mandatory Vaccination (Specified Facilities)\nDirections (No 10)	A person must not refuse or fail to comply with a direction given to the person, or a requirement made of the person, in the exercise of a power under an authorisation given under section 199.\nIn the case of a natural person, 120 penalty units; In the case of a body corporate, 600 penalty units.\n(2) A person is not guilty of an offence against subsection (1) if the person had a reasonable excuse for refusing or failing to comply with the direction or requirement.	Minister for Health					99.2% of public school teachers have had three doses of a Covid vaccine\n240 had failed to get a booster shot before the March deadline and have been placed on unauthorised leave\n180 failed to receive a first or second dose the year before\nhttps://www.theguardian.com/australia-news/2022/apr/28/victoria-stands-down-420-public-school-teachers-over-vaccine-mandates			Pandemic Order	VICEEDUT1V2	
164	VIC	Cruise Ships Protocol (No. 2)	Public Space	Cruise ship passengers		2022-06-10	2022-06-10	2022-10-12	Stated in the Order that it ends at the date and time the Pandemic (Workplace) Order is either:\n(a) amended to remove the power of the Chief Health Officer to make a\nprotocol that specifies requirements in relation to the use and operation\nof cruise ships; or (b) revoked and not immediately replaced.\nPandemic (Workplace) Order 2022 (No. 10) expired on 12/10/22			124	Must be fully vaccinated to embark\nA cruise ship operator must ensure that at least 95% of passengers travelling on a cruise ship are fully vaccinated at the point of embarkation. (Includes children and people with medical exemptions)		Cruise Ships Protocol (No. 2)	A person must not refuse or fail to comply with a direction given to the person, or a requirement made of the person, in the exercise of a power under an authorisation given under section 199.\nIn the case of a natural person, 120 penalty units; In the case of a body corporate, 600 penalty units.\nGiving false and misleading information to an authorised officer. In the case of a natural person, 60 penalty units;In the case of a body corporate, 300 penalty units.	Minister for Health								Pandemic Order	VICEPOW0000	
165	VIC	(BOOSTER) Cruise Ships Protocol (No. 2)	Employment	Cruise ship crew members		2022-06-10	2022-06-10	2022-10-12	Stated in the Order that it ends at the date and time the Pandemic (Workplace) Order is either:\n(a) amended to remove the power of the Chief Health Officer to make a\nprotocol that specifies requirements in relation to the use and operation\nof cruise ships; or (b) revoked and not immediately replaced.\nPandemic (Workplace) Order 2022 (No. 10) expired on 12/10/22			124	Crew member can only work on a cruise ship in Victoria if they are fully vaccinated (boosted), unless the crew member is not eligible to be fully vaccinated (boosted) because less than 3 months ha passed since the worker became fully vaccinated.		Cruise Ships Protocol (No. 2)	A person must not refuse or fail to comply with a direction given to the person, or a requirement made of the person, in the exercise of a power under an authorisation given under section 199.\nIn the case of a natural person, 120 penalty units; In the case of a body corporate, 600 penalty units.\nGiving false and misleading information to an authorised officer. In the case of a natural person, 60 penalty units;In the case of a body corporate, 300 penalty units.	Minister for Health								Pandemic Order	VICPPOW0000	
166	VIC	Pandemic Open Premises Order	Public Space	arcades, escape rooms, bingo centres				2022-10-12	Pandemic (Workplace) Order 2022 (No. 10) expired	22/04/22: Specified Workers Order 2022 (No 6) was revoked by Pandemic (Workplace) Order 2022 (No. 8) to combine Specified Facilities, General Workers, Specified Workers and Open Premises into one order			workers and visitors must be fully vaccinated and 18 or above to access open premises\n6/1/22: workers above 12 years and 2 months of age must be fully vaccinated	Exemptions include access to bathrooms, severe weather, education and childcare services, public event framework; emegency use and opeations; 12/4/22 added: state or federal elections\na worker is required to perform work or duties that is or are necessary to provide for urgent specialist clinical or medical care due to an emergency situation or a critical unforeseen circumstance; or a worker is required to fill a vacancy to provide urgent care, to maintain quality of care and/or to continue essential operations due to an emergency situation or a critical unforeseen circumstance; or\na worker is required to respond to an emergency; or\na worker is required to perform urgent and essential work to protect the health and safety of workers or members of the public, or to protect assets and infrastructure.	Pandemic Open Premises Order (No.1) 2021	A person must not refuse or fail to comply with a direction given to the person, or a requirement made of the person, in the exercise of a power under an authorisation given under section 199.\nIn the case of a natural person, 120 penalty units; In the case of a body corporate, 600 penalty units.\nGiving false and misleading information to an authorised officer. In the case of a natural person, 60 penalty units;In the case of a body corporate, 300 penalty units.	Minister for Health							Enforcement date is some time between 23/10 and 15/12/21 but the specific date is unknown as the directions cannot be found online\n\n[Source date unresolved: VIC!A67 / announcement_date]\n70% easing of restrictions 16/09/2021\n\n[Source date unresolved: VIC!C67 / enforcement_date]\nEarlier than 17/09/2021\n\n23/10/2021	Pandemic Order	VICPOTHT2000	
167	VIC	Open Premises Directions	Public Space	casino operating as accommodation\npremises				2022-10-12	Pandemic (Workplace) Order 2022 (No. 10) expired	22/04/22: Specified Workers Order 2022 (No 6) was revoked by Pandemic (Workplace) Order 2022 (No. 8) to combine Specified Facilities, General Workers, Specified Workers and Open Premises into one order			visitors must be fully vaccinated and 18 or above to access open premises in Metropolitan Melbourne and\nRegional Victoria\n15/12/21: changed to all of VIC\n6/1/22: workers above 12 years and 2 months of age must be fully vaccinate	Exemptions include access to bathrooms, severe weather, education and childcare services, public event framework; emegency use and opeations; 12/4/22 added: state or federal elections\na worker is required to perform work or duties that is or are necessary to provide for urgent specialist clinical or medical care due to an emergency situation or a critical unforeseen circumstance; or a worker is required to fill a vacancy to provide urgent care, to maintain quality of care and/or to continue essential operations due to an emergency situation or a critical unforeseen circumstance; or\na worker is required to respond to an emergency; or\na worker is required to perform urgent and essential work to protect the health and safety of workers or members of the public, or to protect assets and infrastructure.	Open Premises Order (No.2)\nPandemic Open Premises Order (No.1) 2021	A person must not refuse or fail to comply with a direction given to the person, or a requirement made of the person, in the exercise of a power under an authorisation given under section 199.\nIn the case of a natural person, 120 penalty units; In the case of a body corporate, 600 penalty units.\nGiving false and misleading information to an authorised officer. In the case of a natural person, 60 penalty units;In the case of a body corporate, 300 penalty units.	Minister for Health							[Source date unresolved: VIC!A68 / announcement_date]\n70% easing of restrictions 16/09/2022\n\n[Source date unresolved: VIC!C68 / enforcement_date]\nEarlier than 17/09/2021\n\n23/10/2022	Pandemic Order	VICPOTHT4000	
168	VIC	Open Premises Directions	Public Space	casino operating as\nfood and drink\npremises				2022-10-12	Pandemic (Workplace) Order 2022 (No. 10) expired	22/04/22: Specified Workers Order 2022 (No 6) was revoked by Pandemic (Workplace) Order 2022 (No. 8) to combine Specified Facilities, General Workers, Specified Workers and Open Premises into one order			visitors must be fully vaccinated and 18 or above to access open premises in Metropolitan Melbourne and\nRegional Victoria\n15/12/21: changed to all of VIC\n6/1/22: workers above 12 years and 2 months of age must be fully vaccinate	Exemptions include access to bathrooms, severe weather, education and childcare services, public event framework; emegency use and opeations; 12/4/22 added: state or federal elections\na worker is required to perform work or duties that is or are necessary to provide for urgent specialist clinical or medical care due to an emergency situation or a critical unforeseen circumstance; or a worker is required to fill a vacancy to provide urgent care, to maintain quality of care and/or to continue essential operations due to an emergency situation or a critical unforeseen circumstance; or\na worker is required to respond to an emergency; or\na worker is required to perform urgent and essential work to protect the health and safety of workers or members of the public, or to protect assets and infrastructure.	Open Premises Order (No.2)\nPandemic Open Premises Order (No.1) 2021	A person must not refuse or fail to comply with a direction given to the person, or a requirement made of the person, in the exercise of a power under an authorisation given under section 199.\nIn the case of a natural person, 120 penalty units; In the case of a body corporate, 600 penalty units.\nGiving false and misleading information to an authorised officer. In the case of a natural person, 60 penalty units;In the case of a body corporate, 300 penalty units.	Minister for Health							[Source date unresolved: VIC!A69 / announcement_date]\n70% easing of restrictions 16/09/2023\n\n[Source date unresolved: VIC!C69 / enforcement_date]\nEarlier than 17/09/2021\n\n23/10/2023	Pandemic Order	VICPFADT100	
169	VIC	Open Premises Directions	Public Space	community premises				2022-10-12	Pandemic (Workplace) Order 2022 (No. 10) expired	22/04/22: Specified Workers Order 2022 (No 6) was revoked by Pandemic (Workplace) Order 2022 (No. 8) to combine Specified Facilities, General Workers, Specified Workers and Open Premises into one order			visitors must be fully vaccinated and 18 or above to access open premises in Metropolitan Melbourne and\nRegional Victoria\n15/12/21: changed to all of VIC\n6/1/22: workers above 12 years and 2 months of age must be fully vaccinate	do not apply in relation to an indoor space or an outdoor space at a community premises if that indoor space or outdoor space at the premises is operated only for the purposes of contactless collection or delivery of pre-ordered goods; providing essential public support services or essential health services; providing essential local government services or meetings, participating in essential training; a premises that has a playground, skatepark or outdoor communal exercise equipment or; providing early childhood education or care services.\nExemptions include access to bathrooms, severe weather, education and childcare services, public event framework; emegency use and opeations; 12/4/22 added: state or federal elections\na worker is required to perform work or duties that is or are necessary to provide for urgent specialist clinical or medical care due to an emergency situation or a critical unforeseen circumstance; or a worker is required to fill a vacancy to provide urgent care, to maintain quality of care and/or to continue essential operations due to an emergency situation or a critical unforeseen circumstance; or\na worker is required to respond to an emergency; or\na worker is required to perform urgent and essential work to protect the health and safety of workers or members of the public, or to protect assets and infrastructure.	Open Premises Order (No.2)\nPandemic Open Premises Order (No.1) 2021	A person must not refuse or fail to comply with a direction given to the person, or a requirement made of the person, in the exercise of a power under an authorisation given under section 199.\nIn the case of a natural person, 120 penalty units; In the case of a body corporate, 600 penalty units.\nGiving false and misleading information to an authorised officer. In the case of a natural person, 60 penalty units;In the case of a body corporate, 300 penalty units.	Minister for Health							[Source date unresolved: VIC!A70 / announcement_date]\n70% easing of restrictions 16/09/2025\n\n[Source date unresolved: VIC!C70 / enforcement_date]\nEarlier than 17/09/2021\n\n23/10/2025	Pandemic Order	VICPOTHT500	
170	VIC	Open Premises Directions	Public Space	creative arts premises				2022-10-12	Pandemic (Workplace) Order 2022 (No. 10) expired	22/04/22: Specified Workers Order 2022 (No 6) was revoked by Pandemic (Workplace) Order 2022 (No. 8) to combine Specified Facilities, General Workers, Specified Workers and Open Premises into one order			workers and visitors must be fully vaccinated and 18 or above to access open premises in Metropolitan Melbourne and\nRegional Victoria\n15/12/21: changed to all of VIC and removed the clause requiring equipment to be cleaned between users\n6/1/22: workers above 12 years and 2 months of age must be fully vaccinate	Exemptions include access to bathrooms, severe weather, education and childcare services, public event framework; emegency use and opeations; 12/4/22 added: state or federal elections\na worker is required to perform work or duties that is or are necessary to provide for urgent specialist clinical or medical care due to an emergency situation or a critical unforeseen circumstance; or a worker is required to fill a vacancy to provide urgent care, to maintain quality of care and/or to continue essential operations due to an emergency situation or a critical unforeseen circumstance; or\na worker is required to respond to an emergency; or\na worker is required to perform urgent and essential work to protect the health and safety of workers or members of the public, or to protect assets and infrastructure.	Open Premises Order (No.2)\nPandemic Open Premises Order (No.1) 2021	A person must not refuse or fail to comply with a direction given to the person, or a requirement made of the person, in the exercise of a power under an authorisation given under section 199.\nIn the case of a natural person, 120 penalty units; In the case of a body corporate, 600 penalty units.\nGiving false and misleading information to an authorised officer. In the case of a natural person, 60 penalty units;In the case of a body corporate, 300 penalty units.	Minister for Health							[Source date unresolved: VIC!A71 / announcement_date]\n70% easing of restrictions 16/09/2026\n\n[Source date unresolved: VIC!C71 / enforcement_date]\nEarlier than 17/09/2021\n\n23/10/2026	Pandemic Order	VICPOTHT600	
171	VIC	Open Premises Directions	Public Space	entertainment and\nfunction premises\nthat are not specified\nelsewhere				2022-10-12	Pandemic (Workplace) Order 2022 (No. 10) expired	22/04/22: Specified Workers Order 2022 (No 6) was revoked by Pandemic (Workplace) Order 2022 (No. 8) to combine Specified Facilities, General Workers, Specified Workers and Open Premises into one order			workers and visitors must be fully vaccinated and 18 or above to access open premises in Metropolitan Melbourne and\nRegional Victoria\n15/12/21: changed to all of VIC and added a requirement to publish a covid safe plan\n6/1/22: workers above 12 years and 2 months of age must be fully vaccinate	Exemptions include access to bathrooms, severe weather, education and childcare services, public event framework; emegency use and opeations; 12/4/22 added: state or federal elections\na worker is required to perform work or duties that is or are necessary to provide for urgent specialist clinical or medical care due to an emergency situation or a critical unforeseen circumstance; or a worker is required to fill a vacancy to provide urgent care, to maintain quality of care and/or to continue essential operations due to an emergency situation or a critical unforeseen circumstance; or\na worker is required to respond to an emergency; or\na worker is required to perform urgent and essential work to protect the health and safety of workers or members of the public, or to protect assets and infrastructure.	Open Premises Order (No.2)\nPandemic Open Premises Order (No.1) 2021	A person must not refuse or fail to comply with a direction given to the person, or a requirement made of the person, in the exercise of a power under an authorisation given under section 199.\nIn the case of a natural person, 120 penalty units; In the case of a body corporate, 600 penalty units.\nGiving false and misleading information to an authorised officer. In the case of a natural person, 60 penalty units;In the case of a body corporate, 300 penalty units.	Minister for Health							[Source date unresolved: VIC!A72 / announcement_date]\n70% easing of restrictions 16/09/2027\n\n[Source date unresolved: VIC!C72 / enforcement_date]\nEarlier than 17/09/2021\n\n23/10/2027	Pandemic Order	VICPOTHT700	
172	VIC	Open Premises Directions	Public Space	food and drink\npremises				2022-10-12	Pandemic (Workplace) Order 2022 (No. 10) expired	22/04/22: Specified Workers Order 2022 (No 6) was revoked by Pandemic (Workplace) Order 2022 (No. 8) to combine Specified Facilities, General Workers, Specified Workers and Open Premises into one order			visitors must be fully vaccinated and 18 or above to access open premises in Metropolitan Melbourne and\nRegional Victoria\n15/12/21: changed to all of VIC\n6/1/22: workers above 12 years and 2 months of age must be fully vaccinate	Doesn't apply to food courts or premises being operated only for the purposes of providing take-away goods or delivery of pre-ordered goods or if a patron attends only to take away food\nExemptions include access to bathrooms, severe weather, education and childcare services, public event framework; emegency use and opeations; 12/4/22 added: state or federal elections\na worker is required to perform work or duties that is or are necessary to provide for urgent specialist clinical or medical care due to an emergency situation or a critical unforeseen circumstance; or a worker is required to fill a vacancy to provide urgent care, to maintain quality of care and/or to continue essential operations due to an emergency situation or a critical unforeseen circumstance; or\na worker is required to respond to an emergency; or\na worker is required to perform urgent and essential work to protect the health and safety of workers or members of the public, or to protect assets and infrastructure.	Open Premises Order (No.2)\nPandemic Open Premises Order (No.1) 2021	A person must not refuse or fail to comply with a direction given to the person, or a requirement made of the person, in the exercise of a power under an authorisation given under section 199.\nIn the case of a natural person, 120 penalty units; In the case of a body corporate, 600 penalty units.\nGiving false and misleading information to an authorised officer. In the case of a natural person, 60 penalty units;In the case of a body corporate, 300 penalty units.	Minister for Health							[Source date unresolved: VIC!A73 / announcement_date]\n70% easing of restrictions 16/09/2028\n\n[Source date unresolved: VIC!C73 / enforcement_date]\nEarlier than 17/09/2021\n\n23/10/2028	Pandemic Order	VICPFADT200	
173	VIC	Open Premises Directions	Public Space	gaming machine premises				2022-10-12	Pandemic (Workplace) Order 2022 (No. 10) expired	22/04/22: Specified Workers Order 2022 (No 6) was revoked by Pandemic (Workplace) Order 2022 (No. 8) to combine Specified Facilities, General Workers, Specified Workers and Open Premises into one order			workers and visitors must be fully vaccinated and 18 or above to access open premises in Metropolitan Melbourne and\nRegional Victoria\n15/12/21: changed to all of VIC and removed the 1.5m spacing requirement\n6/1/22: workers above 12 years and 2 months of age must be fully vaccinate	21/10-15/12/21: doesn't apply to regional VIC if the number of patrons in an outdoor space is less than 20, and less than 10 for indoor spaces\nExemptions include access to bathrooms, severe weather, education and childcare services, public event framework; emegency use and opeations; 12/4/22 added: state or federal elections\na worker is required to perform work or duties that is or are necessary to provide for urgent specialist clinical or medical care due to an emergency situation or a critical unforeseen circumstance; or a worker is required to fill a vacancy to provide urgent care, to maintain quality of care and/or to continue essential operations due to an emergency situation or a critical unforeseen circumstance; or\na worker is required to respond to an emergency; or\na worker is required to perform urgent and essential work to protect the health and safety of workers or members of the public, or to protect assets and infrastructure.	Open Premises Order (No.2)\nPandemic Open Premises Order (No.1) 2021	A person must not refuse or fail to comply with a direction given to the person, or a requirement made of the person, in the exercise of a power under an authorisation given under section 199.\nIn the case of a natural person, 120 penalty units; In the case of a body corporate, 600 penalty units.\nGiving false and misleading information to an authorised officer. In the case of a natural person, 60 penalty units;In the case of a body corporate, 300 penalty units.	Minister for Health							[Source date unresolved: VIC!A74 / announcement_date]\n70% easing of restrictions 16/09/2030\n\n[Source date unresolved: VIC!C74 / enforcement_date]\nEarlier than 17/09/2021\n\n23/10/2030	Pandemic Order	VICPOTHT900	
174	VIC	Open Premises Directions	Public Space	karaoke and\nnightclubs operating\nas food and drink\npremises				2022-10-12	Pandemic (Workplace) Order 2022 (No. 10) expired	22/04/22: Specified Workers Order 2022 (No 6) was revoked by Pandemic (Workplace) Order 2022 (No. 8) to combine Specified Facilities, General Workers, Specified Workers and Open Premises into one order			workers and visitors must be fully vaccinated and 18 or above to access open premises in Metropolitan Melbourne and\nRegional Victoria\n15/12/21: changed to all of VIC\n6/1/22: workers above 12 years and 2 months of age must be fully vaccinate	Exemptions include access to bathrooms, severe weather, education and childcare services, public event framework; emegency use and opeations; 12/4/22 added: state or federal elections\na worker is required to perform work or duties that is or are necessary to provide for urgent specialist clinical or medical care due to an emergency situation or a critical unforeseen circumstance; or a worker is required to fill a vacancy to provide urgent care, to maintain quality of care and/or to continue essential operations due to an emergency situation or a critical unforeseen circumstance; or\na worker is required to respond to an emergency; or\na worker is required to perform urgent and essential work to protect the health and safety of workers or members of the public, or to protect assets and infrastructure.	Open Premises Order (No.2)\nPandemic Open Premises Order (No.1) 2021	A person must not refuse or fail to comply with a direction given to the person, or a requirement made of the person, in the exercise of a power under an authorisation given under section 199.\nIn the case of a natural person, 120 penalty units; In the case of a body corporate, 600 penalty units.\nGiving false and misleading information to an authorised officer. In the case of a natural person, 60 penalty units;In the case of a body corporate, 300 penalty units.	Minister for Health							[Source date unresolved: VIC!A75 / announcement_date]\n70% easing of restrictions 16/09/2032\n\n[Source date unresolved: VIC!C75 / enforcement_date]\nEarlier than 17/09/2021\n\n23/10/2032	Pandemic Order	VIDPFADT300	
175	VIC	Open Premises Directions	Public Space	physical recreation\npremises				2022-10-12	Pandemic (Workplace) Order 2022 (No. 10) expired	22/04/22: Specified Workers Order 2022 (No 6) was revoked by Pandemic (Workplace) Order 2022 (No. 8) to combine Specified Facilities, General Workers, Specified Workers and Open Premises into one order			workers and visitors must be fully vaccinated and 18 or above to access open premises in Metropolitan Melbourne and\nRegional Victoria\n15/12/21: changed to all of VIC\n6/1/22: workers above 12 years and 2 months of age must be fully vaccinate	Exceptions for community sports; professional or high performance sport; broadcasting; authorised worker; hydrotherapy services\nExemptions include access to bathrooms, severe weather, education and childcare services, public event framework; emegency use and opeations; 12/4/22 added: state or federal elections\na worker is required to perform work or duties that is or are necessary to provide for urgent specialist clinical or medical care due to an emergency situation or a critical unforeseen circumstance; or a worker is required to fill a vacancy to provide urgent care, to maintain quality of care and/or to continue essential operations due to an emergency situation or a critical unforeseen circumstance; or\na worker is required to respond to an emergency; or\na worker is required to perform urgent and essential work to protect the health and safety of workers or members of the public, or to protect assets and infrastructure.	Open Premises Order (No.2)\nPandemic Open Premises Order (No.1) 2021	A person must not refuse or fail to comply with a direction given to the person, or a requirement made of the person, in the exercise of a power under an authorisation given under section 199.\nIn the case of a natural person, 120 penalty units; In the case of a body corporate, 600 penalty units.\nGiving false and misleading information to an authorised officer. In the case of a natural person, 60 penalty units;In the case of a body corporate, 300 penalty units.	Minister for Health							[Source date unresolved: VIC!A76 / announcement_date]\n70% easing of restrictions 16/09/2034\n\n[Source date unresolved: VIC!C76 / enforcement_date]\nEarlier than 17/09/2021\n\n23/10/2034	Pandemic Order	VICPOTHT120	
176	VIC	Open Premises Directions	Public Space	sex on premises,\nbrothels and\nsexually explicit\nvenues				2022-10-12	Pandemic (Workplace) Order 2022 (No. 10) expired	22/04/22: Specified Workers Order 2022 (No 6) was revoked by Pandemic (Workplace) Order 2022 (No. 8) to combine Specified Facilities, General Workers, Specified Workers and Open Premises into one order			workers and visitors must be fully vaccinated and 18 or above to access open premises in Metropolitan Melbourne and\nRegional Victoria\n15/12/21: changed to all of VIC\n6/1/22: workers above 12 years and 2 months of age must be fully vaccinate	Exemptions include access to bathrooms, severe weather, education and childcare services, public event framework; emegency use and opeations; 12/4/22 added: state or federal elections\na worker is required to perform work or duties that is or are necessary to provide for urgent specialist clinical or medical care due to an emergency situation or a critical unforeseen circumstance; or a worker is required to fill a vacancy to provide urgent care, to maintain quality of care and/or to continue essential operations due to an emergency situation or a critical unforeseen circumstance; or\na worker is required to respond to an emergency; or\na worker is required to perform urgent and essential work to protect the health and safety of workers or members of the public, or to protect assets and infrastructure.	Open Premises Order (No.2)\nPandemic Open Premises Order (No.1) 2021	A person must not refuse or fail to comply with a direction given to the person, or a requirement made of the person, in the exercise of a power under an authorisation given under section 199.\nIn the case of a natural person, 120 penalty units; In the case of a body corporate, 600 penalty units.\nGiving false and misleading information to an authorised officer. In the case of a natural person, 60 penalty units;In the case of a body corporate, 300 penalty units.	Minister for Health							[Source date unresolved: VIC!A77 / announcement_date]\n70% easing of restrictions 16/09/2037\n\n[Source date unresolved: VIC!C77 / enforcement_date]\nEarlier than 17/09/2021\n\n23/10/2037	Pandemic Order	VICPOTHT150	
177	VIC	Open Premises Directions	Public Space	swimming pools,\nspas, saunas,\nsteam rooms and\nsprings				2022-10-12	Pandemic (Workplace) Order 2022 (No. 10) expired	22/04/22: Specified Workers Order 2022 (No 6) was revoked by Pandemic (Workplace) Order 2022 (No. 8) to combine Specified Facilities, General Workers, Specified Workers and Open Premises into one order			workers and visitors must be fully vaccinated and 18 or above to access open premises in Metropolitan Melbourne and\nRegional Victoria\n15/12/21: changed to all of VIC\n6/1/22: workers above 12 years and 2 months of age must be fully vaccinate	Exemptions include access to bathrooms, severe weather, education and childcare services, public event framework; emegency use and opeations; 12/4/22 added: state or federal elections\na worker is required to perform work or duties that is or are necessary to provide for urgent specialist clinical or medical care due to an emergency situation or a critical unforeseen circumstance; or a worker is required to fill a vacancy to provide urgent care, to maintain quality of care and/or to continue essential operations due to an emergency situation or a critical unforeseen circumstance; or\na worker is required to respond to an emergency; or\na worker is required to perform urgent and essential work to protect the health and safety of workers or members of the public, or to protect assets and infrastructure.	Open Premises Order (No.2)\nPandemic Open Premises Order (No.1) 2021	A person must not refuse or fail to comply with a direction given to the person, or a requirement made of the person, in the exercise of a power under an authorisation given under section 199.\nIn the case of a natural person, 120 penalty units; In the case of a body corporate, 600 penalty units.\nGiving false and misleading information to an authorised officer. In the case of a natural person, 60 penalty units;In the case of a body corporate, 300 penalty units.	Minister for Health							[Source date unresolved: VIC!A78 / announcement_date]\n70% easing of restrictions 16/09/2038\n\n[Source date unresolved: VIC!C78 / enforcement_date]\nEarlier than 17/09/2021\n\n23/10/2038	Pandemic Order	VICPOTHT160	
178	VIC	Open Premises Directions	Public Space	restricted retail\npremises				2022-10-12	Pandemic (Workplace) Order 2022 (No. 10) expired	22/04/22: Specified Workers Order 2022 (No 6) was revoked by Pandemic (Workplace) Order 2022 (No. 8) to combine Specified Facilities, General Workers, Specified Workers and Open Premises into one order			workers and visitors must be fully vaccinated and 18 or above to access open premises in Metropolitan Melbourne and\nRegional Victoria\n15/12/21: changed to all of VIC\n6/1/22: workers above 12 years and 2 months of age must be fully vaccinate	Exceptions (21/10-15/12/21): Essential retail premises and general retail premises; online auction houses\nExemptions include access to bathrooms, severe weather, education and childcare services, public event framework; emegency use and opeations; 12/4/22 added: state or federal elections\na worker is required to perform work or duties that is or are necessary to provide for urgent specialist clinical or medical care due to an emergency situation or a critical unforeseen circumstance; or a worker is required to fill a vacancy to provide urgent care, to maintain quality of care and/or to continue essential operations due to an emergency situation or a critical unforeseen circumstance; or\na worker is required to respond to an emergency; or\na worker is required to perform urgent and essential work to protect the health and safety of workers or members of the public, or to protect assets and infrastructure.	Open Premises Order (No.2)\nPandemic Open Premises Order (No.1) 2021	A person must not refuse or fail to comply with a direction given to the person, or a requirement made of the person, in the exercise of a power under an authorisation given under section 199.\nIn the case of a natural person, 120 penalty units; In the case of a body corporate, 600 penalty units.\nGiving false and misleading information to an authorised officer. In the case of a natural person, 60 penalty units;In the case of a body corporate, 300 penalty units.	Minister for Health							[Source date unresolved: VIC!A79 / announcement_date]\n70% easing of restrictions 16/09/2039\n\n[Source date unresolved: VIC!C79 / enforcement_date]\nEarlier than 17/09/2021\n\n23/10/2039	Pandemic Order	VICPOTHT170	
179	VIC	Open Premises Directions	Public Space	tours (walking or\ncycling)				2022-10-12	Pandemic (Workplace) Order 2022 (No. 10) expired	22/04/22: Specified Workers Order 2022 (No 6) was revoked by Pandemic (Workplace) Order 2022 (No. 8) to combine Specified Facilities, General Workers, Specified Workers and Open Premises into one order			workers and visitors must be fully vaccinated and 18 or above to access open premises in Metropolitan Melbourne and\nRegional Victoria\n15/12/21: changed to all of VIC\nmust ensure any shared\nequipment used is cleaned between users.\n6/1/22: workers above 12 years and 2 months of age must be fully vaccinate	premises used for tourism services if the tourism services are provided in a cruise ship, if the operator does not permit the total number of patrons on the vessel to exceed 99.\nExemptions include access to bathrooms, severe weather, education and childcare services, public event framework; emegency use and opeations; 12/4/22 added: state or federal elections\na worker is required to perform work or duties that is or are necessary to provide for urgent specialist clinical or medical care due to an emergency situation or a critical unforeseen circumstance; or a worker is required to fill a vacancy to provide urgent care, to maintain quality of care and/or to continue essential operations due to an emergency situation or a critical unforeseen circumstance; or\na worker is required to respond to an emergency; or\na worker is required to perform urgent and essential work to protect the health and safety of workers or members of the public, or to protect assets and infrastructure.	Open Premises Order (No.2)\nPandemic Open Premises Order (No.1) 2021	A person must not refuse or fail to comply with a direction given to the person, or a requirement made of the person, in the exercise of a power under an authorisation given under section 199.\nIn the case of a natural person, 120 penalty units; In the case of a body corporate, 600 penalty units.\nGiving false and misleading information to an authorised officer. In the case of a natural person, 60 penalty units;In the case of a body corporate, 300 penalty units.	Minister for Health							[Source date unresolved: VIC!A80 / announcement_date]\n70% easing of restrictions 16/09/2040\n\n[Source date unresolved: VIC!C80 / enforcement_date]\nEarlier than 17/09/2021\n\n23/10/2040	Pandemic Order	VICPOTHT180	
180	VIC	Open Premises Directions	Public Space	premises used for tourism\nservices				2022-10-12	Pandemic (Workplace) Order 2022 (No. 10) expired	22/04/22: Specified Workers Order 2022 (No 6) was revoked by Pandemic (Workplace) Order 2022 (No. 8) to combine Specified Facilities, General Workers, Specified Workers and Open Premises into one order			workers and visitors must be fully vaccinated and 18 or above to access open premises in Metropolitan Melbourne and\nRegional Victoria\n15/12/21: changed to all of VIC\n6/1/22: workers above 12 years and 2 months of age must be fully vaccinate	Exemptions include access to bathrooms, severe weather, education and childcare services, public event framework; emegency use and opeations; 12/4/22 added: state or federal elections\na worker is required to perform work or duties that is or are necessary to provide for urgent specialist clinical or medical care due to an emergency situation or a critical unforeseen circumstance; or a worker is required to fill a vacancy to provide urgent care, to maintain quality of care and/or to continue essential operations due to an emergency situation or a critical unforeseen circumstance; or\na worker is required to respond to an emergency; or\na worker is required to perform urgent and essential work to protect the health and safety of workers or members of the public, or to protect assets and infrastructure.	Open Premises Order (No.2)\nPandemic Open Premises Order (No.1) 2021	A person must not refuse or fail to comply with a direction given to the person, or a requirement made of the person, in the exercise of a power under an authorisation given under section 199.\nIn the case of a natural person, 120 penalty units; In the case of a body corporate, 600 penalty units.\nGiving false and misleading information to an authorised officer. In the case of a natural person, 60 penalty units;In the case of a body corporate, 300 penalty units.	Minister for Health							[Source date unresolved: VIC!A81 / announcement_date]\n70% easing of restrictions 16/09/2041\n\n[Source date unresolved: VIC!C81 / enforcement_date]\nEarlier than 17/09/2021\n\n23/10/2041	Pandemic Order	VICPOTHT190	
181	VIC	Victorian Border Crossing Permit Directions	Public Space,Travel	Prohibited persons\na person who has been in a red zone in a State, Territory or Green Zone Country in the 14 days prior to entry to Victoria but does not include:\n(a) a person described in clause 5(1)(b);\n(b) a Victorian resident described in clause 6(1); or\n(c) a Victorian resident described in clause 7(1);\n				2022-12-15	Removed before or on this date as it's not in the next order (Pandemic (Victorian Border Crossing) Order 2021 (No. 1))				Must not enter Victoria	A prohibited person must not enter Victoria unless the prohibited person:\n(a) is an aircrew services worker who is permitted to enter Victoria under clause 9; or\n(b) has a valid transit permit under clause 10; or\n(c) has a valid specified worker (other) permit under clause 11(1); or\n(d) has a valid specified worker (exclusive outdoor activities) permit under clause 11(2); or\n(e) has a valid specified worker (low workplace interaction) permit under clause 11(7); or\n(f) is an excepted person under clause 13; or\n(g) has a valid exemption under clause 3(5) or 14.	Victorian Border Crossing Permit Directions	A person who fails to comply with these directions is liable for an on-the-spot fine of:\ni. aged 18 years or older – $1,652; aged 15 years or older but under the age of 18 years – $660.80; aged under 15 years – $165.20; or\nin the case of a body corporate – $9,913; or\nRefusing or failing to comply with a requirement to self-isolate or self-quarantine:\ni. aged 18 years or older – $4,957; ii. aged 15 years or older but under the age of 18 years – $826.10; or\niii. under the age of 15 years – $165.20; \nRefusing or failing to comply with a requirement in relation to a person travelling from a restricted area (however described) and seeking to enter Victoria without a reasonable excuse or other valid reason or excuse, in the case of a natural person:\ni. aged 18 years or older – $4,957; ii. aged 15 years or older but under the age of 18 years – $826.10; iii. under the age of 15 years – $165.20.\nA person must not refuse or fail to comply with a direction given to the person, or a requirement made of the person, in the exercise of a power under an authorisation given under section 199.\nIn the case of a natural person, 120 penalty units; In the case of a body corporate, 600 penalty units.\nGiving false and misleading information to an authorised officer. In the case of a natural person, 60 penalty units;In the case of a body corporate, 300 penalty units.	Minister for Health								Pandemic Order	VICPIST0000	
182	VIC	COVID-19 Mandatory Vaccination Directions	Employment	healthcare workers 	2021-10-01	2021-10-01	2021-10-29	2024-10-04	Secretary Directions revoked	11/02/22- Pandemic COVID-19 Mandatory Vaccination (Specified Facilities) Order 2022 (No. 5) changed booster deadline from 12/02/22 to 12/03/22. The booster deadline for HCW that became fully vaccinated after 12/09/22 whose current booster deadline is 1/0322 is amended to 12/3/22. \nThe definition of healthcare worker for the purposes of this order is amended to exclude healthcare workers to the extent that they are employed at an education facility.\n22/04/22: Revoked by Pandemic (Workplace) Order 2022 (No. 8) to combine Specified Facilities, General Workers, Specified Workers and Open Premises into one order\n12/10/22: Pandemic (Workplace) Order 2022 (No. 10) expired and replaced by Secretary Directions on 13/10/22. Secretary Directions lifted / mandate removed  4 October 2024.	183	1099	workers must provide details by 15/10/21 and mandates the first dose by 29/10/21 and the second dose by 15/12/21	(a) a worker that is required to perform work or duties at the work premises that are necessary to provide for urgent specialist clinical or medical care at the work premises due to an emergency situation or a critical unforeseen circumstance; or (b) a worker that is deployed to fill a vacancy to provide urgent care, to maintain quality of care and/or continue essential operations at the work premises due to an emergency situation or a critical unforeseen circumstance; or (c) a worker who is required to attend the premises to respond to an emergency at the work premises; or (d) a worker who is required to perform urgent and essential work at the work premises to protect the health and safety of workers or members of the public, or to protect assets and infrastructure.\n	COVID-19 Mandatory Vaccination (Specified Facilities) Directions (No 10)\nVaccination of Health Care Workers (COVID-19) Directions – Health Services\nVaccination of Health Care Workers (COVID-19) Directions – Health Service Establishments\nVaccination of Health Care Workers (COVID-19) Directions – Ambulance Services	A person must not refuse or fail to comply with a direction given to the person, or a requirement made of the person, in the exercise of a power under an authorisation given under section 199.\nIn the case of a natural person, 120 penalty units; In the case of a body corporate, 600 penalty units.\n(2) A person is not guilty of an offence against subsection (1) if the person had a reasonable excuse for refusing or failing to comply with the direction or requirement.	Minister for Health							Useful resource for framing revocation (endnoted) https://www.health.vic.gov.au/immunisation/vaccination-for-healthcare-workers	Pandemic Order	VICEHCWT1V1	
183	VIC	(BOOSTER) COVID-19 Mandatory Vaccination Directions	Employment	healthcare workers booster		2022-01-12	2022-03-12	2024-10-04	Secretary Directions revoked	12/01/22 - Pandemic COVID-19 Mandatory Vaccination (Specified Facilities) Order 2022 (No. 2) introduced booster doses\n11/02/22- Pandemic COVID-19 Mandatory Vaccination (Specified Facilities) Order 2022 (No. 5) changed booster deadline from 12/02/22 booster deadline to 12/03/22. The booster deadline for HCWs that became fully vaccinated after 12/09/22 whose current booster deadline is 1/0322 is amended to 12/3/22. The definition of healthcare worker for the purposes of this order is amended to exclude healthcare workers to the extent that they are employed at an education facility.\n22/04/22: Revoked by Pandemic (Workplace) Order 2022 (No. 8) to combine Specified Facilities, General Workers, Specified Workers and Open Premises into one order\n12/10/22: Pandemic (Workplace) Order 2022 (No. 10) expired and replaced by Secretary Directions on 13/10/22		996	For workers that became fully vaccinated on or before\n12/09/21, the\ndeadline is 12/02/22.\nFor workers that became fully vaccinated after 12/09/21, the\ndeadline is 29/03/22.\n11/02/22 order update: Deadline extended to 12/03/22	(a) a worker that is required to perform work or duties at the work premises that are necessary to provide for urgent specialist clinical or medical care at the work premises due to an emergency situation or a critical unforeseen circumstance; or (b) a worker that is deployed to fill a vacancy to provide urgent care, to maintain quality of care and/or continue essential operations at the work premises due to an emergency situation or a critical unforeseen circumstance; or (c) a worker who is required to attend the premises to respond to an emergency at the work premises; or (d) a worker who is required to perform urgent and essential work at the work premises to protect the health and safety of workers or members of the public, or to protect assets and infrastructure.\n	COVID-19 Mandatory Vaccination Directions (No 3)\nCOVID-19 Mandatory Vaccination (Specified Facilities) Directions (No 10)\nVaccination of Health Care Workers (COVID-19) Directions – Health Services\nVaccination of Health Care Workers (COVID-19) Directions – Health Service Establishments\nVaccination of Health Care Workers (COVID-19) Directions – Ambulance Services	A person must not refuse or fail to comply with a direction given to the person, or a requirement made of the person, in the exercise of a power under an authorisation given under section 199.\nIn the case of a natural person, 120 penalty units; In the case of a body corporate, 600 penalty units.\n(2) A person is not guilty of an offence against subsection (1) if the person had a reasonable excuse for refusing or failing to comply with the direction or requirement.	Minister for Health								Pandemic Order	VICEHCWT1V2	
184	VIC	COVID-19 Mandatory Vaccination Directions	Employment	healthcare workers entering \nVictoria under a specified worker (multiple entry) permit		2021-09-23	2021-10-07	2024-10-04				1107	From 24/09/21, workers must provide evidence that they have received a partial or full COVID-19 vaccination; or they have made a booking to receive a dose by 7/10/21	(a) a worker that is required to perform work or duties at the work premises that are necessary to provide for urgent specialist clinical or medical care at the work premises due to an emergency situation or a critical unforeseen circumstance; or (b) a worker that is deployed to fill a vacancy to provide urgent care, to maintain quality of care and/or continue essential operations at the work premises due to an emergency situation or a critical unforeseen circumstance; or (c) a worker who is required to attend the premises to respond to an emergency at the work premises; or (d) a worker who is required to perform urgent and essential work at the work premises to protect the health and safety of workers or members of the public, or to protect assets and infrastructure.\n	COVID-19 Mandatory Vaccination Directions (No 3)	A person must not refuse or fail to comply with a direction given to the person, or a requirement made of the person, in the exercise of a power under an authorisation given under section 199.\nIn the case of a natural person, 120 penalty units; In the case of a body corporate, 600 penalty units.\n(2) A person is not guilty of an offence against subsection (1) if the person had a reasonable excuse for refusing or failing to comply with the direction or requirement.	Minister for Health								Pandemic Order	VICEHCWT200	
185	VIC	COVID-19 Vaccination Requirements Policy	Employment	all employees of the Department of Education and Training and its portfolio agencies		2022-02-10	2022-02-10	2024-06-24				865	are to attend the workplace only when they have up-to-date vaccination\nstatus against COVID-19	An employee or other Workplace Participant may be permitted to work outside their ordinary place\nof residence for the Department and its portfolio agencies if the employee is an Excepted Person\n(see definitions below) and has produced Acceptable Certification to the department or one of its\nportfolio agencies to substantiate that they are an Excepted Person.		Employees who do not comply with the directions outlined in this Policy may be subject to\ndisciplinary action, and/or to a show cause process relating to their capacity to undertake the role,\nwhich may result in termination of employment. Workplace Participants may have their contract for\nthe provision of services with the Employer terminated.\nFor Victorian Public Service Employees, compliance with this Policy will be managed in\naccordance with Vaccination requirements for Victorian public service employers guidance\nmaterials.	Department of Education and Training								Vaccination Policy	VICEDCJT200	
186	VIC	Covid-19 Vaccination Requirements Policy	Employment	all employees and other workplace participants of the Victorian Institute of Teaching (VIT)\n*Might not be a government mandate as they are not affiliated with the Department of Education		2022-09-17	2023-01-01	2022-10-12				25	only employees or other workplace participants with up to date vaccination status against COVID-19 and who provide evidence of their vaccination status are permitted to work for VIT outside their ordinary place of residence.			Employees who do not comply with the directions outlined in this Policy within a three-month period of this Policy’s implementation may be subject to disciplinary action, and/or to a show cause process relating to their capacity to undertake the role, and/or otherwise dealt with in accordance with the Management of Misconduct clause (Clause 24) of the Victorian Institute of Teaching Enterprise Agreement 2021. Workplace participants may have their contract for the provision of services with the VIT terminated.	Victorian Institute for Teaching								Vaccination Policy	VICEDCJT100	
187	NT	Directions for Quarantine Workers	Employment	Quarantine workers		2021-10-04	2021-10-15	2022-06-15	Revoked by COVID-19 Directions (No. 1) 2022: Revocation of various directions			254	First dose by 15/10/21\nSecond dose by 26/11/21 must provide evidence		COVID-19 Directions (No. 53) 2021: Directions for Quarantine Workers\nPost-emergency COVID-19 Directions (No. 1) 2022: Revocation of various directions	The maximum penalty for failing to comply with a direction is 400 penalty units.\nAn infringement notice may be given for failing to comply with these Directions with a fine equal to 32 penalty units for an individual and 160 penalty units for a body corporate.	NT Chief Health Officer								CHO Direction	NTEHQW0000	
188	NT	Directions for mandatory vaccination of workers to attend the workplace	Employment	(a) a worker who, during the course of work, is likely ot come into contact with a vulnerable person; (e.g. people working with children, disabled or elderly persons, health care, workers in Indigenous communities, retail services)\n(b) a worker who is at risk of infection with COVID-19 because the worker, during the course of work, is likely to come into contact with a person or thing that poses a risk of infection; (e.g. health care workers in hospitals, police and emergency service workers, quaratine facilities, border control)\n(c) a worker whose workplace poses a high risk of infection with COVID-19; (e.g. correction facilities, mining sites, food processing facilities, cruise vessels)\n (d) a worker who performs work that is necessary for the operation or maintenance of essential infrastructure or essential logistics in the Territory. (e.g. electricity, gas, water supply and sewerage treatment facilities, telecommunications systems and roads)\nA comprehensive list is included in the directions	2021-10-13	2021-10-13	2021-11-13	2022-06-15	Workplace mandate ended 15/6/22 Revoked by COVID-19 Directions (No. 1) 2022: Revocation of various directions	10/11/21 - No.81 amended No.55 and is a consolidated version. Added section exempting volunteers, contractors and subcontractors\n22/04/2022 Revoked by COVID-19 Directions (No. 53) 2022: Revocation of COVID-19 Directions (No. 55) 2021\nMandate still exists but a new direction was created to include 3 doses (COVID-19 Directions (No. 52) 2022)\nWorkplace mandate ended 15/6/22 Revoked by COVID-19 Directions (No. 1) 2022: Revocation of various directions	203	245	First dose by 13/11/21\nSecond dose by 25/12/21\nmust provide evidence\nAmended on 13/03/2022: Booster by 22/4/2022	a worker may attend the worker's workplace without being vaccinated with an approved COVID-19 vaccine fi the worker has evidence of a contraindication to all approved COVID-19 vaccines.\nNothing in these Directions prevents a worker who is not vaccinated from working at a place where the worker, during the course of work:\n(a) is not likely to come into contact with a vulnerable person; and\n(b) is not likely to come into contact with a person or thing that poses a risk of infection with COVID-19; and\n(c) is not likely to be exposed to a high risk of infection with COVID- 19.\nNothing in these Directions prevents a person conducting a business\nor undertaking from making reasonable adjustments to accommodate\na worker who is not vaccinated\n10/11/21 added - Voluteers, contractors and subcontractors are exempt	COVID-19 Directions (No. 55) 2021:\nDirections for mandatory vaccination of workers to attend the workplace\nCOVID-19 Directions (No. 81) 2021:\nDirections for mandatory vaccination of workers to attend the workplace	A person conducting a business must keep a resgister of the following information: (a)  workers who are vacccinated (b) steps taken to comply with the verification of evidence\n10/11/21 added - Voluteers, contractors and subcontractors are exempt\nThe maximum penalty for failing to comply with a direction is 400 penalty units.\nAn infringement notice may be given for failing to comply with these Directions with a fine equal to 32 penalty units for an individual and 160 penalty units for a body corporate.\n$5,000 fines for those who don't comply	NT Chief Health Officer						400 public servants dismissed for not complying with the mandate. The salaries of those public servants are used to fund bonus payments for the remaining staff. Staff would get a $4,000 bonus in the first year, and $2,000 bonuses in each of the following three years	For direction 4(c), workplaces that pose a high risk of infection with COVID-19 include the following:\n4\n(a) correction and detention facilities;\n(b) shelters for persons experiencing homelessness or other forms of adversity;\n(c) mining sites;\n(d) food processing and distribution facilities;\n(e) cold storage facilities and abattoirs;\n(f) cruise vessels as defined in direction 5 of my COVID-19 Directions (No. 5) 2021.\nFor direction 4(d), essential infrastructure or essential logistics ni the Territory include:\n(a) electricity generation facilities, electricity networks and electrical installations;\n(b) liquid natural gas and other gas facilities;\n(c) water supply and distribution infrastructure;\n(d) sewerage treatment facilities;\n(e) telecommunications systems;\n(f) roads;\n(g) COVID-19 emergency operations centre. ALSO NOTE: this policy appears to cover all HCWs; definitley those who come into contact with remote communities and govt workers, taking in most of HCW workforce but any not included would get picked up in new year policy.	CHO Direction	NTEALLT1V1	
189	NT	Directions to lock down Katherine	Public Space	People in Katherine except essential workers		2021-11-04	2021-11-05	2021-11-08	Stated in directions	5/11/21 - No. 59 replaced by No. 68 Directions to lock down Katherine		4	essential workers must be fully vaccinated\nEveryone else must follow lockdown rules	Workers in healthcare, food and supplies, utilities, transportation, education and childcare, emergency response and other essential services and businesses - see directions for specific details	COVID-19 Directions (No. 59) 2021:\nDirections to lock down Katherine	The maximum penalty for failing to comply with a direction is 400 penalty units.\nAn infringement notice may be given for failing to comply with these Directions with a fine equal to 32 penalty units for an individual and 160 penalty units for a body corporate.	NT Chief Health Officer								CHO Direction	NTPPORT100	
190	NT	Directions to lock out Darwin and surrounding areas of the Territory Directions to check vaccination status and to refuse service and access to places, activities and services to unvaccinated people	Public Space	City of Darwin; City of Palmerston; Litchfield; Wagait Shire; Belyuen Shire; and the Darwin Waterfront Precinct and a few localities of the Territory (see directions for details)\n\nNOTE: there were other directions that locked out similar areas at later dates but the content of the mandates are the same as this one		2021-11-04	2021-11-05	2021-11-09	Stated in directions	5/11/21 - No. 61 replaced by No. 67 Directions to lock out Darwin and surrounding areas\nNo. 62 replaced by No. 66 Directions to check vaccination status and to refuse service and access to places, activities and services to unvaccinated people\n7/11/21 - No.66 revoked by No.72 Directions to check vaccination status and regualte service and access to places, activities and services in Darwin and surrounding areas of the Territory and in Katherine\n8/11/21 - No.72 revoked by No.77 Directions to check vaccination status and regualte service and access to places, activities and services in Darwin lockout area to extend the end date from 8/11 to 9/11/21 but removed Katherine\n8/11/21 - No.76 Directions to lock out Darwin and surrounding areas of the Territory extended the end date from 8/11/21 to 9/11/21 but removed Katherine		5	A person must not enter or exit the lockout areas\nAn unvaccinated person residing in the lockout area must not leave the premises they reside in\nRestricted gatherings for unvaccinated people\n\nBusinesses in the lockout area must check any person entering the epremises and refuse entry to an unvaccinated person	A person must not enter or exit the lockout area unless:\n(a) the person is one of the following who is performing a function\nconnected with the person's official work:\n(i) an authorised officer;\n(ii) a person performing functions under the Act or the Notifiable\nDiseases Act 1981;\n(iii) a vaccinated essential worker; or\nthe person is returning to the premises where the person resides in\nthe lockout area; or\n(d) the person enters by aircraft, motor vehicle, public transport or bicycle for the purpose of travelling to a part of the Territory that is\noutside the lockout area.\nAn unvaccinated person residing in the lockout area must not leave the premises unless its for exercise, to obtain goods and services from essential workers, to receive medical treatment etc (specified in directions)\nExempt businesses include an essential business, place, activity or service and a place for the conduct of a funeral with no more than 10 funeral attendees in total (see directions for list of essential businesses)\n7/11/21 - added that a food outlet with fixed premises is exempt if in relation to any person who is attending the premises for takeaway only	COVID-19 Directions (No. 61) 2021:\nDirections to lock out Darwin and surrounding areas of the Territory\nCOVID-19 Directions (No. 62) 2021:\nDirections to check vaccination status and to refuse service\nand access to places, activities and services to unvaccinated\npeople	The maximum penalty for failing to comply with a direction is 400 penalty units.\nAn infringement notice may be given for failing to comply with these Directions with a fine equal to 32 penalty units for an individual and 160 penalty units for a body corporate.	NT Chief Health Officer								CHO Direction	NTPPORT200	
191	NT	Directions for Aged Care Facilities in Darwin and surrounding areas of the Territory and Katherine	Employment,Public Space	Aged care facilities in City of Darwin; City of Palmerston; Litchfield; Wagait Shire; Belyuen Shire; Municipality of Katherine and the Darwin Waterfront Precinct and a few localities of the Territory (see directions for details)		2021-11-05	2021-11-05	2021-11-08	Stated in directions			3	Must be fully vaccinated to enter	Must not enter or remain at an aged care facility unless the person is one of the following: (a) an officer, employee or contractor (b) a person providing goods or services necessary for the operation of the facility; (c) a person providing health, medical or pharmaceutical goods; (d) a person providing end of life support to a resident of the facility;\n(e) a person required for emergency management or law enforcement;\n(f) a legal practitioner providing legal services regarding end of life matters to a resident of the facility only fi the service cannot be provided remotely; (g) a visitor to the facility who is a fully vaccinated person.	COVID-19 Directions (No. 63) 2021:\nDirections for Aged Care Facilities in Darwin and surrounding areas of the Territory and Katherine	The maximum penalty for failing to comply with a direction is 400 penalty units.\nAn infringement notice may be given for failing to comply with these Directions with a fine equal to 32 penalty units for an individual and 160 penalty units for a body corporate.	NT Chief Health Officer								CHO Direction	NTPRACT100	
192	NT	Directions for Aged Care Facilities	Employment	Aged care facility workers		2021-11-08	2021-11-08	2022-06-15	Stated in directions that it will remain in force while the public health emergency declaration is in force\n\nRevoked by COVID-19 Directions (No. 1) 2022: Revocation of various directions	24/12/21 - No.75 revoked and replaced by No.141 to include another exemption clause		219	A person who is an officer, employee or contractor of an aged care facility must not enter or remain on the premises of the aged care facility if the person is not a vaccinated person.\nMust give evidence that the person is a vaccinated person.	not applied to those in the Municipality of Katherine while Direction no.87 is in force (15/11-18/11/21 during Katherine's lockdown)\n24/11/21 - exmept means the person is under the age of 16 or has a certificate issued by the Commonwealth that certifies that the person has a permanent or temporary contraindication to all approved COVID-19 vaccines	COVID-19 Directions (No. 75) 2021: Directions for Aged Care Facilities	The proprietor of the aged care facility must keep a record of the information provided.\n33 Access to the information must be provided to an authorised officer on request by the officer.\nThe maximum penalty for failing to comply with a direction is 400 penalty units.\nAn infringement notice may be given for failing to comply with these Directions with a fine equal to 32 penalty units for an individual and 160 penalty units for a body corporate.	NT Chief Health Officer							not including those in the Municipality of Katherine while no.87 is in force (15/11-18/11/21 during Katherine's lockdown)	CHO Direction	NTERACT100	
193	NT	Remote Communities	Employment,Public Space	all people entering or working in a remote\ncommunity			2021-11-12	2022-06-15		Until the 80 per cent vaccination rate for all people aged five years and over can be achieved in remote\ncommunities, this public health measure was introduced.		215	must have their first dose by 12 November and their second dose by 24\nDecember 2021.\nFrom Monday, 15 November 2021, any worker or resident entering a remote community with a first\ndose vaccination rate below 70%, from Darwin, Katherine, Alice Springs or interstate will be required\nto wear a mask at all times for seven days when in public.				NT Chief Health Officer							[Source date unresolved: NT!L8 / removal_date]\nOriginal: Various removal dates for different rural areas\nRemoval varies by rural area; no single date is supplied.	CHO Direction		
194	NT	Directions to lock down Katherine	Public Space	the Municipality of Katherine\n\nDirections do not apply to Binjari (20/11/21 to 7/12/21) and Rockhole (20/11/21 to 25/11/21) due to its hard lockdown		2021-11-15	2021-11-15	2021-12-04	Stated in directions	16/11/21 - No.85 was amended by No.90. Changed the removal date of the lockdown in Katherine from 18/11 to 22/11\n17/11/21 - No.86 was amended by No.91. Changed the removal date of the lockdown in Robinson River from 18/11 to 22/11\n22/11/21 - No.85 was amended by No.98. Changed the removal date of the lockdown in Katherine from 22/11 to 24/11\n24/11/21 - No. 85 amended by No.100 to change removal date from 21/11 to 4/12/21		19	A person must not enter or exit the lockout areas\nAn unvaccinated person residing in the lockout area must not leave the premises they reside in\nRestricted gatherings for unvaccinated people\n\n25/11/21 - No. 102 Directions for intro-Territory travel: A person may exit Katherine and enter an approved home quarantine zone if the person:\n(a) is a resident of the zone; and (b) is vaccinated or exempt; and (c) has submitted to an approved PCR COVID-19 testing procedure within 72 hours before exiting Katherine.	A person must not enter or exit the lockout area unless:\n(a) the person is one of the following who is performing a function\nconnected with the person's official work:\n(i) an authorised officer;\n(ii) a person performing functions under the Act or the Notifiable\nDiseases Act 1981;\n(iii) a vaccinated essential worker; or\nthe person is returning to the premises where the person resides in\nthe lockout area; or\n(d) the person enters by aircraft, motor vehicle, public transport or bicycle for the purpose of travelling to a part of the Territory that is\noutside the lockout area.\nAn unvaccinated person residing in the lockout area must not leave the premises unless its for exercise, to obtain goods and services from essential workers, to receive medical treatment etc (specified in directions)\nExempt businesses include an essential business, place, activity or service and a place for the conduct of a funeral with no more than 10 funeral attendees in total (see directions for list of essential businesses)\na food outlet with fixed premises is exempt if in relation to any person who is attending the premises for takeaway only\nExempt person meaning: a) has received 2 doses of the COVID vaccine; or b) is 16 years or younger; or c) has a contraindiction to the COVID vaccine	COVID-19 Directions (No. 85) 2021: Directions to lock down Katherine\n	The maximum penalty for failing to comply with a direction is 400 penalty units.\nAn infringement notice may be given for failing to comply with these Directions with a fine equal to 32 penalty units for an individual and 160 penalty units for a body corporate.	NT Chief Health Officer								CHO Direction	NTPPORT300	
195	NT	Directions to lock down Robinson River and homelands	Public Space	the community known as Robinson River and homelands\n		2021-11-15	2021-11-15	2021-11-22	Stated in directions	17/11/21 - No.86 was amended by No.91. Changed the removal date of the lockdown in Robinson River from 18/11 to 22/11\n		7	A person must not enter or exit the lockout areas\nAn unvaccinated person residing in the lockout area must not leave the premises they reside in\nRestricted gatherings for unvaccinated people	A person must not enter or exit the lockout area unless:\n(a) the person is one of the following who is performing a function\nconnected with the person's official work:\n(i) an authorised officer;\n(ii) a person performing functions under the Act or the Notifiable\nDiseases Act 1981;\n(iii) a vaccinated essential worker; or\nthe person is returning to the premises where the person resides in\nthe lockout area; or\n(d) the person enters by aircraft, motor vehicle, public transport or bicycle for the purpose of travelling to a part of the Territory that is\noutside the lockout area.\nAn unvaccinated person residing in the lockout area must not leave the premises unless its for exercise, to obtain goods and services from essential workers, to receive medical treatment etc (specified in directions)\nExempt businesses include an essential business, place, activity or service and a place for the conduct of a funeral with no more than 10 funeral attendees in total (see directions for list of essential businesses)\na food outlet with fixed premises is exempt if in relation to any person who is attending the premises for takeaway only\nExempt person meaning: a) has received 2 doses of the COVID vaccine; or b) is 16 years or younger; or c) has a contraindiction to the COVID vaccine	COVID-19 Directions (No. 86) 2021:\nDirections to lock down Robinson River and homelands\n	The maximum penalty for failing to comply with a direction is 400 penalty units.\nAn infringement notice may be given for failing to comply with these Directions with a fine equal to 32 penalty units for an individual and 160 penalty units for a body corporate.	NT Chief Health Officer								CHO Direction	NTPPORT400	
196	NT	Directions for Aged Care Facilities in Darwin and surrounding areas of the Territory and Katherine	Employment,Public Space	Aged care facilities in the Municipality of Katherine		2021-11-15	2021-11-15	2021-12-04	Stated in directions	18/11/21 - No.87 was amended by No.92. Changed the removal date of the from 18/11 to 22/11\n22/11/21 - No.87 was amended by No.98. Changed the removal date from 22/11 to 24/11/21 - No.87 amended by No. 100 to change the removal date from 22/11 to 4/12/21		19	Must be fully vaccinated to enter	Must not enter or remain at an aged care facility unless the person is one of the following: (a) an officer, employee or contractor (b) a person providing goods or services necessary for the operation of the facility; (c) a person providing health, medical or pharmaceutical goods; (d) a person providing end of life support to a resident of the facility;\n(e) a person required for emergency management or law enforcement;\n(f) a legal practitioner providing legal services regarding end of life matters to a resident of the facility only fi the service cannot be provided remotely; (g) a visitor to the facility who is a fully vaccinated person.	COVID-19 Directions (No. 87) 2021:\nDirections for Aged Care Facilities in Katherine	The maximum penalty for failing to comply with a direction is 400 penalty units.\nAn infringement notice may be given for failing to comply with these Directions with a fine equal to 32 penalty units for an individual and 160 penalty units for a body corporate.	NT Chief Health Officer								CHO Direction	NTPRACT200	
197	NT	Directions for Territory border restrictions	Public Space,Travel	People entering the territory		2021-11-21	2021-11-22	2022-02-18	Stated in directions that it will remain in force while the public health emergency declaration is in force\n18/02/22 - revoked by COVID-19 Directions No.43 2022	"22/11/21 - No.99 amended No.96 added another exemption clause about entering a hospital in an emergency\n31/01/22 - No.131 2021 amended by No.35 2022. Removed the high risk place clause and some others. Refer to directions for further detail.\n18/02/22 revoked by COVID-19 Directions No.43 2022 for everything except a passenger (but not a member of the crew) who enters the Territory on a flight facilitated by the Commonwealth Department of Foreign Affairs and Trade.\n23/02/22 - amended by No.44 ""a person who arrives in the Territory on a flight facilitated by the Commonwealth Department of Foreign Affairs and Trade, other than the following: a) a passenger who is vaccinated or exempt; b) a member of the crew of the facilitated flight"""		89	"A person must not enter the Territory unless the person:\n(a) is a resident of the Territory; or\n(b) is vaccinated or exempt; or\n(c) applies for and is given an exemption under Division 2 (see directions for full list); or\n(d) is an aircrew member.\n22/11/21 added (e) is entering a hospital in an emergency or for another urgent medical reason\narrives on a flight facilitated by the 18/12/21 added (f) Commonwealth Department of Foreign Affairs and Trade and is entering quarantine;\n23/02/22 - amended by No.44 to only apply to ""a person who arrives in the Territory on a flight facilitated by the Commonwealth Department of Foreign Affairs and Trade, other than the following: a) a passenger who is vaccinated or exempt; b) a member of the crew of the facilitated flight"""	is under the age of 12 years; or\n(c) is a worker to whom my COVID-19 Directions (No. 55) 2021 (or\nany subsequent Directions that replace and substantially\ncorrespond to those Directions) apply at a workplace specified in\nitem 3(c) or 4 of the Schedule to those Directions and the person\nhas complied with direction 6 of those Directions; or\n(d) has a certificate issued by the Commonwealth that certifies that the\nperson has a permanent or temporary contraindication to all\napproved COVID-19 vaccines.	COVID-19 Directions (No. 96) 2021:\nDirections for Territory border restrictions\nCOVID-19 Directions (No. 43) 2022: Revocation of border directions	The maximum penalty for failing to comply with a direction is 400 penalty units.\nAn infringement notice may be given for failing to comply with these Directions with a fine equal to 32 penalty units for an individual and 160 penalty units for a body corporate.	NT Chief Health Officer								CHO Direction	NTPISTT100	
198	NT	Directions for Freight workers	Employment,Travel	Frieght workers entering the Territory		2021-10-21	2021-11-01	2022-02-03	Stated in directions that it will remain in force while the public health emergency declaration is in force	Revoked by COVID-19 Directions (No. 38) 2022		105	First dose by 1/11/21\nSecond dose by 13/12/21\nA freight worker must not enter the Territory unless the freight worker is vaccinated.\nProvide evidence\n\nA freight worker must not enter the Territory unless the freight worker\nhas a certificate issued by the Agency, valid as at the time of entry, certifying that the freight worker has a freight risk mitigation management plan approved by the Agency.	has a certificate issued by the Commonwealth that certifies that the\nperson has a permanent or temporary contraindication to all\napproved COVID-19 vaccines.	COVID-19 Directions (No. 132) 2021: Directions for freight workers\nCOVID-19 Directions (No. 38) 2022	The maximum penalty for failing to comply with a direction is 400 penalty units.\nAn infringement notice may be given for failing to comply with these Directions with a fine equal to 32 penalty units for an individual and 160 penalty units for a body corporate.	NT Chief Health Officer								CHO Direction	NTETFL0000	
199	NT	Directions requiring evidence of vaccination or exemption for places, businesses, activities, services and premises	Public Space	1 Premises that sell liquor for consumption; \n2 A cinema, theatre, concert hall, music hall, dance hall etc; 3 A casino; 4 A business that holds a gaming machine licence\n5 Any place or premises that:\n(a) conducts an event or public gathering that is ticketed; and (b) is expected to have more than 500 people in attendance; and\n(c) is located in any of the following places:\n(i) Municipality of Darwin; (ii) Darwin Waterfront Precinct;(iii) Municipality of Palmerston; (iv) Municipality of Litchfield; (v) Town of Katherine; (vi) Town of Tennant Creek; (vii) Town of Alice Springs.\n6 Any place or premises that:\n(a) conducts an event or public gathering that is ticketed or open to the public; and\n(b) is expected to have more than 100 people in attendance; and\n(c) is not located in any of the places specified in item 5(c).	2022-01-06	2022-01-10	2022-01-10	2022-04-04	Stated in directions that it will remain in force while the public health emergency declaration is in force\n04/04/22 - revoked by COVID-19 Directions No.47 2022	No.14 amended No.08 by adding a clause that allows people to collect and pay for food or beverages for consumption away from place, business or premises \n29/03/22 - No. 55 amended No.08 by adding some more exemptions\n04/04/22 - revoked by COVID-19 Directions No.47 2022		88	Must be fully vaccinated (2 doses) to enter\nMust provide evidence of both doses	"Premises used exclusively for exercise\nPeople under 16 years of age\n29/03/22 - added ""(b) a person aged 16 years or older entering a place, business or premises or beginning an activity or service in connection with the person's middle or secondary school education."" and\n""to a person entering a place, business or premises or beginning an activity or service listed in the Schedule that is used for exercise or for sport if the person is: (a) participating in sport or exercise or observing sport; and (b) not purchasing liquor for consumption."	COVID-19 Directions (No. 08) 2022:\nDirections requiring evidence of vaccination or exemption for places, businesses, activities, services and premises\nCOVID-19 Directions (No. 14) 2022:\nAmendment of COVID-19 Directions (No. 8) 2022\nCOVID-19 Directions (No. 57) 2022:\nRevocation of COVID-19 Directions (No. 08) 2021	a person in authority may request and collect immunisation information and destroy that evidence no later than 48 hours afterwards, ensure any copy of the evidence or certificate is secured against access by any person for any other purposes and ensure that any copy of the evidence or certificate given to the person is not disclosed\nThe maximum penalty for failing to comply with a direction is 400 penalty units.\nAn infringement notice may be given for failing to comply with these Directions with a fine equal to 32 penalty units for an individual and 160 penalty units for a body corporate.	NT Chief Health Officer								CHO Direction	NTPVAET100	
200	NT	Directions for lock in areas	Public Space	People in lock in areas		2022-01-30	2022-01-30	2022-06-15	Stated in directions that it will remain in force while the public health emergency declaration is in force\n\nRevoked by COVID-19 Directions (No. 1) 2022: Revocation of various directions	"4/02/2022 - No. 39 amended No.33 by adding in some more exemption clauses\n4/03/22 - No. 48 amended No. 33 by adding ""An Aboriginal person who leads or conducts cultural rituals or ceremonies is an essential worker for these Directions."""		136	A person must not exit a lock-in area	"Official Duties:\n- Authorised officers.\n- Persons performing functions under the Act or the Notifiable Diseases Act 1981.\n- Essential workers who are vaccinated or have a contraindication to vaccination.\n- Freight workers.\nMedical and Health-related Reasons:\n- Infected individuals needing to isolate.\n- Persons suspected of having COVID-19 needing testing or assessment.\n- Persons receiving medical treatment, testing, or vaccination related to COVID-19.\nLegal and Administrative Purposes:\n- Persons required to leave by law.\n- Persons involved in justice system activities (e.g., attending court, police stations).\nEssential Services:\n- Obtaining goods or services from essential workers.\n- Depositing waste when there's no local waste collection service.\nPersonal and Family Support:\n- Providing care or support to family members or others unable to care for themselves.\n- Childcare and education-related activities (dropping off/collecting children, attending school).\n- Parents or guardians taking children to other parents or guardians.\nCheck directions for more detail\n4/03/22 - added ""An Aboriginal person who leads or conducts cultural rituals or ceremonies is an essential worker for these Directions."""	COVID-19 Directions (No. 33) 2022:\nDirections for lock-in areas	The maximum penalty for failing to comply with a direction is 400 penalty units.\nAn infringement notice may be given for failing to comply with these Directions with a fine equal to 32 penalty units for an individual and 160 penalty units for a body corporate.	NT Chief Health Officer								CHO Direction	NTPPORT500	
201	NT	Directions for maritime crew	Employment,Travel	Maritime crew on commercial vessels 		2022-02-03	2022-02-03	2022-02-18	Stated in directions that it will remain in force while the public health emergency declaration is in force\n18/02/22 - revoked by COVID-19 Directions No.43 2022			15	Crew members must be vaccinated and quarantine	A crew member who is not vaccinated or exempt may apply for an\nexemption to enter the Territory if the crew member is any of the\nfollowing:\n(a) a crew member who is entering the Territory to begin residence in\nthe Territory;\n(b) a crew member escaping domestic violence;\n(c) active Australian military personnel required to assist the Territory\nor required to enter the Territory while performing their official\nduties;\n(d) a specialist coming to the Territory to provide services for the\ncontinuity of industry or business and the maintenance of\ncompetitive operations if:\n(i) the specialist's skills are difficult to obtain in the Territory; and\n(ii) the service must be provided without delay; and\n(iii) the specialist must be physically present in the Territory to\nprovide the service;\n(e) a crew member coming to the Territory for necessary maintenance\nor repair of power, water, communications or other infrastructure\ncritical to the Territory;\n(f) a crew member, other than an abattoir or meat packing worker,\ncoming to the Territory to provide urgent services that are critical\nto ensure continuity of the agricultural industry;\n(g) a crew member who needs to enter the Territory for a\ncompassionate purpose.	COVID-19 Directions (No. 37) 2022:\nDirections for maritime crew\nCOVID-19 Directions (No. 43) 2022: Revocation of border directions	Must record vaccination details when entering the territory\nThe maximum penalty for failing to comply with a direction is 400 penalty units.\nAn infringement notice may be given for failing to comply with these Directions with a fine equal to 32 penalty units for an individual and 160 penalty units for a body corporate.	NT Chief Health Officer								CHO Direction	NTEPOW0000	
202	NT	(BOOSTER) Directions for high risk places	Employment	Workers at high risk places:\n(a) a hospital;\n(b) a residential facility\n(c) a custodial correctional facility within the meaning of section 11 of the Correctional Services Act 2014;\n(d) a detention centre within the meaning of section 5 of the Youth Justice Act 2005;\n(e) an aged care facility;\n(f) a renal hostel;\n(g) a family violence shelter;\n(h) a sobering up shelter;\n(i) a homeless shelter.		2022-03-11	2022-03-11	2022-06-15	Stated in directions that it will remain in force while the public health emergency declaration is in force\n\nRevoked by COVID-19 Directions (No. 1) 2022: Revocation of various directions			96	BOOSTER\nA worker must not enter or remain on the premises of a high risk place where the worker works unless:\n(a) the worker has received at least 3 doses of an approved COVID-19 vaccine; or\n(b) the worker has received 2 doses of an approved COVID-19 vaccine but less than 16 weeks has elapsed since the worker received the 2nd dose of an approved COVID-19 vaccine; or\n(c) the worker is exempt.	(a) the worker was unable to receive the 3rd dose of an approved COVID-19 vaccine within 16 weeks of receiving the 2nd dose of an approved COVID-19 vaccine because the worker was infected with COVID-19 or was in quarantine; and\n(b) in the case of the worker who was infected with COVID-19 – less than 16 weeks have elapsed since last returning a positive result from a COVID-19 testing procedure; and\n(c) in the case of the worker who was in quarantine – less than 2 weeks have elapsed since the end of the worker's quarantine period.	COVID-19 Directions (No. 41) 2022: Directions for high risk places	The maximum penalty for failing to comply with a direction is 400 penalty units.\nAn infringement notice may be given for failing to comply with these Directions with a fine equal to 32 penalty units for an individual and 160 penalty units for a body corporate.	NT Chief Health Officer								CHO Direction	NTEALLT2V2	
203	NT	(BOOSTER) Directions for additional vaccination requirements for certain workers to attend the workplace	Employment	(a) a worker who, during the course of work, is likely to come into contact with a vulnerable person;\n(b) a worker whose workplace poses a high risk of infection with COVID-19;\n(c) a worker who performs work that is necessary for the operation or maintenance of essential infrastructure or essential logistics in the Territory.		2022-03-13	2022-04-22	2022-06-15	Stated in directions that it will remain in force while the public health emergency declaration is in force\n\nRevoked by COVID-19 Directions (No. 1) 2022: Revocation of various directions			94	BOOSTER\nA worker must not enter or remain on the premises of the worker's\nworkplace unless:\n(a) the worker has received at least 3 doses of an approved COVID-19 vaccine; or\n(ab) (added 21/4/22) (i) 1 dose of a COVID-19 vaccine approved as a single dose vaccine; and (ii) a second dose of an approved COVID-19 vaccine or a recognised COVID-19 vaccine; or\n(b) the worker is exempt.\nMust provide evidence when asked\n	(a) is under 18 years of age; or\n(b) has a certificate issued by the Commonwealth that certifies that the\nperson has a permanent or temporary contraindication to every\napproved COVID-19 vaccine; or (c) is unable to receive a third ('third' was removed from 21/4/22 onwards) dose of an approved COVID-19 vaccine because:\n(i) fewer than 16 weeks have elapsed since:\n(A) the person last returned a positive result from a\nCOVID-19 testing procedure; or\n(B) the person received a second dose of an approved\nCOVID-19 vaccine  ('second' was removed from 21/4/22 onwards) ; or\n(ii) in the case of a person who was in quarantine – fewer than\n2 weeks have elapsed since the end of the person's\nquarantine period; or\n(d) has received a recognised COVID-19 vaccine and a third dose of\nthat vaccine is not required for the vaccine to be effective. (removed 21/4/22)	COVID-19 Directions (No. 52) 2022: Directions for additional vaccination requirements for certain workers to attend the workplace\nCOVID-19 Directions (No. 60) 2022:\nAmendment of COVID-19 Directions (No. 52) 2022	The maximum penalty for failing to comply with a direction is 400 penalty units.\nAn infringement notice may be given for failing to comply with these Directions with a fine equal to 32 penalty units for an individual and 160 penalty units for a body corporate.	NT Chief Health Officer							This policy appears to cover HCWs in settings not previously included.	CHO Direction	NTEALLT1V2	
204	SA	Health Care Setting Workers Vaccination Directions	Employment	workers in Phase 1 health care settings such as public/private hospitals or ambulance services	2021-10-08	2021-10-07	2021-11-01	2024-07-15	Addressing Vaccine Preventable Disease: Occupational assessment, screening, and vaccination policy changed COVID-19 from mandatory\nto strongly recommended	20/10/21 - Emergency Management (Healthcare Setting Workers Vaccination No 2) (COVID-19) Direction 2021 added requirement for Phase 2 health care workers\n8/11/21 - Emergency Management (Healthcare Setting Workers Vaccination No 3) (COVID-19) Direction 2021 added requirement for Phase 3 health care workers\n6/01/22: added Emergency Management (Healthcare Setting Workers Vaccination No 5) (COVID-19) Direction 2022 booster dose requirement\n28/01/21 Emergency Management (Healthcare Setting Workers Vaccination No 6) (COVID-19) Direction 2022: Changed to allow booster shot to be winthin 4 months of their second dose or within 4 months of their first positive COVID-19 test whichever is later\n14/10/22 - Direction expired due to s90E(1)(a) of the SA Public Health Act 2011\nSuperseded by Addressing Vaccine Preventable Disease: Occupational assessment, screening, and vaccination policy 18/11/22; lifted 15 July 24 		1011	First dose by 1/11/21 and the person has evidence of a booking to receive a second dose within one month of the first dose\n29/11/22 added: Within 4 weeks of being eligible in accordance with ATAGI guidelines, the person receives or has evidence of a booking to receive a third dose (booster)	Medical exemption or responding to a non-medical emergency or urgent maintenance task	Emergency Management (Healthcare Setting Workers Vaccination) (COVID-19) Direction 2021		Commissioner of Police/State Co-ordinator								Emergency Management COVID Profession and Settings Vaccinations Directions	SAEHCWT1V1	
205	SA	Health Care Setting Workers Vaccination Directions	Employment	workers in Phase 2 health care settings such as primary community healthcare facilities; pharmacies; specialist outpatient facilities; private pathology and radiology centres; defence health settings; facilities for the collection, manufacture and distribution of blood and biological products; Aboriginal community controlled health services; Department for Health and wellbeing locations and the Commission on Execellence and Innovation in Health and Wellbeing SA locations		2021-10-20	2021-11-08	2024-07-15	Addressing Vaccine Preventable Disease: Occupational assessment, screening, and vaccination policy changed COVID-19 from mandatory\nto strongly recommended	8/11/21 - Emergency Management (Healthcase Setting Workers Vaccination No 3) (COVID-19) Direction 2021 added requirement for Phase 3 health care workers\n6/01/22: added Emergency Management (Healthcase Setting Workers Vaccination No 5) (COVID-19) Direction 2022 booster dose requirement\n28/01/21 Emergency Management (Healthcase Setting Workers Vaccination No 6) (COVID-19) Direction 2022: Changed to allow booster shot to be winthin 4 months of their second dose or within 4 months of their first positive COVID-19 test whichever is later\n14/10/22 - Direction expired due to s90E(1)(a) of the SA Public Health Act 2011\nSuperseded by Addressing Vaccine Preventable Disease: Occupational assessment, screening, and vaccination policy 18/11/22; lifted 15 July 24 		999	First dose by 08/11/21 and the person has evidence of a booking to receive a second dose within the interval after the first dose recommended by ATAGI\n29/11/22 added: Within 4 weeks of being eligible in accordance with ATAGI guidelines, the person receives or has evidence of a booking to receive a third dose (booster)	Medical exemption or responding to a non-medical emergency or urgent maintenance task	Emergency Management (Healthcare Setting Workers Vaccination No 2) (COVID-19) Direction 2021		Commissioner of Police/State Co-ordinator								Emergency Management COVID Profession and Settings Vaccinations Directions	SAEHCWT2V1	
206	SA	South Australia Police Workers Vaccination Directions	Employment	police workers		2021-10-26	2021-11-15	2022-03-07	Removed by Emergency Management (Education and Early Childhood Settings and Passenger Transport Vaccination) (COVID-19) (Revocation) Direction 2025			132	First dose by 15/11/22 and the person has evidence of a booking to receive a second dose within the interval after the first dose recommended by ATAGI	Medical exemption	Emergency Management (South Australia Police Workers Vaccination) (COVID-19) Direction 2021		Commissioner of Police/State Co-ordinator								Emergency Management COVID Profession and Settings Vaccinations Directions	SAEPOL0000	
207	SA	Roadmap out of Pandemic	Public Space		2021-10-26		2021-11-23						Restrictions ease at 80% target: reopen state borders for vaxxed, reduce quarantine, larger home gatherings. 90% coverage: remove quarantine for overseas arrivals and all other restrictions													SAPALL00V1	
208	SA	Passenger Transport Vaccination Directions	Employment	point to point drivers involving transport of passengers to or from an airport		2021-11-22	2021-11-25	2022-03-31	Removed by Emergency Management (Education and Early Childhood Settings and Passenger Transport Vaccination) (COVID-19) (Revocation) Direction 2022			129	First dose by 13/02/22 and the person has evidence of a booking to receive a second dose within the interval after the first dose recommended by ATAGI	Medical exemption	Emergency Management (Passenger Transport Vaccination) (COVID-19) Direction 2021		Commissioner of Police/State Co-ordinator								Emergency Management COVID Profession and Settings Vaccinations Directions	SAETFLT1V1	
209	SA	In-home and Community Aged Care and Disability Workers Vaccination Directions	Employment	In-home and Community Aged Care and Disability Workers		2021-11-08	2021-11-30			07/01/22 - Emergency Management (In-home and Community Aged Care and Disability Workers Vaccination No 3) (COVID-19) Direction 2022 added booster dose\n28/01/21 - Emergency Management (In-home and Community Aged Care and Disability Workers Vaccination No 4) (COVID-19) Direction 2021 changed to allow booster shot to be winthin 4 months of their second dose or within 4 months of their first positive COVID-19 test whichever is later			First dose by 30/11/21 and the person has evidence of a booking to receive a second dose within the interval after the first dose recommended by ATAGI\nAdded 07/01/22: From 29/01/22, the person must receive or has evidence of a booking to receive a third dose (booster) within 4 weeks of being eligible in accordance with ATAGI guidelines	Medical exemption	Emergency Management (In-home and Community Aged Care and Disability Workers Vaccination) (COVID-19) Direction 2021		Commissioner of Police/State Co-ordinator								Emergency Management COVID Profession and Settings Vaccinations Directions	SAEDSWT1V1	
210	SA	Health Care Setting Workers Vaccination Directions	Employment	Phase 3 health care setting workers - any setting where chiropractic therapy or osteopathy are provided		2022-01-06	2021-12-06	2024-07-15	Addressing Vaccine Preventable Disease: Occupational assessment, screening, and vaccination policy changed COVID-19 from mandatory\nto strongly recommended	6/01/22: added Emergency Management (Healthcase Setting Workers Vaccination No 5) (COVID-19) Direction 2022 booster dose requirement\n28/01/21 Emergency Management (Healthcase Setting Workers Vaccination No 6) (COVID-19) Direction 2022: Changed to allow booster shot to be winthin 4 months of their second dose or within 4 months of their first positive COVID-19 test whichever is later\n14/10/22 - Direction expired due to s90E(1)(a) of the SA Public Health Act 2011\nSuperseded by Addressing Vaccine Preventable Disease: Occupational assessment, screening, and vaccination policy 18/11/22; lifted 15 July 24 		921	First dose by 06/12/21 and the person has evidence of a booking to receive a second dose within the interval after the first dose recommended by ATAGI\n29/11/22 added: Within 4 weeks of being eligible in accordance with ATAGI guidelines, the person receives or has evidence of a booking to receive a third dose (booster)	Medical exemption or responding to a non-medical emergency or urgent maintenance task	Emergency Management (Healthcare Setting Workers Vaccination No 3) (COVID-19) Direction 2021		Commissioner of Police/State Co-ordinator								Emergency Management COVID Profession and Settings Vaccinations Directions	SAEHCWT3V1	
211	SA	NEED UPDATE!!!	Employment,Public Space,Travel			2021-11-08	2021-12-06	2022-11-23				380	Need to have two doses in order to enter a RACF from 6/12/21														
212	SA	Education and Early Childhood Settings Vaccination Directions	Employment	Workers in education and early childhood settings		2021-11-16	2021-12-11	2022-03-31	Removed by Emergency Management (Education and Early Childhood Settings and Passenger Transport Vaccination) (COVID-19) (Revocation) Direction 2022	08/12/2021 - revoked by Emergency Management (Education and Early Childhood Settings Vaccination No 2) but there were no changes to the mandate		135	First dose by 11/12/21 and the person has evidence of a booking to receive a second dose within the interval after the first dose recommended by ATAGI	Medical exemption or responding to an emergency or urgent maintenance task or devlivering goods to or removing items from the education and early childhood setting	Emergency Management (Education and Early Childhood Settings Vaccination) (COVID-19) Direction 2021 		Commissioner of Police/State Co-ordinator	Media release by SA Department of Education							Emergency Management COVID Profession and Settings Vaccinations Directions	SAEEDU0000	
213	SA	Passenger Transport Vaccination Directions	Employment	passenger transport driver involving transport of passengers to or from an airport		2021-11-22	2021-12-12	2022-03-31	Removed by Emergency Management (Education and Early Childhood Settings and Passenger Transport Vaccination) (COVID-19) (Revocation) Direction 2023			129	First dose by 12/12/22 and the person has evidence of a booking to receive a second dose within the interval after the first dose recommended by ATAGI\n	Medical exemption	Emergency Management (Passenger Transport Vaccination) (COVID-19) Direction 2021		Commissioner of Police/State Co-ordinator								Emergency Management COVID Profession and Settings Vaccinations Directions	SAETFLT2V1	
214	SA	Forensic Science SA Vaccination Directions	Employment	Forensic Science SA employees working in Forensic Sceince SA facilities		2021-12-15	2021-12-20	2022-05-24	Removed by Emergency Management (Revocation of Certain Directions No 2) (COVID-19) Direction 2022	13/01/22: Emergency Management (Forensic Science SA Vaccination No 2) (COVID-19) Direction 2022 added booster dose requirement\n29/01/22: 13/01/22: Emergency Management (Forensic Science SA Vaccination No 3) (COVID-19) Direction 2022. No changes to the vaccine mandate		160	First dose by 20/12/21 and the person has evidence of a booking to receive a second dose within the interval after the first dose recommended by ATAGI\nAdded 14/01/22: within 4 weeks of being eligible in accordance with ATAGI guidelines, the person receives or has evidence of a booking to receive a third dose (booster)	Has an approved medical exemption 	Emergency Management (Forensic Science SA Vaccination) (COVID-19) Direction 2021		Commissioner of Police/State Co-ordinator								Emergency Management COVID Profession and Settings Vaccinations Directions	SAEOTHT1V1	
215	SA	Forensic Science SA Vaccination Directions	Public Space	People entering Forensic Sceince SA facilities		2021-12-15	2021-12-20	2022-05-24	Removed by Emergency Management (Revocation of Certain Directions No 2) (COVID-19) Direction 2022			160	First dose by 20/12/21 and the person has evidence of a booking to receive a second dose within the interval after the first dose recommended by ATAGI\n	Has an approved medical exemption or is less than 12 years and 2 months of age	Emergency Management (Forensic Science SA Vaccination) (COVID-19) Direction 2021		Commissioner of Police/State Co-ordinator								Emergency Management COVID Profession and Settings Vaccinations Directions	SAPOTHT100	
216	SA	Passenger Transport Vaccination Directions	Employment	passenger transport driver not involving transport of passengers to or from an airport		2021-11-22	2021-12-20	2022-03-31	Removed by Emergency Management (Education and Early Childhood Settings and Passenger Transport Vaccination) (COVID-19) (Revocation) Direction 2024			129	First dose by 20/12/22 and the person has evidence of a booking to receive a second dose within the interval after the first dose recommended by ATAGI	Medical exemption	Emergency Management (Passenger Transport Vaccination) (COVID-19) Direction 2021		Commissioner of Police/State Co-ordinator								Emergency Management COVID Profession and Settings Vaccinations Directions	SAETFLT3V1	
217	SA	(BOOSTER) Forensic Science SA Vaccination Directions	Employment	BOOSTER Forensic Science SA employees working in Forensic Sceince SA facilities		2022-01-14	2022-01-29	2022-05-24	Removed by Emergency Management (Revocation of Certain Directions No 2) (COVID-19) Direction 2022	13/01/22: Emergency Management (Forensic Science SA Vaccination No 2) (COVID-19) Direction 2022 added booster dose requirement\n14/01/22: 13/01/22: Emergency Management (Forensic Science SA Vaccination No 3) (COVID-19) Direction 2022. No changes to the vaccine mandate		130	Within 4 weeks of being eligible in accordance with ATAGI guidelines, the person receives or has evidence of a booking to receive a third dose (booster)	Has an approved medical exemption 	Emergency Management (Forensic Science SA Vaccination) (COVID-19) Direction 2021		Commissioner of Police/State Co-ordinator								Emergency Management COVID Profession and Settings Vaccinations Directions	SAEOTHT1V2	
218	SA	(BOOSTER) Health Care Setting Workers Vaccination Directions	Employment	BOOSTER workers in Phase 1 health care settings such as public/private hospitals or ambulance services		2022-01-06	2022-01-29	2024-07-15	Addressing Vaccine Preventable Disease: Occupational assessment, screening, and vaccination policy changed COVID-19 from mandatory\nto strongly recommended	28/01/21 Emergency Management (Healthcase Setting Workers Vaccination No 6) (COVID-19) Direction 2022: Changed to allow booster shot to be winthin 4 months of their second dose or within 4 months of their first positive COVID-19 test whichever is later\n14/10/22 - Direction expired due to s90E(1)(a) of the SA Public Health Act 2011\nSuperseded by Addressing Vaccine Preventable Disease: Occupational assessment, screening, and vaccination policy 18/11/22; lifted 15 July 24 		921	Within 4 weeks of being eligible in accordance with ATAGI guidelines, the person receives or has evidence of a booking to receive a third dose (booster)\n28/01/21: Changed to allow booster shot to be winthin 4 months of their second dose or within 4 months of their first positive COVID-19 test whichever is later	Medical exemption or responding to a non-medical emergency or urgent maintenance task	Emergency Management (Healthcare Setting Workers Vaccination No 5) (COVID-19) Direction 2021		Commissioner of Police/State Co-ordinator								Emergency Management COVID Profession and Settings Vaccinations Directions	SAEHCWT1V2	
219	SA	(BOOSTER) Health Care Setting Workers Vaccination Directions	Employment	BOOSTER workers in Phase 2 health care settings such as primary community healthcare facilities; pharmacise; specialist outpatient facilities; private pathology and radiology centres; defence healht setttings; facilities for the collection, manufacture and distribution of blood and biological products; Aboriginal community conrttolled health services; Department for Health and wellbeing locations nad the Commission on Execellence and Innovation in Health and Wellbeing SA locations		2022-01-06	2022-01-29	2024-07-15	Addressing Vaccine Preventable Disease: Occupational assessment, screening, and vaccination policy changed COVID-19 from mandatory\nto strongly recommended	28/01/21 Emergency Management (Healthcase Setting Workers Vaccination No 6) (COVID-19) Direction 2022: Changed to allow booster shot to be winthin 4 months of their second dose or within 4 months of their first positive COVID-19 test whichever is later\n14/10/22 - Direction expired due to s90E(1)(a) of the SA Public Health Act 2011\nSuperseded by Addressing Vaccine Preventable Disease: Occupational assessment, screening, and vaccination policy 18/11/22; lifted 15 July 24 		921	Within 4 weeks of being eligible in accordance with ATAGI guidelines, the person receives or has evidence of a booking to receive a third dose (booster)\n28/01/21: Changed to allow booster shot to be winthin 4 months of their second dose or within 4 months of their first positive COVID-19 test whichever is later	Medical exemption or responding to a non-medical emergency or urgent maintenance task	Emergency Management (Healthcare Setting Workers Vaccination No 5) (COVID-19) Direction 2021		Commissioner of Police/State Co-ordinator								Emergency Management COVID Profession and Settings Vaccinations Directions	SAEHCWT2V2	
220	SA	(BOOSTER) Health Care Setting Workers Vaccination Directions	Employment	BOOSTER Phase 3 health care setting workers - any setting where chiropractic therapy or osteopathy are provided		2021-11-08	2022-01-29	2024-07-15	Addressing Vaccine Preventable Disease: Occupational assessment, screening, and vaccination policy changed COVID-19 from mandatory\nto strongly recommended	28/01/21 Emergency Management (Healthcase Setting Workers Vaccination No 6) (COVID-19) Direction 2022: Changed to allow booster shot to be winthin 4 months of their second dose or within 4 months of their first positive COVID-19 test whichever is later\n14/10/22 - Direction expired due to s90E(1)(a) of the SA Public Health Act 2011\nSuperseded by Addressing Vaccine Preventable Disease: Occupational assessment, screening, and vaccination policy 18/11/22; lifted 15 July 24 		980	Within 4 weeks of being eligible in accordance with ATAGI guidelines, the person receives or has evidence of a booking to receive a third dose (booster)\n28/01/21: Changed to allow booster shot to be winthin 4 months of their second dose or within 4 months of their first positive COVID-19 test whichever is later	Medical exemption or responding to a non-medical emergency or urgent maintenance task	Emergency Management (Healthcare Setting Workers Vaccination No 5) (COVID-19) Direction 2021		Commissioner of Police/State Co-ordinator								Emergency Management COVID Profession and Settings Vaccinations Directions	SAEHCWT3V2	
221	SA	(BOOSTER) In-home and Community Aged Care and Disability Workers Vaccination Directions	Employment	BOOSTER In-home and Community Aged Care and Disability Workers		2022-01-07	2022-01-29			28/01/21 - Emergency Management (In-home and Community Aged Care and Disability Workers Vaccination No 4) (COVID-19) Direction 2021 changed to allow booster shot to be winthin 4 months of their second dose or within 4 months of their first positive COVID-19 test whichever is later			From 29/01/22, the person must receive or has evidence of a booking to receive a third dose (booster) within 4 weeks of being eligible in accordance with ATAGI guidelines\n28/01/21: Changed to allow booster shot to be winthin 4 months of their second dose or within 4 months of their first positive COVID-19 test whichever is later	Medical exemption	Emergency Management (In-home and Community Aged Care and Disability Workers Vaccination) (COVID-19) Direction 2021		Commissioner of Police/State Co-ordinator								Emergency Management COVID Profession and Settings Vaccinations Directions	SAEDSWT1V2	
222	SA	Metropolitan Fire Service Workers Vaccination Directions	Employment	Metropolitan Fire Service Workers		2022-02-01	2022-02-13	2022-05-23	Removed by Emergency Management (Metropolitan Fire Service Workers Vaccination) (COVID-19) (Revocation) Direction 2022			111	First dose by 13/02/22 and the person has evidence of a booking to receive a second dose within the interval after the first dose recommended by ATAGI\nThe person must receive or has evidence of a booking to receive a third dose (booster) winthin 4 months of their second dose or within 4 months of their first positive COVID-19 test whichever is later	Medical exemption	Emergency Management (Metropolitan Fire Service Workers Vaccination) (COVID-19) Direction 2021		Commissioner of Police/State Co-ordinator								Emergency Management COVID Profession and Settings Vaccinations Directions	SAEFEST100	
223	SA	Gatherings, Public Activities, Activities-General and Activities-Associated Directions	Public Space	Gatherings and public events		2020-03-28		2022-05-24	Major Emergency declaration ended			787	NOT A MANDATE\nVarious density and mask requirements were put in place for gatherings and public activities. Some places were also prohibited		Emergency Management (Gatherings No 1)(COVID-19) Direction 2020\nEmergency Management (Public Activities No 01)(COVID-19) Direction 2020\nEmergency Management (Activities General No 01)(COVID-19) Direction 2021 \nEmergency Management (Activities Associated Direction No 01)(COVID-19) Direction 2021		Commissioner of Police/State Co-ordinator								Gatherings, Public Activities, Activities-General and Activities-Associated Directions	SAPORG0000	
224	TAS	Mandatory Vaccination of Certain Workers No.1 to No.11	Employment	Residential aged care facility workers	2021-06-28	2021-08-13	2021-09-17	2022-04-23	Revoked by new directions that removed this employment mandate	03/09/21 No.1 revoked by No.2 to add more worker groups\n10/09/21 No.2 revoked by No.3 to add more worker groups and mask wearing requirements\n16/09/21 No.3 revoked by No.4 - no difference in vaccine mandates\n24/09/21 No.4 revoked by No.5 - no difference in vaccine mandates\n06/10/21 No.5 revoked by No.6 - no difference in vaccine mandates\n07/10/21 No.6 revoked by No.7 - no difference in vaccine mandates\n03/11/21 No.7 revoked by No.8 to add new worker groups\n11/11/21 No.8 revoked by No.9 to add new worker group\n26/11/21 No.9 revoked by No.10 - no difference in vaccine mandates\n25/02/21 No.10 revoked by No.11- no difference in vaccine mandates\n23/04/22 No.11 is revoked by No.12 - removes all groups except workers in medical or health facilities or Department of Health or services/treatment providers	236	299	Must be sufficiently vaccinated by 17/09/21 and provide proof\nA person is sufficiently vaccinated if they have received all of the doses of a vaccine for the disease that is necessary for the person to be issued with a vaccination certificate issued by the Australian Immunisation Register\nor received at least one dose of a vaccine for the disease and has made a booking to receive, as soon as is reasonably possible, all other required doses\nor they have made a booking to receive the first dose of a vaccine for the disease as soon as is reasonably possible, provide evidence of the booking and will receive all the doses	(i) the person -\n(A) is unable to be vaccinated against the disease due to a medical contraindication; and\n(B) holds a medical certificate that certifies that; and\n(C) provides a copy of that document the operator of the residential aged care facility that employs or engages the person or where the person is undertaking a clinical placement or work experience; or\n(ii) the person -(A) is ineligible, due to the person's age, to be vaccinated against the disease until a later phase ofthe vaccination program (B) and provides the operator with evidence as to the age of the person;and\n(iii) the person is an emergency management worker, who is only present to respond to an emergency (added in Direction no.2)	Public Health Act 1997 DIRECTION UNDER SECTION 16 (Mandatory Vaccination of Certain Workers- No.1)\n	The operator of a residential aged care facility must take all reasonable steps to -\n(i) as soon as is practicable after this direction commences, notify each\nperson of the obligation on the person to be sufficiently vaccinated by 17 September 2021; and\n(ii) on and after 17 September 2021, ensure that a person does not enter,or remain on,the premises of thefacility if the operator is not satisfied that the person - (A) is sufficiently vaccinated; or(e)(B) holds an exemption;\nthe operator of a residential aged care facility must ensure that -\n(i) a copy of each of the following documents is kept and maintained by the facility: (A) each document provided to the operator as evidence of an exemption;\n(B) each document provided to the operator as evidence of the vaccination status are provided to the Director of Public hlealth or his or her delegate as soon as possible after the request has been made\nIf a person does not follow the emergency orders, they may be issued a summons to go to Court. If convicted for breaching emergency orders, they can be fined up to $16,800 or be sentenced to prison for up to six months, or both.	TAS Director of Public Health	27/08/21 live webinar for Tasmanian residential aged care workers on mandatory COVID-19 vaccination.\nA national communication campaign provided information in multiple languages for the diverse workforce. The government directly contacted every aged care provider to discuss their vaccination plans and address any challenges. (Over 2500 calls) Unions were included to promote the importance of vaccination and support workers' decisions. (Dykgraaf et al., 2022)	08/06/21 - all Tasmanians over 40 would be eligible (70,000 additional people) - AstraZeneca\nEarly July - Pfizer became available\n- the government gave Pfizer priority to residential aged care facility workers regardless of aged			By 04/06/21, 70% of aged care works are estimated to have received at least one dose of the vaccine\nBy 17/09/21, 97.8% of 261732 reported RACF workers had received at least a first dose of COVID-19 vaccine (Dykgraaf et al., 2022)\nBy 14/10/21, it rose to 99.8 with 91.8% having received 2 doses and 726(0.3%) meeting exemption criteria (Dykgraaf et al., 2022)	261732	Government wanted to give 12 weeks of notice between announcement date and enforcement date	TAS Government Directions	TASERAC00V1	4631\n4642\n4643\n4644
225	TAS	Mandatory Vaccination of Certain Workers No.2 to No.11	Employment	Quarantine site workers	2021-09-03	2021-09-03	2021-09-17	2022-04-23	Revoked by new directions that removed this employment mandate	03/09/21 No.2 directions revoked No.1 to add this worker group\n10/09/21 No.2 revoked by No.3 to add more worker groups and mask wearing requirements\n16/09/21 No.3 revoked by No.4 - no difference in vaccine mandates\n24/09/21 No.4 revoked by No.5 - no difference in vaccine mandates\n06/10/21 No.5 revoked by No.6 - no difference in vaccine mandates\n07/10/21 No.6 revoked by No.7 - no difference in vaccine mandates\n03/11/21 No.7 revoked by No.8 to add new worker groups\n11/11/21 No.8 revoked by No.9 to add new worker group\n26/11/21 No.9 revoked by No.10 - no difference in vaccine mandates\n25/02/21 No.10 revoked by No.11- no difference in vaccine mandates\n23/04/22 No.11 is revoked by No.12 - removes all groups except workers in medical or health facilities or Department of Health or services/treatment providers		232	Must be fully vaccinated by 17/09/21 to enter the quarantine site\nMust carry evidence of the person's vaccination status\nA person is sufficiently vaccinated if they have received all of the doses of a vaccine for the disease that is necessary for the person to be issued with a vaccination certificate issued by the Australian Immunisation Register\nor received at least one dose of a vaccine for the disease and has made a booking to receive, as soon as is reasonably possible, all other required doses\nor they have made a booking to receive the first dose of a vaccine for the disease as soon as is reasonably possible, provide evidence of the booking and will receive all the doses	other than persons who are only present on the site for as long as is necessary to deliver goods to, or collect goods from, the site\n(i) the person -\n(A) is unable to be vaccinated against the disease due to a medical contraindication; and\n(B) holds a medical certificate that certifies that; and\n(C) provides a copy of that document to the relevant supevisor; or\n(ii) the person -(A) is ineligible, due to the person's age, to be vaccinated until a later phase ofthe vaccination program (B) and provides the supevisor with evidence as to the age of the person;and\n(iii) the person is an emergency management worker, who is only present to respond to an emergency	Public Health Act 1997 DIRECTION UNDER SECTION 16 (Mandatory Vaccination of Certain Workers- No.2)	A relevant supevisor must take all reasonable steps to \n(i) as soon as is practicable after this direction commences, notify each\nperson of the obligation on the person to be sufficiently vaccinated by 17 September 2021; and\n(ii) on and after 17 September 2021, ensure that a person does not enter,or remain on,the premises of thefacility if the supevisor is not satisfied that the person - (A) is sufficiently vaccinated; or(e)(B) holds an exemption;\nthe relevant supevisor must ensure that -\n(i) a copy of each of the following documents is kept and maintained by the facility: (A) each document provided to the operator as evidence of an exemption;\n(B) each document provided to the operator as evidence of the vaccination status are provided to the Director of Public hlealth or his or her delegate as soon as possible after the request has been made\nIf a person does not follow the emergency orders, they may be issued a summons to go to Court. If convicted for breaching emergency orders, they can be fined up to $16,800 or be sentenced to prison for up to six months, or both.	TAS Director of Public Health								TAS Government Directions	TASEHQWT1V1	4633
226	TAS	Mandatory Vaccination of Certain Workers No.2 to No.11	Employment	Quaratine transport service workers	2021-09-03	2021-09-03	2021-09-17	2022-04-23	Revoked by new directions that removed this employment mandate	03/09/21 No.2 directions revoked No.1 to add this worker group\n10/09/21 No.2 revoked by No.3 to add more worker groups and mask wearing requirements\n16/09/21 No.3 revoked by No.4 - no difference in vaccine mandates\n24/09/21 No.4 revoked by No.5 - no difference in vaccine mandates\n06/10/21 No.5 revoked by No.6 - no difference in vaccine mandates\n07/10/21 No.6 revoked by No.7 - no difference in vaccine mandates\n03/11/21 No.7 revoked by No.8 to add new worker groups\n11/11/21 No.8 revoked by No.9 to add new worker group\n26/11/21 No.9 revoked by No.10 - no difference in vaccine mandates\n25/02/21 No.10 revoked by No.11- no difference in vaccine mandates\n23/04/22 No.11 is revoked by No.12 - removes all groups except workers in medical or health facilities or Department of Health or services/treatment providers		232	Must be fully vaccinated by 17/09/21 to provide quarantine transport services\nMust carry evidence of the person's vaccination status\nA person is sufficiently vaccinated if they have received all of the doses of a vaccine for the disease that is necessary for the person to be issued with a vaccination certificate issued by the Australian Immunisation Register\nor received at least one dose of a vaccine for the disease and has made a booking to receive, as soon as is reasonably possible, all other required doses\nor they have made a booking to receive the first dose of a vaccine for the disease as soon as is reasonably possible, provide evidence of the booking and will receive all the doses	other than persons who are only present on the site for as long as is necessary to deliver goods to, or collect goods from, the site\n(i) the person -\n(A) is unable to be vaccinated against the disease due to a medical contraindication; and\n(B) holds a medical certificate that certifies that; and\n(C) provides a copy of that document to the relevant supevisor; or\n(ii) the person -(A) is ineligible, due to the person's age, to be vaccinated until a later phase ofthe vaccination program (B) and provides the supevisor with evidence as to the age of the person;and\n(iii) the person is an emergency management worker, who is only present to respond to an emergency	Public Health Act 1997 DIRECTION UNDER SECTION 16 (Mandatory Vaccination of Certain Workers- No.2)	A relevant supevisor must take all reasonable steps to \n(i) as soon as is practicable after this direction commences, notify each\nperson of the obligation on the person to be sufficiently vaccinated by 17 September 2021; and\n(ii) on and after 17 September 2021, ensure that a person does not enter,or remain on,the premises of thefacility if the supevisor is not satisfied that the person - (A) is sufficiently vaccinated; or(e)(B) holds an exemption;\nthe relevant supevisor must ensure that -\n(i) a copy of each of the following documents is kept and maintained by the facility: (A) each document provided to the operator as evidence of an exemption;\n(B) each document provided to the operator as evidence of the vaccination status are provided to the Director of Public hlealth or his or her delegate as soon as possible after the request has been made\nIf a person does not follow the emergency orders, they may be issued a summons to go to Court. If convicted for breaching emergency orders, they can be fined up to $16,800 or be sentenced to prison for up to six months, or both.	TAS Director of Public Health								TAS Government Directions	TASEHQWT2V1	4633
227	TAS	Mandatory Vaccination of Certain Workers No.5 and onwards	Public Space	People entering relevant locations such as residential aged care facilities, quarantine sites, medical or health facilities, department of health		2021-09-24	2021-09-24	2022-06-30				279	Allowed the operator of a relevant location to refuse entry to a person when the person is required to be sufficiently vaccinated under the direction, but the operator is not satisfied that the person is sufficiently vaccinated 														
228	TAS	Mandatory Vaccination of Certain Workers No.3 and onwards	Employment	Medical or health facility workers\nMedical service or treatment providers\nDepartment of Health workers	2021-09-03	2021-09-10	2021-10-31	2022-06-30		03/09/21 No.2 directions revoked No.1 to add worker groups\n10/09/21 No.2 revoked by No.3 to add this worker group and mask wearing requirements\n16/09/21 No.3 revoked by No.4 - no difference in vaccine mandates\n24/09/21 No.4 revoked by No.5. Clarified the policy intent in relation to vaccination requirements for persons working in health care settings and persons employed by the Department of Health; that all contractors working on premises owned or occupied by the Department of Health are required to be sufficiently vaccinated; and the definition of “relevant supervisor” and placed record-keeping obligations on such supervisors.\n06/10/21 No.5 revoked by No.6. Added clarity to the definition of medical and health facility to clearly reference blood donation centres and pathology centres and included orthoptist in the list of allied health professionals. \n07/10/21 No.6 revoked by No.7. Clarified that the relevant supervisor for employees of the Department of Health is the Secretary of the Department of Health or his or her delegate. \n03/11/21 No.7 revoked by No.8 to add new worker groups\n11/11/21 No.8 revoked by No.9 to add new worker group\n26/11/21 No.9 revoked by No.10 - no difference in vaccine mandates\n25/02/21 No.10 revoked by No.11- no difference in vaccine mandates\n23/04/22 No.11 is revoked by No.12 - removes all groups except workers in medical or health facilities or Department of Health or services/treatment providers\n15 July 2022: Risk Management Plan Mitigating Risks of Transmission and Harm from COVID-19 July 2022 continued HCW mandate		300	on and from 31 October 2021, a person is not permitted to provide health and medical services or treatments, work at medical or health facilities or work at the Department of Health unless the person is sufficiently vaccinated\nMust carry evidence of vaccination status\nA person is sufficiently vaccinated if they have received all of the doses of a vaccine for the disease that is necessary for the person to be issued with a vaccination certificate issued by the Australian Immunisation Register\nor received at least one dose of a vaccine for the disease and has made a booking to receive, as soon as is reasonably possible, all other required doses\nor they have made a booking to receive the first dose of a vaccine for the disease as soon as is reasonably possible, provide evidence of the booking and will receive all the doses	the person -\n(i) providing health and medical services or treatments, in an\nemergency circumstance, other than as part of their\nemployment or engagement; or\n(ii) being engaged to provide services at a medical or health facility, other than health and medical services or treatments, in response to an emergency at the facility;and\n(i) the person -\n(A) is unable to be vaccinated against the disease due to a medical contraindication; and\n(B) holds a medical certificate that certifies that; and\n(C) provides a copy of that document to the relevant supevisor; or\n(ii) the person -(A) is ineligible, due to the person's age, to be vaccinated until a later phase ofthe vaccination program (B) and provides the supevisor with evidence as to the age of the person;and\n(iii) the person holds an exemption or is a member of a class of persons specified in an exemption\n(iV) the person is an emergency management worker, who is only present to respond to an emergency	Public Health Act 1997 _x000D_DIRECTION UNDER SECTION 16 (Vaccination requirements for CertainWorkers- No.3)\n	the relevant supervisor must take all reasonable steps to -\n(i) as soon as is practicable after this direction commences, notify the person that the person is required to be sufficiently vaccinated by 31 October 2021 and (ii) on and after 31 October 2021, ensure that the person does not enter, or remain on, the relevant location for the person if the relevant supervisor is not satisfied that the person -\n(A) is sufficiently vaccinated against the disease as specified in paragraph (f); or\n(B) is not required, under paragraph (g), to be sufficiently vaccinated againstthe disease; and\nthe relevant supevisor must ensure that -\n(i) a copy of each of the following documents is kept and maintained by the facility: (A) each document provided to the operator as evidence of an exemption;\n(B) each document provided to the operator as evidence of the vaccination status are provided to the Director of Public hlealth or his or her delegate as soon as possible after the request has been made\nIf a person does not follow the emergency orders, they may be issued a summons to go to Court. If convicted for breaching emergency orders, they can be fined up to $16,800 or be sentenced to prison for up to six months, or both.	TAS Director of Public Health	state health secretary warned workers they would be sacked\nMedia releases, Department of Health facebook posts,				99% by mandate enforcement date\n87% the week before the enforcement date when state health secretary warned workers they would be sacked.	healthcare workforce of about 16,000\nA total of 170 health staff have failed to provide the required evidence, including 88 permanent employees.\n518 health workers joined legal action against mandate		TAS Government Directions	TASEHCQT1V1	1276\n4641
229	TAS	Vaccination Requirements for Certain Workers No.8 to No.11	Employment	Workers who provide high intensity supports to an NDIS participant	2021-10-26	2021-11-03	2021-11-21	2022-04-23	Revoked by new directions that removed this employment mandate	03/09/21 No.2 directions revoked No.1 to add worker groups\n10/09/21 No.2 revoked by No.3 to add worker groups and mask wearing requirements\n16/09/21 No.3 revoked by No.4 - no difference in vaccine mandates\n24/09/21 No.4 revoked by No.5 - no difference in vaccine mandates\n06/10/21 No.5 revoked by No.6 - no difference in vaccine mandates\n07/10/21 No.6 revoked by No.7 - no difference in vaccine mandates\n03/11/21 No.7 revoked by No.8 to add this worker group\n11/11/21 No.8 revoked by No.9 to add new worker group\n26/11/21 No.9 revoked by No.10 - no difference in vaccine mandates\n25/02/21 No.10 revoked by No.11- no difference in vaccine mandates\n23/04/22 No.11 is revoked by No.12 - removes all groups except workers in medical or health facilities or Department of Health or services/treatment providers	238	179	Must be sufficiently vaccinated by 21/11/21\nMust carry evidence of vaccination status\nA person is sufficiently vaccinated if they have received all of the doses of a vaccine for the disease that is necessary for the person to be issued with a vaccination certificate issued by the Australian Immunisation Register\nor received at least one dose of a vaccine for the disease and has made a booking to receive, as soon as is reasonably possible, all other required doses\nor they have made a booking to receive the first dose of a vaccine for the disease as soon as is reasonably possible, provide evidence of the booking and will receive all the doses	(i) the person -\n(A) is unable to be vaccinated against the disease due to a medical contraindication; and\n(B) holds a medical certificate that certifies that; and\n(C) provides a copy of that document to the relevant supevisor; or\n(ii) the person -(A) is ineligible, due to the person's age, to be vaccinated until a later phase ofthe vaccination program (B) and provides the supevisor with evidence as to the age of the person;and\n(iii) the person holds an exemption or is a member of a class of persons specified in an exemption\n(iV) the person is an emergency management worker, who is only present to respond to an emergency\n	Public Health Act 1997 DIRECTION UNDER SECTION 16 (Vaccination requirements for Certain Workers- No.8)	the relevant supervisor must take all reasonable steps to -\n(i) as soon as is practicable after this direction commences, notify the person that the person is required to be sufficiently vaccinated by 21/11/21 and (ii) on and after 21/11/2, ensure that the person does not enter, or remain on, the relevant location for the person if the relevant supervisor is not satisfied that the person -\n(A) is sufficiently vaccinated against the disease as specified in paragraph (f); or\n(B) is not required, under paragraph (g), to be sufficiently vaccinated againstthe disease; and\nthe relevant supevisor must ensure that -\n(i) a copy of each of the following documents is kept and maintained by the facility: (A) each document provided to the operator as evidence of an exemption;\n(B) each document provided to the operator as evidence of the vaccination status are provided to the Director of Public hlealth or his or her delegate as soon as possible after the request has been made\nIf a person does not follow the emergency orders, they may be issued a summons to go to Court. If convicted for breaching emergency orders, they can be fined up to $16,800 or be sentenced to prison for up to six months, or both.	TAS Director of Public Health	National Disability Services news update							TAS Government Directions	TASEOCTT2V1	
230	TAS	Vaccination Requirements of Certain Workers No.9 and onwards	Employment	in-home care provider		2021-11-11	2021-11-30	2022-04-23	Revoked by new directions that removed this employment mandate	03/09/21 No.2 directions revoked No.1 to add worker groups\n10/09/21 No.2 revoked by No.3 to add worker groups and mask wearing requirements\n16/09/21 No.3 revoked by No.4 - no difference in vaccine mandates\n24/09/21 No.4 revoked by No.5 - no difference in vaccine mandates\n06/10/21 No.5 revoked by No.6 - no difference in vaccine mandates\n07/10/21 No.6 revoked by No.7 - no difference in vaccine mandates\n03/11/21 No.7 revoked by No.8 to add worker group\n11/11/21 No.8 revoked by No.9 to add this worker group\n26/11/21 No.9 revoked by No.10 - no difference in vaccine mandates\n25/02/21 No.10 revoked by No.11- no difference in vaccine mandates\n23/04/22 No.11 is revoked by No.12 - removes all groups except workers in medical or health facilities or Department of Health or services/treatment providers	237	163	Must be sufficiently vaccinated by 30/11/21\nMust carry evidence of vaccination status\nA person is sufficiently vaccinated if they have received all of the doses of a vaccine for the disease that is necessary for the person to be issued with a vaccination certificate issued by the Australian Immunisation Register\nor received at least one dose of a vaccine for the disease and has made a booking to receive, as soon as is reasonably possible, all other required doses\nor they have made a booking to receive the first dose of a vaccine for the disease as soon as is reasonably possible, provide evidence of the booking and will receive all the doses	(i) the person -\n(A) is unable to be vaccinated against the disease due to a medical contraindication; and\n(B) holds a medical certificate that certifies that; and\n(C) provides a copy of that document to the relevant supevisor; or\n(ii) the person -(A) is ineligible, due to the person's age, to be vaccinated until a later phase ofthe vaccination program (B) and provides the supevisor with evidence as to the age of the person;and\n(iii) the person holds an exemption or is a member of a class of persons specified in an exemption\n(iV) the person is an emergency management worker, who is only present to respond to an emergency	Public Health Act 1997 DIRECTION UNDER SECTION 16 (Vaccination requirements for Certain Workers- No.9)	the relevant supervisor must take all reasonable steps to -\n(i) as soon as is practicable after this direction commences, notify the person that the person is required to be sufficiently vaccinated by 30/11/21 and (ii) on and after 30/11/21, ensure that the person does not enter, or remain on, the relevant location for the person if the relevant supervisor is not satisfied that the person -\n(A) is sufficiently vaccinated against the disease as specified in paragraph (f); or\n(B) is not required, under paragraph (g), to be sufficiently vaccinated against the disease; and\nthe relevant supevisor must ensure that -\n(i) a copy of each of the following documents is kept and maintained by the facility: (A) each document provided to the operator as evidence of an exemption;\n(B) each document provided to the operator as evidence of the vaccination status are provided to the Director of Public hlealth or his or her delegate as soon as possible after the request has been made\nIf a person does not follow the emergency orders, they may be issued a summons to go to Court. If convicted for breaching emergency orders, they can be fined up to $16,800 or be sentenced to prison for up to six months, or both.	TAS Director of Public Health								TAS Government Directions	TASEOCTT1V1	4643
231	TAS	Additional Requirements for certain venues	Public Space	(A) The premises is operating under an on-licence, or a general licence or a permit granted under\nthe Liquor Licensing Act 1990; or\n(II) more than 250 persons are at an event in an indoor space\nof the premises; or\n(Ill) more than 500 persons are at an event in an outdoor\nspace at the premises; and (B) if, at the time the alcohol is being served or offered -\n(I) the alcohol is to be consumed on the premises of the venue; and\n(II) one or more persons at the premises are likely to consume the alcohol while the persons are not seated at the venue	2021-11-19	2021-12-02	2021-12-06	2022-06-30	End of Public Health Emergency which removed all Public Health Directions made under the Emergency Declaration	Directions No.1 revoked by directions No.2 on 10/12/2021 to change the exempt venues\nClarified that the requirement to be fully vaccinated excludes stadiums, arenas, cinemas, concert venues, theatres, auditoriums and private events where the event is not open to members of the public and requires an invitation to attend.   		223	Must be fully vaccinated by 6/12/21 to enter the relevant licensed venue\nMust carry evidence of the person's vaccination status	1.the person - (A) is unable to be vaccinated against the disease due to a medical contraindication; and\n(B) holds - (I) a medical certificate; or (II) a medical exemption,\n2. or the person is ineligible, due to the person's age, to be vaccinated against the disease until a later phase of the vaccination program;\n3. or the person - (A) is employed or engaged to work at the premises of the relevant licensed venue; and (B) is entering, or remaining on, the premises before 15 December 2021;\n4. or the person is only present on the premises of the relevant licensed venue for the purposes of -\n(A) delivering goods to, or collecting goods from, the venue; or (B) providing necessary cleaning services; or (C) undertaking repair, or maintenance, work at the venue; and \n5. the person is only present on the premises ofthe relevant licensed venue for the purpose of providing emergency medical treatment (including transport), emergency management or law enforcement services\nExempt venues for before 10/12/21\n(A) a restaurant or cafe where patrons are only served alcohol for consumption while seated; or (B) a premises operated by or on behalf of a charity, a not-for-profit organisation, a sporting or recreational group, or a Government organisation; or\n(C) a premises, or part of a premises, that is being used for a private event if (I) the private event is a wedding or funeral,a  reception for a wedding or a gathering before or after a funeral; and (II) the premise, or part of the premises, is closed to members of the public who are not attending the private event\nExempt venues after 10/12/21\n(A) a restaurant or cafe where patrons are only served alcohol for consumption while seated; or (B) an entertainmentvenue; or (C) a stadium or arena; or (D) a premises operated by or on behalf of a charity, a not-for-profit organisation, a sporting or recreational group, or a Government organisation; or\n(E) a premises that is being used for a private event if the premise, or part of the premises, is closed to members of the public who are not attending the private event	Public Health Act 1997 DIRECTION UNDER SECTION 16 (Additional requirements for certain venues- No. 1)\nPublic Health Act 1997 DIRECTION UNDER SECTION 16 (Additional requirements for certain venues- No. 2)	If a person does not follow the emergency orders, they may be issued a summons to go to Court. If convicted for breaching emergency orders, they can be fined up to $16,800 or be sentenced to prison for up to six months, or both.	TAS Director of Public Health								TAS Government Directions	TASPVAE00V1	4621\n4622\n2644
232	TAS	Cruise Ships	Public Space	Cruise ship passengers and cruise services if passengers of the cruise service only embark and disembark the vessel within Tasmania; and the number of passengers on board the vessel at any one time does not exceed 99 persons	2021-08-19	2021-12-09	2021-12-15	2022-06-30	End of Public Health Emergency which removed all Public Health Directions made under the Emergency Declaration	"No.2 signed on 14/12/21 to revoke No.1\nRemoved the section stating:\nThe operator of a cruise service must not operate the cruise service in State waters if -\n(i) passengers of the cruise service embark or disembark the vessel, being used to provide the service, outside of Tasmania; or\n(ii) the number of passengers on board the vessel, being used to provide the service, at any one time exceeds 99 persons\nNo.2 revoked by No.3 on 14/04/2022\nRemoved ""if passengers of the cruise service only embark and disembark the vessel within Tasmania; and the number of passengers on board the vessel at any one time does not exceed 99 persons"" and added ""a person must not operate a cruise service within Tasmania if the cruise service is not an authorised cruise service"""		315	By 15/12/21 be fully vaccinated; and\nreceive a negative result from a test for the disease within the 72-\nhour period immediately before embarking on the vessel; and have not subsequently received a positive result from a test for the\ndisease before embarking on the vessel	1. the person is unable to be vaccinated due to a medical contraindication; and\n(B) holds - (I) a document that certifies that the person has a medical contraindication that prevents the person from being vaccinated; or (II) a medical exemption, \n2. the person is ineligible, due to the person's age, to be vaccinated against the disease until a later phase of the vaccination program \n3. the person is only present on the vessel for the purposes of providing medical treatment, emergency management or law enforcement; \n4. or the person is only present on the vessel -\n(A) due to his or her employment, or engagement, as a pilot; and (B) the person spends less than 24 hours on the vessel as part of that his or her employment or engagement;\n5. or the person is only present on the vessel due to his or her employment, or engagement, by the port operator for the port or facility where the vessel is located; or\n6. the person is only present on the vessel for the purpose of - (A) undertaking delivery of goods to the vessel; or (B) removing items or refuse from the vessel; or (C) performing cleaning, maintenance or repair on board, or to, the vessel	Public Health Act 1997 DIRECTION UNDER SECTION 16 (Cruise Ships- No. 1)\nPublic Health Act 1997 DIRECTION UNDER SECTION 16 (Cruise Ships- No. 2)\nPublic Health Act 1997 DIRECTION UNDER SECTION 16 (Cruise Ships- No. 3)	If a person does not follow the emergency orders, they may be issued a summons to go to Court. If convicted for breaching emergency orders, they can be fined up to $16,800 or be sentenced to prison for up to six months, or both.	TAS Director of Public Health								TAS Government Directions	TASPPOW00V1	4624\n4625\n4626\n4650
233	TAS	Residential aged care facilities	Public Space	Access to residential aged care facilities	2021-08-14	2021-12-10	2021-12-15	2022-06-30	End of Public Health Emergency which removed all Public Health Directions made under the Emergency Declaration	07/04/2020 - first residential aged care directions released\n10/12/21 - Direction No.17 included vaccine requirements and revoked No.16\n03/01/22 - No.17 revoked by No.18 and included a PCR test requirement, order made by the deputy director instead of director this time\n21/01/22 - No.18 revoked by No.19: no change in vaccine requirements and the order is made by the deputy director		320	If the person's presence is for end of life support ;or for a care and support visit to a resident of the residential aged care facility, they must be fully vaccinated; OR (A) undertaken a test for the disease within the 72-hour period immediately before entering the premises; and\n(B) received a negative test result in respect of the test for the disease and has not subsequently received a positive test result in respect of the disease; and\nadded in Direction No.18 (C) undertaken a PCR test for the disease within the 72-hour period immediately before entering the premises; and received a negative test result in respect ofthe PCR test; and not subsequently received a positive test result from a test for\nthe disease\n\nIf the person's presence is for receiving supportor services, or participating in activities, from a business or support service operating on the premises of the residential aged care facility, whether the support, services, they must be fully vaccinated OR hold a medical certificate or medical exemption	do not apply if the person is entering to provide\nemergency medical treatment (including transport), emergency management or law enforcement services; and in respect of a person entering the premises\nof a residential aged care facility if the person is under the age of 28 days\n(i) the person is a resident of the aged care facility; or (ii) the person is an employee or contractor of the residential aged care facility; or\n(iii) the person's presence at the premises is for the purposes of providing goods or services in respect of the residential aged care facility; or\n(iv) the person's presence at the premises is to provide goods or services to a resident of the residential aged care facility, whether the goods or services are provided for consideration or on a voluntary basis; or	Public Health Act 1997 DIRECTION UNDER SECTION 16 (Residential Aged Care Facilities - No.17)	the operator of a residential aged care facility in Tasmania must take all reasonable steps to ensure that a person does not enter, or remain on, the premises ofthe residential aged carefacility if the person is prohibited from doing so\nthe operator of a residential aged care facility in Tasmania must ensure that all persons who enter, or remain on, the premises of the residential aged care facility have been screened\nIf a person does not follow the emergency orders, they may be issued a summons to go to Court. If convicted for breaching emergency orders, they can be fined up to $16,800 or be sentenced to prison for up to six months, or both.	TAS Director of Public Health\nTAS Deputy Director of Public Health								TAS Government Directions	TASPRAC00V1	4636
234	TAS	Vaccination requirements in relation to Early Childhood Facilities	Employment	non-residential early childhood facility people		2021-12-23	2022-01-08	2022-06-30	End of Public Health Emergency which removed all Public Health Directions made under the Emergency Declaration			189	First dose by 08/01/22, second dose by 05/02/22\nMust carry evidence of vaccination status\n	 if -\n(i) the person is a child who is younger than 12years and 2 months or is receiving a service at the facility; or\n(ii) the person only enters the facility to drop off or collect a child at the facility\n(iii) the person is at the facility to provide maintenance services at the facility; or\n(iv) the person is at the facility to supply goods;or (v) the person is a person in relation to whom the facility is the primary residence and the person is not an early childhood worker in relation to the facility; and\n(i) the person -\n(A) is unable to be vaccinated against the disease due to a medical contraindication; and\n(B) holds a medical certificate that certifies that; and\n(C) provides a copy of that document to the relevant supevisor; or\n(ii) the person -(A) is ineligible, due to the person's age, to be vaccinated until a later phase ofthe vaccination program (B) and provides the supevisor with evidence as to the age of the person;and\n(iii) the person holds an exemption or is a member of a class of persons specified in an exemption\n(iV) the person is an emergency management worker, who is only present to respond to an emergency	Public Health Act 1997\nDIRECTION UNDER SECTION 16 (Vaccination requirements in relation to Early Childhood Facilities- No.1)	the relevant supervisor must take all reasonable steps to -\n(i) as soon as is practicable after this direction commences, notify the person that the person is required to be sufficiently vaccinated by 08/01/21 and (ii) on and after 08/01/21, ensure that the person does not enter, or remain on, the relevant location for the person if the relevant supervisor is not satisfied that the person -\n(A) is sufficiently vaccinated against the disease as specified in paragraph (f); or\n(B) is not required, under paragraph (g), to be sufficiently vaccinated against the disease; and\nthe relevant supevisor must ensure that -\n(i) a copy of each of the following documents is kept and maintained by the facility: (A) each document provided to the operator as evidence of an exemption;\n(B) each document provided to the operator as evidence of the vaccination status are provided to the Director of Public hlealth or his or her delegate as soon as possible after the request has been made\nIf a person does not follow the emergency orders, they may be issued a summons to go to Court. If convicted for breaching emergency orders, they can be fined up to $16,800 or be sentenced to prison for up to six months, or both.	TAS Director of Public Health								TAS Government Directions	TASEECF00V1	
235	TAS	Vaccination requirements in relation to Early Childhood Facilities	Public Space	early childhood facility workers\nchildcare workers		2021-12-23	2022-01-08	2022-06-30	End of Public Health Emergency which removed all Public Health Directions made under the Emergency Declaration			189	First dose by 08/01/22, second dose by 05/02/22\nMust carry evidence of vaccination status\n	 if -\n(i) the person is a child who is younger than 12years and 2 months or is receiving a service at the facility; or\n(ii) the person only enters the facility to drop off or collect a child at the facility\n(iii) the person is at the facility to provide gmaintenance services at the facility; or\n(iv) the person is at the facility to supply goods;or (v) the person is a person in relation to whom the facility is the primary residence and the person is not an early childhood worker in relation to the facility; and\n(i) the person -\n(A) is unable to be vaccinated against the disease due to a medical contraindication; and\n(B) holds a medical certificate that certifies that; and\n(C) provides a copy of that document to the relevant supevisor; or\n(ii) the person -(A) is ineligible, due to the person's age, to be vaccinated until a later phase ofthe vaccination program (B) and provides the supevisor with evidence as to the age of the person;and\n(iii) the person holds an exemption or is a member of a class of persons specified in an exemption\n(iV) the person is an emergency management worker, who is only present to respond to an emergency	Public Health Act 1997\nDIRECTION UNDER SECTION 16 (Vaccination requirements in relation to Early Childhood Facilities- No.1)	the relevant supervisor must take all reasonable steps to -\n(i) as soon as is practicable after this direction commences, notify the person that the person is required to be sufficiently vaccinated by 08/01/21 and (ii) on and after 08/01/21, ensure that the person does not enter, or remain on, the relevant location for the person if the relevant supervisor is not satisfied that the person -\n(A) is sufficiently vaccinated against the disease as specified in paragraph (f); or\n(B) is not required, under paragraph (g), to be sufficiently vaccinated against the disease; and\nthe relevant supevisor must ensure that -\n(i) a copy of each of the following documents is kept and maintained by the facility: (A) each document provided to the operator as evidence of an exemption;\n(B) each document provided to the operator as evidence of the vaccination status are provided to the Director of Public hlealth or his or her delegate as soon as possible after the request has been made\nIf a person does not follow the emergency orders, they may be issued a summons to go to Court. If convicted for breaching emergency orders, they can be fined up to $16,800 or be sentenced to prison for up to six months, or both.	TAS Director of Public Health								TAS Government Directions	TASPECF00V1	
236	TAS	(BOOSTER) Additional vaccination requirements for workers in certain settings	Employment	Residential aged care facility workers		2022-03-04	2022-04-01	2022-06-30	End of Public Health Emergency which removed all Public Health Directions made under the Emergency Declaration	No.1 revoked by no.2 on 11/03/22\nJust the Director of Public Health signing the document instead of the Deputy Director and a change in the mandate compliance requirements that take effect on 1/4/22. Clarified that a person complies with the direction if he or she receives a booster dose of a vaccine within four weeks of becoming eligible to receive it. \nNo. 2 revoked by no.3 on 29/3/22 with the direction taking effect on 23/4/22\nSigned by the Director on 29 March 2022 to change the date from which point a person will need to comply with the requirements of the direction to 23 April 2022. 		118	Must be vaccinated by 1/4/22 with at least one booster dose\nAfter 1/4/22, a person is considered vaccinated if they are not eligible, in accordance with the ATAGI recommendations, to receive a booster dose of the vaccine; or are eligible, in accordance with the ATAGI recommendations, to receive a booster dose of the vaccine and receives a booster dose within 4 weeks of becoming eligible	1. (A) unable to be vaccinated against the disease due to a medical contraindication and (B) holds a document that certifies it or (ii) a medical exemption;\n2. the person -(A) is fully vaccinated in respect of the disease; and is ineligible to receive a booster dose of a vaccine for the\ndisease under the vaccination program recognised by the\nDirector of Public Health or his or her delegate; and\nprovides his or her relevant supervisor with evidence as to why the person is currently ineligible to receive the booster dose; and receives that booster dose within 4 weeks of the person becoming eligible to receive the booster dose; or \n3. the person -\n(A) holds an exemption, or is a member of a class of persons specified in an exemption, from the requirement to be vaccinated against the disease; and\n(B) provides a legible copy of the exemption to his or her relevant supervisor; or\n4. the person is an emergency management worker who is only\npresent on the premises fo rthe purpose of responding to an emergency	Public Health Act 1997 DIRECTION UNDER SECTION 16 (Additional vaccination requirements for workers in certain settings- No.1)\n	If a person does not follow the emergency orders, they may be issued a summons to go to Court. If convicted for breaching emergency orders, they can be fined up to $16,800 or be sentenced to prison for up to six months, or both.	TAS Director of Public Health				24/12/21 - recommends boster dose at least 3 months after the person is fully vaccinated				TAS Government Directions	TASERAC00V3	
237	TAS	(BOOSTER) Additional vaccination requirements for workers in certain settings	Employment	In-home care provider		2022-03-04	2022-04-01	2022-06-30	End of Public Health Emergency which removed all Public Health Directions made under the Emergency Declaration	No.1 revoked by no.2 on 11/03/22\nJust the Director of Public Health signing the document instead of the Deputy Director and a change in the mandate compliance requirements that take effect on 1/4/22. Clarified that a person complies with the direction if he or she receives a booster dose of a vaccine within four weeks of becoming eligible to receive it. \nNo. 2 revoked by no.3 on 29/3/22 with the direction taking effect on 23/4/22\nSigned by the Director on 29 March 2022 to change the date from which point a person will need to comply with the requirements of the direction to 23 April 2022. 		118	an in-home care provider is not permitted to provide in-home and community aged care services unless the in-home care provider is vaccinated by 1/4/22 with at least one booster dose\nAfter 1/4/22, a person is considered vaccinated if they are not eligible, in accordance with the ATAGI recommendations, to receive a booster dose of the vaccine; or are eligible, in accordance with the ATAGI recommendations, to receive a booster dose of the vaccine and receives a booster dose within 4 weeks of becoming eligible	1. (A) unable to be vaccinated against the disease due to a medical contraindication and (B) holds a document that certifies it or (ii) a medical exemption;\n2. the person -(A) is fully vaccinated in respect of the disease; and is ineligible to receive a booster dose of a vaccine for the\ndisease under the vaccination program recognised by the\nDirector of Public Health or his or her delegate; and\nprovides his or her relevant supervisor with evidence as to why the person is currently ineligible to receive the booster dose; and receives that booster dose within 4 weeks of the person becoming eligible to receive the booster dose; or \n3. the person -\n(A) holds an exemption, or is a member of a class of persons specified in an exemption, from the requirement to be vaccinated against the disease; and\n(B) provides a legible copy of the exemption to his or her relevant supervisor; or\n4. the person is an emergency management worker who is only\npresent on the premises fo rthe purpose of responding to an emergency	Public Health Act 1997 DIRECTION UNDER SECTION 16 (Additional vaccination requirements for workers in certain settings- No.1, No.2 and No.3)\n	If a person does not follow the emergency orders, they may be issued a summons to go to Court. If convicted for breaching emergency orders, they can be fined up to $16,800 or be sentenced to prison for up to six months, or both.	TAS Director of Public Health								TAS Government Directions	TASEOCTT1V3	
238	TAS	(BOOSTER) Additional vaccination requirements for workers in certain settings	Employment	Workers who provide high intensity supports to an NDIS participant	2022-03-07	2022-03-04	2022-04-01	2022-06-30	End of Public Health Emergency which removed all Public Health Directions made under the Emergency Declaration	No.1 revoked by no.2 on 11/03/22\nJust the Director of Public Health signing the document instead of the Deputy Director and a change in the mandate compliance requirements that take effect on 1/4/22. Clarified that a person complies with the direction if he or she receives a booster dose of a vaccine within four weeks of becoming eligible to receive it. \nNo. 2 revoked by no.3 on 29/3/22 with the direction taking effect on 23/4/22\nSigned by the Director on 29 March 2022 to change the date from which point a person will need to comply with the requirements of the direction to 23 April 2022. 		115	Must be vaccinated by 1/4/22 with at least one booster dose\nAfter 1/4/22, a person is considered vaccinated if they are not eligible, in accordance with the ATAGI recommendations, to receive a booster dose of the vaccine; or are eligible, in accordance with the ATAGI recommendations, to receive a booster dose of the vaccine and receives a booster dose within 4 weeks of becoming eligible	1. (A) unable to be vaccinated against the disease due to a medical contraindication and (B) holds a document that certifies it or (ii) a medical exemption;\n2. the person -(A) is fully vaccinated in respect of the disease; and is ineligible to receive a booster dose of a vaccine for the\ndisease under the vaccination program recognised by the\nDirector of Public Health or his or her delegate; and\nprovides his or her relevant supervisor with evidence as to why the person is currently ineligible to receive the booster dose; and receives that booster dose within 4 weeks of the person becoming eligible to receive the booster dose; or \n3. the person -\n(A) holds an exemption, or is a member of a class of persons specified in an exemption, from the requirement to be vaccinated against the disease; and\n(B) provides a legible copy of the exemption to his or her relevant supervisor; or\n4. the person is an emergency management worker who is only\npresent on the premises fo rthe purpose of responding to an emergency\n	Public Health Act 1997 DIRECTION UNDER SECTION 16 (Additional vaccination requirements for workers in certain settings- No.1, No.2 and No.3)\n	If a person does not follow the emergency orders, they may be issued a summons to go to Court. If convicted for breaching emergency orders, they can be fined up to $16,800 or be sentenced to prison for up to six months, or both.	TAS Director of Public Health	National Disability Services news update							TAS Government Directions	TASEOCTT2V3	4631
239	TAS	NEED UPDATE !!!	Employment	all public sector workers	2021-12-09		2021-12-15	2022-06-30	End of Public Health Emergency which removed all Public Health Directions made under the Emergency Declaration			203	Ministerial staff must provide proof of vaccination by December 15 while other departments may have later due dates throughout January and February.	 staff unable to provide proof of vaccination by the due date will be “worked with on an individual basis” with only a “few exceptions”.		"""Non-compliance could lead to termination,” Mr Gutwein said."						"“We estimate more than 90 per cent of public servants are already vaccinated and the people we expect to have to work with individually will be in the hundreds not the thousands."" Sky News article"			News article	TASEALL0000	
240	ACT	Public Health (Aged Care Workers COVID-19 Vaccination) Emergency Direction	Employment	workers at residential aged care facilities			2023-01-01	2022-09-29	Public Health Emergency removed	28/10/21: Public Health (Aged Care Workers and Visitors\nCOVID-19 Vaccination) Emergency Direction 2021 (No 3) added second dose requirement\n15/03/22: Public Health (Aged Care Workers COVID-19\nVaccination) Emergency Direction 2022 (No 1) added booster dose requirement 	246	-94	A worker at a residential aged care facility must not enter or remain on the premisesif they have not received at least one dose of a COVID-19 vaccination by 16/09/21\n28/10/21: added that workers must have 2 doses of a COVID-19 vaccination from 01/12/21.	"has a COVID-19 vaccine exemption\nThe Chief Health Officer or an authorised delegate may\nprovide an exemption from this Direction to:\na. a person who is unable, due to a medical contraindication, to receive a COVID- 19 vaccination; or b. a person for whom a COVID-19 vaccination is not reasonably available.\nOr permitted persons including: an emergency services worker or volunteer, or an authorised person, who attends the residential aged care facility in the course of their official\nduties; certain in-reach service providers or contractors (see directions for details); volunteers\n04/04/22: added exemption to include ""or a diagnosed person within the previous 4 months."""	Public Health (Aged Care Workers COVID-19 Vaccination) Emergency Direction 2022 (No 2)	An authorised person may ask a person for any information necessary to determine\nwhether the person is complying with this Direction.\nIf a person fails to comply with this Direction, an authorised person may direct the\nperson to do such things as are reasonably necessary to comply with this Direction,\nincluding, upon request, to produce proof of identification to the authorised person.\nMaximum Penalty:\nIn the case of a natural person, $8,000 (50 penalty units). In the case of a body corporate, $40,500 (50 penalty units). In the case of a utility that is a body corporate, $1,620,000 (2000 penalty units).		Prime Minister National Cabinet Statement				Prior to the mandate being announced, the vaccination rate amongst aged care workers stood at 48 per cent before doubling in the space of three weeks.\n\n“By the time the mandate came into effect, we had 99 per cent of that workforce vaccinated and we’re now (6/10/21) at 100 per cent,” Ms Stephen-Smith said.				ACTERAC00V1	
241	ACT	Public Health (Aged Care Workers and Visitors COVID-19 Vaccination) Emergency Direction 2021	Public Space	A visitor at a residential aged care facility		2021-10-14	2021-10-15	2021-11-11	Visitor requirements removed by Public Health (Aged Care Workers COVID-19 Vaccination) Emergency Direction 2021 (No. 2)	15/10/21: Public Health (Aged Care Workers and Visitors\nCOVID-19 Vaccination) Emergency Direction\n2021 (No 2) enabled an authorised delegate of the CHO to\nissue an exemption on the CHO’s behalf, and  amendment to the definition of ‘visitor’ to mean “a person who is a family member or friend of a resident of the residential aged care facility”.		28	Visitors must have received two doses to remain on the premises of a residential aged care facility\nmay require a\nvisitor to produce evidence that they have received two\ndoses of a COVID-19 vaccination.	has a COVID-19 vaccine exemption\nThe Chief Health Officer or an authorised delegate may\nprovide an exemption from this Direction to:\na. a person who is unable, due to a medical contraindication, to receive a COVID- 19 vaccination; or b. a person for whom a COVID-19 vaccination is not reasonably available.\nOr permitted people including: a person who visits a residential aged care facility as\npart of the Community Visitors Scheme; or\n(b) a person who is a family member or friend of a resident\nof the residential aged care facility, including a participant of the Partners in Care Programme; or\n(c) volunteers engaged outside of the residential aged care facility.	Public Health (Aged Care Workers and Visitors\nCOVID-19 Vaccination) Emergency Direction\n2021	An authorised person may ask a person for any information necessary to determine\nwhether the person is complying with this Direction.\nIf a person fails to comply with this Direction, an authorised person may direct the\nperson to do such things as are reasonably necessary to comply with this Direction,\nincluding, upon request, to produce proof of identification to the authorised person.\nMaximum Penalty:\nIn the case of a natural person, $8,000 (50 penalty units). In the case of a body corporate, $40,500 (50 penalty units). In the case of a utility that is a body corporate, $1,620,000 (2000 penalty units).										ACTPRAC00V1	
242	ACT	Public Health (Health Care and Support Workers COVID-19 Vaccination) Emergency Direction	Employment	workers at health care facilities with means: a hospital, including a day hospital; or\na hospice; or all health care facilities operated by Canberra Health Services.	2021-10-06	2021-10-15	2021-10-29	2022-05-13	Revoked by Public Health (Health Care and Support Workers COVID-19 Vaccination) Emergency Direction Revocation 2022	"4/04/2022: Public Health (Health Care and Support Workers COVID-19 Vaccination) Emergency Direction 2022 added added exemption to include ""or a diagnosed person within the previous 4 months.""\n13/05/22: revoked mandate"		219	First dose by 29/10/21\nSecond dose by 1/12/21\nMust provide evidence of proof of vaccination if required\nEither one dose of the Janssen COVID-19\nvaccine or at least two doses of any other COVID-19 vaccine.	"has a COVID-19 vaccine exemption\nThe Chief Health Officer may, in writing and subject to any conditions that the Chief Health Officer considers necessary, exempt a person from this Direction.\na. a person who is unable, due to a medical contraindication, to receive a COVID-19 vaccine; or\nb. a person for whom a COVID-19 vaccine is not reasonably available.\n04/04/22: added ""or a diagnosed person within the previous 4 months."""	Public Health (Health Care and Support Workers COVID-19 Vaccination) Emergency Direction 2021 \nPublic Health (Health Care and Support Workers COVID-19 Vaccination) Emergency Direction 2022	An authorised person may ask a person for any information necessary to determine\nwhether the person is complying with this Direction.\nIf a person fails to comply with this Direction, an authorised person may direct the\nperson to do such things as are reasonably necessary to comply with this Direction,\nincluding, upon request, to produce proof of identification to the authorised person.\nMaximum Penalty:\nIn the case of a natural person, $8,000 (50 penalty units). In the case of a body corporate, $40,500 (50 penalty units). In the case of a utility that is a body corporate, $1,620,000 (2000 penalty units).						As at 1 October, more than 80 per cent of ACT health staff have self-reported they have been vaccinated with at least one dose, and 73 per cent said they were fully vaccinated.		Does not include HCWs in the private sector, reflecting CHO's minimalist approach to applying national policy.		ACTHCW0000	
243	ACT	Public Health (ACT School or Early Childhood Education and Care Workers COVID-19 Vaccination) Emergency Direction	Employment	workers at ACT Schools or Early Childhood Education and Care facilities	2021-10-13	2021-10-19	2021-11-01	2022-05-13	Revoked by Public Health (ACT School or Early Childhood Education and Care Workers COVID-19 Vaccination) Emergency\nDirection Revocation 2022	03/12/21: Public Health (ACT School or Early Childhood Education and Care Workers COVID-19 Vaccination) Emergency Direction 2021 (No 2) removed reference to a specific end date. The direction is “in force for the period ending on the day of the declared emergency (as extended or further extended) ends unless it is earlier revoked.”\nAmended the scope of application from a school which\nis “attended by children under 12 years of age” to a\nschool that “is a primary school” or has a primary\nschool”. Specialist schools and flexible education\nprograms remain [unchanged] in scope.\n04/04/22: Updates to permissible evidence of vaccination status or exemption to include digital forms of evidence\nissued by the Commonwealth		212	First dose by 1/11/21\nSecond dose by 29/11/21\nMust provide evidence of proof of vaccination if required\nEither one dose of the Janssen COVID-19\nvaccine or at least two doses of any other COVID-19 vaccine.	"has a COVID-19 vaccine exemption\nThe Chief Health Officer or an authorised delegate may\nprovide an exemption from this Direction to:\na. a person who is unable, due to a medical contraindication, to receive a COVID-\n19 vaccination; or\nb. a person for whom a COVID-19 vaccination is not reasonably available.\n04/04/22: added exemption to include ""or a diagnosed person within the previous 4 months."""	Public Health (ACT School or Early Childhood Education and Care Workers COVID-19 Vaccination) Emergency Direction 2022	An authorised person may ask a person for any information necessary to determine\nwhether the person is complying with this Direction.\nIf a person fails to comply with this Direction, an authorised person may direct the\nperson to do such things as are reasonably necessary to comply with this Direction,\nincluding, upon request, to produce proof of identification to the authorised person.\nMaximum Penalty:\nIn the case of a natural person, $8,000 (50 penalty units). In the case of a body corporate, $40,500 (50 penalty units). In the case of a utility that is a body corporate, $1,620,000 (2000 penalty units).										ACTEECF0000	
244	ACT	Public Health (ACT School or Early Childhood Education and Care Workers COVID-19 Vaccination) Emergency Direction	Employment	adult residents at family day care residences		2021-10-19	2021-11-01	2022-05-13	Revoked by Public Health (ACT School or Early Childhood Education and Care Workers COVID-19 Vaccination) Emergency\nDirection Revocation 2022	03/12/21: Public Health (ACT School or Early Childhood Education and Care Workers COVID-19 Vaccination) Emergency Direction 2021 (No 2) removed reference to a specific end date. The direction is “in force for the period ending on the day of the declared emergency (as extended or further extended) ends unless it is earlier revoked.”\nAmended the scope of application from a school which\nis “attended by children under 12 years of age” to a\nschool that “is a primary school” or has a primary\nschool”. Specialist schools and flexible education\nprograms remain [unchanged] in scope.		206	A family day care residence must not operate on or after 29 November 2021 unless\neach adult resident has:\na. b. received 2 doses of a COVID-19 vaccine\nMust provide evidence	"has a COVID-19 vaccine exemption\nThe Chief Health Officer or an authorised delegate may\nprovide an exemption from this Direction to:\na. a person who is unable, due to a medical contraindication, to receive a COVID-\n19 vaccination; or\nb. a person for whom a COVID-19 vaccination is not reasonably available.\n04/04/22: added exemption to include ""or a diagnosed person within the previous 4 months."""	Public Health (ACT School or Early Childhood Education and Care Workers COVID-19 Vaccination) Emergency Direction 2022	An authorised person may ask a person for any information necessary to determine\nwhether the person is complying with this Direction.\nIf a person fails to comply with this Direction, an authorised person may direct the\nperson to do such things as are reasonably necessary to comply with this Direction,\nincluding, upon request, to produce proof of identification to the authorised person.\nMaximum Penalty:\nIn the case of a natural person, $8,000 (50 penalty units). In the case of a body corporate, $40,500 (50 penalty units). In the case of a utility that is a body corporate, $1,620,000 (2000 penalty units).										ACTERSF0000	
245	ACT	Public Health (Disability and Other Care Workers COVID-19 Vaccination) Emergency Direction	Employment	Disability worker or an in-home and community aged care worker		2021-11-01	2021-11-15	2022-09-29	Listed as the effective end date in the ACT Legislation Register 	"15/03/22: Public Health (Disability and Other Care Workers COVID-19 Vaccination) Emergency Direction 2022 (No 1) added a booster requirement \n04/04/22: Public Health (Disability and Other Care Workers COVID-19 Vaccination) Emergency Direction 2022 (No 2) added exemption to include ""or a diagnosed person within the previous 4 months."""	247	332	First dose by 15/11/21\nSecond dose by 13/12/21\nMust provide evidence of vaccination\n28/03/22: Booster requirement added	"has a COVID-19 vaccine exemption\nThe Chief Health Officer or an authorised delegate may\nprovide an exemption from this Direction to:\na. a person who is unable, due to a medical contraindication, to receive a COVID-\n19 vaccination; or\nb. a person for whom a COVID-19 vaccination is not reasonably available.\n04/04/22: added exemption to include ""or a diagnosed person within the previous 4 months."""	Public Health (Disability and Other Care Workers COVID-19 Vaccination) Emergency Direction 2021, 2022 (No 1), 2022 (No 2)	An authorised person may ask a person for any information necessary to determine\nwhether the person is complying with this Direction.\nIf a person fails to comply with this Direction, an authorised person may direct the\nperson to do such things as are reasonably necessary to comply with this Direction,\nincluding, upon request, to produce proof of identification to the authorised person.\nMaximum Penalty:\nIn the case of a natural person, $8,000 (50 penalty units). In the case of a body corporate, $40,500 (50 penalty units). In the case of a utility that is a body corporate, $1,620,000 (2000 penalty units).										ACTEDSF00V1	
246	ACT	(BOOSTER) Public Health (Aged Care Workers COVID-19 Vaccination) Emergency Direction	Employment	BOOSTER workers at residential aged care facilities		2022-03-15	2022-03-28	2022-09-29	Public Health Emergency removed	"04/04/22: Public Health (Aged Care Workers COVID-19\nVaccination) Emergency Direction 2022 (No 1) added exemption to include ""or a diagnosed person within the previous 4 months."""		198	is up to date with COVID-19 vaccinations: a person who has completed a primary course of vaccination and; has\nreceived a COVID-19 booster; or is not yet\neligible for a COVID-19 booster; or has not\nreceived a COVID-19 booster, but the person’s booster deadline date has not\nyet passed	"has a COVID-19 vaccine exemption\nThe Chief Health Officer or an authorised delegate may\nprovide an exemption from this Direction to:\na. a person who is unable, due to a medical contraindication, to receive a COVID-19 vaccine or COVID-19 booster; or\nb. a person for whom a COVID-19 vaccine or COVID-19 booster is not reasonably available.\n04/04/22: added exemption ""or was a diagnosed person within the previous 4 months."""	Public Health (Aged Care Workers COVID-19\nVaccination) Emergency Direction 2022 (No 1)\nPublic Health (Aged Care Workers COVID-19 Vaccination) Emergency Direction 2022 (No 2)	An authorised person may ask a person for any information necessary to determine\nwhether the person is complying with this Direction.\nIf a person fails to comply with this Direction, an authorised person may direct the\nperson to do such things as are reasonably necessary to comply with this Direction,\nincluding, upon request, to produce proof of identification to the authorised person.\nMaximum Penalty:\nIn the case of a natural person, $8,000 (50 penalty units). In the case of a body corporate, $40,500 (50 penalty units). In the case of a utility that is a body corporate, $1,620,000 (2000 penalty units).					ATAGI does not currently recommend a COVID-19 booster for children under 16\nyears of age.					ACTERAC00V2	
247	ACT	(BOOSTER) Public Health (Disability and Other Care Workers COVID-19 Vaccination) Emergency Direction	Employment	BOOSTER Disability\nworker or an in-home and community aged care worker		2022-03-15	2022-03-28	2022-09-29	Public Health Emergency removed	"04/04/22: Public Health (Disability and Other Care Workers COVID-19 Vaccination) Emergency Direction 2022 (No 2) added exemption to include ""or a diagnosed person within the previous 4 months."""		198	is up to date with COVID-19 vaccinations: a person who has completed a primary course of vaccination and; has\nreceived a COVID-19 booster; or is not yet\neligible for a COVID-19 booster; or has not\nreceived a COVID-19 booster, but the person’s booster deadline date has not\nyet passed	"has a COVID-19 vaccine exemption\nThe Chief Health Officer or an authorised delegate may\nprovide an exemption from this Direction to:\na. a person who is unable, due to a medical contraindication, to receive a COVID-19 vaccine or COVID-19 booster; or\nb. a person for whom a COVID-19 vaccine or COVID-19 booster is not reasonably available.\n04/04/22: added exemption ""or was a diagnosed person within the previous 4 months."""	Public Health (Disability and Other Care Workers COVID-19 Vaccination) Emergency Direction 2022 (No 1), 2022 (No 2)	An authorised person may ask a person for any information necessary to determine\nwhether the person is complying with this Direction.\nIf a person fails to comply with this Direction, an authorised person may direct the\nperson to do such things as are reasonably necessary to comply with this Direction,\nincluding, upon request, to produce proof of identification to the authorised person.\nMaximum Penalty:\nIn the case of a natural person, $8,000 (50 penalty units). In the case of a body corporate, $40,500 (50 penalty units). In the case of a utility that is a body corporate, $1,620,000 (2000 penalty units).										ACTEDSF00V2	
248	QLD	COVID-19 Testing and Vaccination Requirements (Contact by Health Workers with Cases) Direction	Employment	health service employee, Queensland ambulance service employee or contractor\nwho works in a role that has direct contact with a diagnosed person; or whose normal work location is in an area where diagnosed persons are treated or accommodated excluding emergency departments; or works in a quarantine facility; or who transports a diagnosed person by ambulance or aeromedical services		2021-03-31	2021-03-31	2021-05-18	revoked by Designated COVID-19 Hospital Network Direction (No. 5).			48	Receive one dose by 31/03/21 and received a second dose of Pfizer on or around 21/04/21 or a second dose of Astra Zeneca on or around 23/06/21\nFor new employees: they must receive one dose before starting work and receive a second dose of Pfizzer on or about 3 weeks after their first dose or a second dose of Astra Zeneca on or around 12 weeks after their first dose\nMust notify the Health Service Chief Executive or commissioner Queensland Ambulance Service of receiving a vaccination\nMust undertake surveillance testing		COVID-19 Testing and Vaccination Requirements (Contact by Health Workers with Cases) Direction 	Failure to comply with public health directions\nA person to whom a public health direction applies must comply with the direction unless the person has a reasonable excuse.\nMaximum penalty–100 penalty units or 6 months imprisonment.	Chief Health Officer								Public Health Direction	QLDEHCWT100	
249	QLD	Border Restrictions Direction	Public Space	Entry to QLD - Lockdown (Stay at home) zone		2021-08-12	2021-08-12	2022-01-15	Revoked by Revocation Order - Border restrictions Direction (No. 60) and related directions			156	NOT A MANDATE\nA border zone resident who has been in a lockdown (stay at home} zone can't enter Queensland	to obtain food or other essential goods or services for the personal needs of the household or other household purposes, which cannot reasonably be obtained within New South Wales; or\nto obtain medical care or supplies or other health care services, including a scheduled COVID-19 vaccination; or\nto perform essential work that cannot be done from home, or to provide emergency volunteering;\nfor children of essential workers and an adult that may transport the child, to attend face to face schooling or to attend a childcare facility, or\nto provide assistance, care or support to a family member or to fulfil other caring responsibilities; or\nto fulfil an obligation relating to shared parenting or child contact; or\nfor children under 18 years who do not live in the same household as their biological parents or siblings or one of their parents or siblings, continuing existing arrangements for access to, and contact between, parents and children and siblings; or\nin the event of an emergency situation.	Border Restrictions Direction (No. 33)	Failure to comply with public health directions\nA person to whom a public health direction applies must comply with the direction unless the person has a reasonable excuse.\nMaximum penalty–100 penalty units or 6 months imprisonment.										QLDPISTT100	
250	QLD	Border Restrictions Direction	Employment	Essential worker border zone resident entering QLD\nFor list of zones see COVID-19 Hotspots and Border Zone Declaration		2021-08-18	2021-08-21	2022-01-15	Revoked by Revocation Order - Border restrictions Direction (No. 60) and related directions			150	From 21/08/21, a border zone resident may only enter Queensland to perform essential work or provide emergency volunteering if they have received at least one dose of a COVID-19 vaccine	work performed by a medical practitioner or other prescribed health practitioner that is necessary to prevent serious injury or harm or to prevent a loss of life; or\nwork performed by an emergency health services or emergency services worker; or\nemergency work performed by a national defence, state security or police worker; or\nwork performed by a freight or logistics operator who is complying with the mandatory COVID-19 testing requirements of the Operational protocol for freight movements entering Queensland; or\nwork performed by an emergency infrastructure worker; or\nwork performed by air crew; or\nwork performed by a disaster management worker related to the prevention or preparation for an imminent disaster or to respond to a disaster; or\nemergency volunteering to respond to an emergency or disaster.	Border Restrictions Direction (No. 36)\nBorder Restrictions Direction (No. 48)	Failure to comply with public health directions\nA person to whom a public health direction applies must comply with the direction unless the person has a reasonable excuse.\nMaximum penalty–100 penalty units or 6 months imprisonment.										QLDEISTT100	
251	QLD	Border Restrictions Direction	Employment	Queensland resident who travels to the border zone to perform essential work or to provide emergency volunteering\nFor list of zones see COVID-19 Hotspots and Border Zone Declaration		2021-08-18	2021-08-21	2022-01-15	Revoked by Revocation Order - Border restrictions Direction (No. 60) and related directions			150	First dose by 21/08/21 or they'll have to re-enter Queensland by air; and\nquarantine\nSecond dose or have a booking for the second dose by 15/11/21	work performed by a medical practitioner or other prescribed health practitioner that is necessary to prevent serious injury or harm or to prevent a loss of life; or\nwork performed by an emergency health services or emergency services worker; or\nemergency work performed by a national defence, state security or police worker; or\nwork performed by a freight or logistics operator who is complying with the mandatory COVID-19 testing requirements of the Operational protocol for freight movements entering Queensland; or\nwork performed by an emergency infrastructure worker; or\nwork performed by air crew; or\nwork performed by a disaster management worker related to the prevention or preparation for an imminent disaster or to respond to a disaster; or\nemergency volunteering to respond to an emergency or disaster.	Border Restrictions Direction (No. 36)\nBorder Restrictions Direction (No. 48)	Failure to comply with public health directions\nA person to whom a public health direction applies must comply with the direction unless the person has a reasonable excuse.\nMaximum penalty–100 penalty units or 6 months imprisonment.										QLDEISTT200	
252	QLD	Border Restrictions Direction	Employment	non-restricted border zone resident may only enter Queensland to perform work or volunteering that cannot reasonably be done from home\nFor list of zones see COVID-19 Hotspots and Border Zone Declaration		2021-09-11	2021-09-11	2022-01-15	Revoked by Revocation Order - Border restrictions Direction (No. 60) and related directions			126	May only enter if they have received the first dose of a COVID-19 vaccine by 11/09/21; and from 15/11/21, have either already received the prescribed number of doses or have a booking to receive the second doses of the COVID-19 vaccine.	work performed by an emergency health services or emergency services worker responding to an emergency in Queensland or the border zone; or\nemergency work performed by a national defence, state security or police worker; or\nwork performed by an emergency infrastructure worker; or\nwork performed by air crew; or\nwork performed by a disaster management worker related to the prevention or preparation for an imminent disaster or to respond to a disaster; or\nemergency volunteering to respond to an emergency or disaster.	Border Restrictions Direction (No. 41)\nBorder Restrictions Direction (No. 48)	Failure to comply with public health directions\nA person to whom a public health direction applies must comply with the direction unless the person has a reasonable excuse.\nMaximum penalty–100 penalty units or 6 months imprisonment.										QLDEISTT300	
253	QLD	Border Restrictions Direction	Employment	A Queensland resident who travels to the non-restricted border zone to perform work or volunteering that cannot reasonably be done from home\nFor list of zones see COVID-19 Hotspots and Border Zone Declaration		2021-09-11	2021-09-11	2022-01-15	Revoked by Revocation Order - Border restrictions Direction (No. 60) and related directions			126	May only enter if they have received the first dose of a COVID-19 vaccine by 11/09/21; and from 15/11/21, have either already received the prescribed number of doses or have a booking to receive the second doses of the COVID-19 vaccine.	work performed by an emergency health services or emergency services worker responding to an emergency in Queensland or the border zone; or\nemergency work performed by a national defence, state security or police worker; or\nwork performed by an emergency infrastructure worker; or\nwork performed by air crew; or\nwork performed by a disaster management worker related to the prevention or preparation for an imminent disaster or to respond to a disaster; or\nemergency volunteering to respond to an emergency or disaster.	Border Restrictions Direction (No. 41)\nBorder Restrictions Direction (No. 48)	Failure to comply with public health directions\nA person to whom a public health direction applies must comply with the direction unless the person has a reasonable excuse.\nMaximum penalty–100 penalty units or 6 months imprisonment.										QLDEISTT400	
254	QLD	Border Restrictions Direction	Public Space	Domestic/Interstate travellers arriving in QLD by air entry to Queensland from a covid 19 hotspot\nFor list of zones see COVID-19 Hotspots and Border Zone Declaration		2021-11-15	2021-11-15	2022-01-15	Revoked by Revocation Order - Border restrictions Direction (No. 60) and related directions			61	is fully vaccinated and obtains a Queensland Border Declaration Pass \n9/12/21 removed: air entry	unless the person is under 16 years of age, or is unable to receive a COVID-19 vaccination because of a recognised medical contraindication and has evidence of a recognised medical contraindication;	Border Restrictions Direction (No. 54)\nSuperseded - Border Restrictions Direction (No. 56)	Failure to comply with public health directions\nA person to whom a public health direction applies must comply with the direction unless the person has a reasonable excuse.\nMaximum penalty–100 penalty units or 6 months imprisonment.										QLDPISTT200	
255	QLD	Border Restrictions Direction	Public Space	NSW restricted border zone residents who has in the preceding 14 days been in the restricted border zone and has not been in a COVID-19 hotspot and Queensland residents entering Queensland after travelling to the restricted border zone 		2021-12-30	2021-12-30	2022-01-15	Revoked by Revocation Order - Border restrictions Direction (No. 60) and related directions			16	Must be fully vaccinated and entering for the following purposes to: Comply with a Court or Tribunal order.\nDonate blood at a scheduled appointment.\nFulfill statutory care requirements for a child.\nPerform essential work or volunteering.\nProvide care or support to a family member.\nAttend or transport a child to childcare, school, or university.\nMaintain contact arrangements for children under 18.\nTransport a child of an essential worker to school or childcare.	to obtain essential food, essential goods or essential services for the personal needs of the household; to obtain scheduled medical care or other health care services; to obtain urgent unscheduled medical care or other health services services; to obtain medical supplies; to obtain a scheduled COVID-19 vaccine. All of which cannot reasonably be obtained within NSW. \nTo undertake one of the following categories of work or volunteering:\nwork performed by an emergency services worker responding to an emergency in Queensland; or\nemergency work performed by a national defence, state security or police worker; or\nwork performed by an emergency infrastructure worker; or\nwork performed by air crew; or\nwork performed by a disaster management worker related to the prevention or preparation for an imminent disaster or to respond to a disaster; or\nemergency volunteering to respond to an emergency or disaster.\nto fulfil a Court ordered obligation relating to shared parenting or child contact; or\nin the event of an emergency situation.	Border Restrictions Direction (No. 59)	Failure to comply with public health directions\nA person to whom a public health direction applies must comply with the direction unless the person has a reasonable excuse.\nMaximum penalty–100 penalty units or 6 months imprisonment.										QLDPISTT300	
256	QLD	Public Health and Social Measures linked to vaccination status Direction	Employment	staff in business, activity or undertaking  venues including certain hospitality venues; indoor and outdoor entertainment venues; festivals; Government owned Galleries, Museums and Libraries; Vulnerable Settings like prisons and youth detention centres; Wedding ceremonies and receptions; Private hire of a venue; Residential facilities\nSee the direction for more specifics	2021-09-08	2021-09-07	2021-12-17	2022-04-14	revoked by Revocation of Public Health and Social Measures linked to vaccination status Direction (No. 4)	24/12/21: superseded by Public Health and Social Measures linked to vaccination status Direction (No. 2)\n08/02/22: superseded by Public Health and Social Measures linked to vaccination status Direction (No. 3)\n04/03/22: superseded by Public Health and Social Measures linked to vaccination status Direction (No. 4)\n14/04/22: revoked by Revocation of Public Health and Social Measures linked to vaccination status Direction (No. 4)		218	From 17/12/21 staff who enter, work in or provide services at a business, activity or undertaking where vaccination is a requirement of entry must provide proof of vaccination	Unvaccinated people must provide evidence of a medical contraindication prior to entering the business, activity or undertaking or prior to being served or upon request\nare unvaccinated and are entering the business, activity or undertaking for the sole purpose of obtaining a COVID-19 vaccination at a vaccination centre	Public Health and Social Measures linked to vaccination status Direction	Operators must ensure that staff who are unvaccinated are not permitted to enter, work in or provide services at the business, activity or undertaking\nFailure to comply with public health directions\nA person to whom a public health direction applies must comply with the direction unless the person has a reasonable excuse.\nMaximum penalty–100 penalty units or 6 months imprisonment.	Chief Health Officer	News articles						The directions also include venues unvaccinated persons may enter however it is subject to other requirements such as density requirements or businesses that only required to collect contact information	Public Health Direction	QLDEVAET100	
257	QLD	Public Health and Social Measures linked to vaccination status Direction	Public Space	visitors in business, activity or undertaking  venues including certain hospitality venues; indoor and outdoor entertainment venues; festivals; Government owned Galleries, Museums and Libraries; Vulnerable Settings like prisons and youth detention centres\nSee the direction for more specifics	2021-09-08	2021-09-07	2021-12-17	2022-04-14	revoked by Revocation of Public Health and Social Measures linked to vaccination status Direction (No. 4)	24/12/21: superseded by Public Health and Social Measures linked to vaccination status Direction (No. 2)\n08/02/22: superseded by Public Health and Social Measures linked to vaccination status Direction (No. 3)\n04/03/22: superseded by Public Health and Social Measures linked to vaccination status Direction (No. 4)\n14/04/22: revoked by Revocation of Public Health and Social Measures linked to vaccination status Direction (No. 4)		218	From 17/12/21 a visitor aged 16 years of age or over who enters a business, activity or undertaking where vaccination is a requirement of entry must provide proof of vaccination	Unvaccinated people must provide evidence of a medical contraindication prior to entering the business, activity or undertaking or prior to being served or upon request\nare unvaccinated and are entering the business, activity or undertaking for the sole purpose of obtaining a COVID-19 vaccination at a vaccination centre	Public Health and Social Measures linked to vaccination status Direction	Operators must ensure that staff who are unvaccinated are not permitted to enter, work in or provide services at the business, activity or undertaking\nFailure to comply with public health directions\nA person to whom a public health direction applies must comply with the direction unless the person has a reasonable excuse.\nMaximum penalty–100 penalty units or 6 months imprisonment.	Chief Health Officer	News articles						The directions also include venues unvaccinated persons may enter however it is subject to other requirements such as density requirements or businesses that only required to collect contact information	Public Health Direction	QLDPVAET100	
258	QLD	Disability Accommodation Services Direction	Employment	students at shared disability accommodation services		2021-11-05	2021-11-11	2022-05-12	Disability Accommodation Services Visitor Direction (No. 2) removed student requirements.	12/03/2022: superseded by Disability Accommodation Services Visitor Direction to add booster dose requirement\n13/05/22: Disability Accommodation Services Visitor Direction (No. 2) removed student requirements.		188	a student must not enter, or remain on, the premises of a shared disability accommodation service for the purpose of a placement in connection with an enrolled course of study, unless they are fully vaccinated.\n12/03/2022: added booster dose	Unless the person is:\nunder 16 years of age; or\nunable to receive a COVID-19 vaccination because of a medical contraindication; or\nis a COVID-19 vaccine trial participant. As this exemption is temporary, the medical certificate must not have expired.\nvisiting the resident of shared disability accommodation service for one of the following purposes: end of life visit; or in an emergency. \na parent, carer, guardian or other responsible adult who is accompanying a resident; or\na carer or support person who provides assistance or other caring responsibilities, including advocacy services, to the person who is a resident; or\nis permitted to enter as an unvaccinated worker in healthcare under the Workers in a Healthcare Setting (COVID-19 Vaccination Requirements) Direction.	Disability Accommodation Services Direction (No. 25)	Failure to comply with public health directions\nA person to whom a public health direction applies must comply with the direction unless the person has a reasonable excuse.\nMaximum penalty–100 penalty units or 6 months imprisonment.										QLDEDSWT1V1	
259	QLD	Residential Aged Care Direction	Employment	students entering a residential aged care facility		2021-11-05	2021-11-11	2022-05-12	Residential Aged Care Visitor Direction (No. 2) removed student requirements.			188	Fully vaccinated by 11/11/2021	Medical contraindication\nParticipation in a COVID-19 Vaccine Trial\nMay grant an exemption, with or without conditions:\nto allow a resident to leave the restricted residential aged care facility on compassionate grounds; or\nto facilitate an end of life visit; or\nto allow a person or class of persons to enter a restricted residential aged care facility to provide necessary goods or service to a resident that cannot be provided by the facility.		Failure to comply with public health directions\nA person to whom a public health direction applies must comply with the direction unless the person has a reasonable excuse.\nMaximum penalty–100 penalty units or 6 months imprisonment.									Residential Aged Care Direction (No. 10)	QLDERACT1V1	
260	QLD	(BOOSTER) Disability Accommodation Services Visitor Direction	Employment	students at shared disability accommodation services		2022-03-12	2022-03-12	2022-05-12	Disability Accommodation Services Visitor Direction (No. 2) removed student requirements.	13/05/22: Disability Accommodation Services Visitor Direction (No. 2) removed student requirements.		61	BOOSTER\na student must not enter, or remain on, the premises of a shared disability accommodation service for the purpose of a placement in connection with an enrolled course of study, unless they are fully vaccinated.\n	Unless the person is:\nunder 16 years of age; or\nunable to receive a COVID-19 vaccination because of a medical contraindication; or\nis a COVID-19 vaccine trial participant. As this exemption is temporary, the medical certificate must not have expired.\nvisiting the resident of shared disability accommodation service for one of the following purposes: end of life visit; or in an emergency. \na parent, carer, guardian or other responsible adult who is accompanying a resident; or\na carer or support person who provides assistance or other caring responsibilities, including advocacy services, to the person who is a resident; or\nis permitted to enter as an unvaccinated worker in healthcare under the Workers in a Healthcare Setting (COVID-19 Vaccination Requirements) Direction.	Disability Accommodation Services Visitor Direction	Failure to comply with public health directions\nA person to whom a public health direction applies must comply with the direction unless the person has a reasonable excuse.\nMaximum penalty–100 penalty units or 6 months imprisonment.										QLDEDSWT1V2	
261	QLD	Hospital Visitor Entry Direction	Public Space	Hospital visitors and volunteers		2022-03-12	2022-03-12	2022-05-30	Revoked by Revocation of Hospital Visitor Entry Direction (No. 2)	13/05/22 - Hospital Visitor Entry Direction (No. 2) superceded Hospital Visitor Entry Direction		79	A person who is unvaccinated, other than a patient of the hospital, must not enter, or remain at, a hospital as a visitor of a patient of the hospital or as a volunteer\nThere are also restrictions on entry for diagnosed or potentially diagnosed persons, close contacts and international arrivals	does not apply:\nwhere the visitor is within the exception for a birthing suite listed in Schedule 1; or\nwhere the visitor is attending at the hospital for the purpose of an end of life visit for a patient of the hospital\nor the person is: is under 16 years of age; or\nhas a medical contraindication; or\nis a COVID-19 vaccine trial participant; or\nis a parent, carer, guardian or other responsible adult who is accompanying a child or minor that is a patient of the hospital; or a carer or support person who provides assistance or other caring responsibilities, including advocacy services, to the person who is a patient of the hospital;		Failure to comply with public health directions\nA person to whom a public health direction applies must comply with the direction unless the person has a reasonable excuse.\nMaximum penalty–100 penalty units or 6 months imprisonment.										QLDPHCWT1V1	
262	QLD	COVID-19 Vaccination Requirements for Workers in a high-risk setting Direction	Employment	Corrective services facilities, police watch houses and youth detention centres		2021-12-11	2021-12-17	2022-06-30	Revoked by Revocation of COVID-19 Vaccination Requirements for Workers in a high-risk setting Direction (No.2)	04/02/2022: Superseded by COVID-19 Vaccination Requirements for Workers in a high-risk setting Direction (No. 2)\n29/06/22: direction removed by Revocation of COVID-19 Vaccination Requirements for Workers in a high-risk setting Direction (No.2)		201	First dose by 17/12/21\nSecond dose by 23/01/22\nRequired to show evidence	Medical contraindication\nClinial trials\nResponding to critical workforce shortages\nResponding to critical support needs\nEmergency entry to high risk settings\nEntry to high risk settings for law enforcement\nSee direction for more details	COVID-19 Vaccination Requirements for Workers in a high-risk setting Direction	Failure to comply with public health directions\nA person to whom a public health direction applies must comply with the direction unless the person has a reasonable excuse.\nMaximum penalty–100 penalty units or 6 months imprisonment.	Chief Health Officer							High risk setting definition: workers in settings where there is:\na high risk of transmission of the COVID-19 virus; or the setting is used by a large number of vulnerable persons; or a sudden reduction in available workforce due to COVID-19 cases or quarantine would significantly affect the continuity of critical services resulting in potential consequential 	Public Health Direction	QLDECRF00V1	
263	QLD	COVID-19 Vaccination Requirements for Workers in a high-risk setting Direction	Employment	areas of an airport that receives interstate or overseas flights:\nall indoor areas of an international or interstate terminal; and\noutdoor passenger areas such as passenger transport areas including terminal car parks and taxi ranks; and\nbusinesses that are within the airport precinct such as car rental businesses, cafes and hotels.		2021-12-11	2021-12-17	2022-06-30	Revoked by Revocation of COVID-19 Vaccination Requirements for Workers in a high-risk setting Direction (No.2)	04/02/2022: Superseded by COVID-19 Vaccination Requirements for Workers in a high-risk setting Direction (No. 2)\n29/06/22: direction removed by Revocation of COVID-19 Vaccination Requirements for Workers in a high-risk setting Direction (No.2)		201	First dose by 17/12/21\nSecond dose by 23/01/22\nRequired to show evidence	Medical contraindication\nClinial trials\nResponding to critical workforce shortages\nResponding to critical support needs\nEmergency entry to high risk settings\nEntry to high risk settings for law enforcement\nSee direction for more details	COVID-19 Vaccination Requirements for Workers in a high-risk setting Direction	Failure to comply with public health directions\nA person to whom a public health direction applies must comply with the direction unless the person has a reasonable excuse.\nMaximum penalty–100 penalty units or 6 months imprisonment.	Chief Health Officer							High risk setting definition: workers in settings where there is:\na high risk of transmission of the COVID-19 virus; or the setting is used by a large number of vulnerable persons; or a sudden reduction in available workforce due to COVID-19 cases or quarantine would significantly affect the continuity of critical services resulting in potential consequential 	Public Health Direction	QLDEVAET200	
264	QLD	Disability Accommodation Services Direction	Public Space	shared disability accommodation service visitors		2021-12-11	2021-12-17	2022-06-30	revoked by Revocation of the Residential Aged Care Visitor Direction (No.2), Disability Accommodation Services Visitor Direction (No.2), Corrective Services Facility Personal Visitor Entry Direction	"Prior to Disability Accommodation Services Direction (No. 26), the directions stated that disability accommodation services were a restricted area for visitors. The only exceptions were for end of life visitors or visitors granted special permission by the operator for the purposes of providing behavioural, emotional or social support to a resident or prospective resident that cannot be delivered by electronic or non-contact means, including advocacy services. While it was not a mandate, ""The operator may require the person to take reasonable steps to reduce the risk of COVID-19 to residents ... or provide evidence of having received at least one dose of a COVID-19 vaccine""\n12/03/2022: superseded by Disability Accommodation Services Visitor Direction to add booster dose requirement"		201	From 17/12/2021, a person who is unvaccinated, other than a resident, must not enter, or remain at, the shared disability accommodation service\n12/03/2022: added booster dose	Unless the person is:\nunder 16 years of age; or\nunable to receive a COVID-19 vaccination because of a medical contraindication; or\nis a COVID-19 vaccine trial participant. As this exemption is temporary, the medical certificate must not have expired.\nvisiting the resident of shared disability accommodation service for one of the following purposes: end of life visit; or in an emergency. \na parent, carer, guardian or other responsible adult who is accompanying a resident; or\na carer or support person who provides assistance or other caring responsibilities, including advocacy services, to the person who is a resident; or\nis permitted to enter as an unvaccinated worker in healthcare under the Workers in a Healthcare Setting (COVID-19 Vaccination Requirements) Direction.	Disability Accommodation Services Direction (No. 26)	Failure to comply with public health directions\nA person to whom a public health direction applies must comply with the direction unless the person has a reasonable excuse.\nMaximum penalty–100 penalty units or 6 months imprisonment.								"Prior to Disability Accommodation Services Direction (No. 26), the directions stated that disability accommodation services were a restricted area for visitors. The only exceptions were for end of life visitors or visitors granted special permission by the operator for the purposes of providing behavioural, emotional or social support to a resident or prospective resident that cannot be delivered by electronic or non-contact means, including advocacy services. While it was not a mandate, ""The operator may require the person to take reasonable steps to reduce the risk of COVID-19 to residents ... or provide evidence of having received at least one dose of a COVID-19 vaccine"""		QLDPDSWT1V1	
265	QLD	Residential Aged Care Direction	Public Space	residential aged care facility visitors		2021-12-11	2021-12-17	2022-06-30	revoked by Revocation of the Residential Aged Care Visitor Direction (No.2), Disability Accommodation Services Visitor Direction (No.2), Corrective Services Facility Personal Visitor Entry Direction			201	First dose by 17/12/2021\nProvide proof of vaccination	Medical contraindication\nParticipation in a COVID-19 Vaccine Trial\nMay grant an exemption, with or without conditions:\nto allow a resident to leave the restricted residential aged care facility on compassionate grounds; or\nto facilitate an end of life visit; or\nto allow a person or class of persons to enter a restricted residential aged care facility to provide necessary goods or service to a resident that cannot be provided by the facility.		Failure to comply with public health directions\nA person to whom a public health direction applies must comply with the direction unless the person has a reasonable excuse.\nMaximum penalty–100 penalty units or 6 months imprisonment.									Residential Aged Care Direction (No. 11)	QLDPRACT1V1	
266	QLD	(BOOSTER) Disability Accommodation Services Visitor Direction	Public Space	visitor of a resident of a shared disability accommodation service, a person who is entering to volunteer and to a student undertaking a placement at a shared disability accommodation service.		2022-03-12	2022-03-12	2022-06-30	revoked by Revocation of the Residential Aged Care Visitor Direction (No.2), Disability Accommodation Services Visitor Direction (No.2), Corrective Services Facility Personal Visitor Entry Direction			110	BOOSTER\nMust be fully vaccinated with a booster dose\nVisitors must not enter if they are : an international arrival who arrived during the 14 days immediately preceding the proposed time of entry; or a diagnosed person or has recently ended isolation as a diagnosed person, and 7 days have not yet passed between the and the end of isolation; or\nhas been informed or has become aware they are a close contact of a diagnosed person, unless their quarantine period has ended, and 7 days have passed between the end of quarantine and the proposed time of entry; or\nhas a temperature equal to or higher than 37.5 degrees or symptoms consistent with COVID-19; or\nhas undertaken a COVID-19 test and has not yet received the results	does not apply:\nfor the purpose of an end of life visit for a resident of the shared disability accommodation service and has an exemption under Part 6 for the end of life visit; and\nwhere the visitor, volunteer or student is in isolation or quarantine, or during the post-isolation or post-quarantine periods, is permitted to leave isolation or quarantine under the Isolation of Diagnosed Cases of COVID-19 and Management of Close Contacts Direction (No.5) or its successors\nunless the visitor is:\nunder 16 years of age; or\nunable to receive a COVID-19 vaccination because of a medical contraindication and has evidence of a recognised medical contraindication; or\na COVID-19 vaccine trial participant, and receipt of a Therapeutic Goods Administration approved COVID-19 vaccine would impact the validity of the trial. As this exemption is temporary, the medical certificate must not have expired.\nentering the premises for an end of life visit for a resident of a shared disability accommodation service; or\nNote: Please note that an exemption is not needed for an unvaccinated person entering into a shared disability accommodation service for an end of life visit.\nentering the premises to provide support to a resident in an emergency situation; or\nmaintaining continuity of care to a resident of a shared disability accommodation service, including accompanying a resident or advocacy services that cannot be delivered by electronic or non-contact means.		Failure to comply with public health directions\nA person to whom a public health direction applies must comply with the direction unless the person has a reasonable excuse.\nMaximum penalty–100 penalty units or 6 months imprisonment.										QLDPDSWT1V2	
267	QLD	Corrective Services Facility Personal Visitor Entry Direction	Public Space	personal visitor to a corrective services facility or detention centre.		2022-04-14	2022-04-14	2022-06-30	revoked by Revocation of the Residential Aged Care Visitor Direction (No.2), Disability Accommodation Services Visitor Direction (No.2), Corrective Services Facility Personal Visitor Entry Direction	N/A		77	are fully vaccinated; and\nprovide proof of COVID-19 vaccination prior to entering the corrective services facility or detention centre; and\nare not subject to a current restriction on entry under the Quarantine for International Arrivals Direction (No. 22) or its successors; and\nare not are not subject to a current restriction on entry under Isolation for Diagnosed Cases of COVID-19 and Management of Close Contacts Direction (No. 6) or its successors.	must not enter or remain at, a corrective services facility or detention centre as a personal visitor unless the person is:\nunder 16 years of age; or\nunable to receive a COVID-19 vaccination because of a medical contraindication and has evidence of a medical contraindication; or\nis a COVID-19 vaccine trial participant, and receipt of a Therapeutic Goods Administration approved COVID-19 vaccine would impact the validity of the trial. As this exemption is temporary, the medical certificate must not have expired; or\nNote: An unvaccinated personal visitor who is permitted to enter the corrective services facility or detention centre must follow the risk mitigation measures put in place by the corrective services facility or detention centre. For example, this may require wearing a single use-surgical face mask or safely physically distancing from others.\nis required to accompany a minor or other person as a parent, guardian, carer or support person to a corrective services facility or detention centre.\nExample: a child visiting a parent in prison may be accompanied by an unvaccinated parent or carer, but the unvaccinated parent must wear a face mask at all times during the visit.		Failure to comply with public health directions\nA person to whom a public health direction applies must comply with the direction unless the person has a reasonable excuse.\nMaximum penalty–100 penalty units or 6 months imprisonment.										QLDPCRF00V1	
268	QLD	COVID-19 Vaccination Requirements for Workers in a high-risk setting Direction	Employment	Early childhood, primary and secondary\neducational settings for all Department of Education workers. And identified staff within regional and central offices who are required to be present in a school as part of their work duties	2021-11-30	2021-12-11	2021-12-17	2022-06-30	Revoked by Revocation of COVID-19 Vaccination Requirements for Workers in a high-risk setting Direction (No.2)			212	First dose by 17/12/21\nSecond dose by 23/01/22\nRequired to show evidence of first dose by 07/01/22\nRequired to show evidence of second dose by 24/01/22	From 17 December 2021 unvaccinated workers without a qualifying exemption must not enter a high-risk setting unless there is an emergency or permission is granted in accordance with:\na. the requirements of the CHO Direction in relation to Critical Workforce Shortages; or\nb. the requirements of the CHO Direction in relation to a Critical Support Need.\n	COVID-19 Vaccination Requirements for Workers in a high-risk setting Direction\nEmployment Direction 1/22 — COVID-19 Vaccinations	Failure to comply with public health directions\nA person to whom a public health direction applies must comply with the direction unless the person has a reasonable excuse.\nMaximum penalty–100 penalty units or 6 months imprisonment.	Chief Health Officer\nQueensland Department of Education					"""We were the first state or territory in Australia to put teachers in the 1b classification, allowing them early access to the vaccine, and we know that more than 82,000 vaccinations have been given to school and early childhood staff under that program."" - 15/11/21 (prior to mandate announcement) ABC News"			Public Health Direction\nEmployment Direction	QLDEEDUT1V1	
269	QLD	Requirements for Workers at Government Nominated Accommodation Direction	Employment	facility workers at Government nominated accommodations including Health services or personal care services; Security services; all front and back of house services, including catering, waste management and cleaning services; passenger transport services		2022-03-28	2022-03-28	2022-08-26	Revoked by Revocation of Requirements for Workers at Government Nominated Accommodation Direction (No.2)			151	A Facility worker must have received double doses of a COVID-19 vaccine to continue working in Government nominated accommodation	A facility worker who is unable to receive the primary doses of a COVID-19 vaccine due to a medical contraindication may continue to work in government nominated accommodation but must not work in or enter a designated zone.\nThe Chief Health Officer, the Deputy Chief Health Officer or their delegate may grant a person an exemption from all or part of these directions on the basis of extreme exceptional circumstances.		Failure to comply with public health directions\nA person to whom a public health direction applies must comply with the direction unless the person has a reasonable excuse.\nMaximum penalty–100 penalty units or 6 months imprisonment.										QLDEDCJT1V1	
270	QLD	Workers in a healthcare setting (COVID-19 Vaccination Requirements) Direction	Employment	healthcare workers (including residential aged care facilities)\nE.g. services, support and medical treatment provided to a person to support, promote or improve their health and wellbeing and includes:\nmedical care; and\nallied healthcare; and\nother healthcare, support services and personal care; and\ndisability support services.\n		2021-11-10	2021-12-15	2022-09-02	Revoked by Revocation of Workers in a healthcare setting (COVID-19 Vaccination Requirements) Direction (No. 4)	16/12/21: superseded by Workers in a healthcare setting (COVID-19 Vaccination Requirements) Direction (No. 2) which added that workers must be fully vaccinated (has received the prescribed number of doses of a COVID-19 vaccine and one week has passed) by 23/12/21\n4/2/22: superseded by Workers in a healthcare setting (COVID-19 Vaccination Requirements) Direction (No. 3)\n12/3/22: superseded by Workers in a healthcare setting (COVID-19 Vaccination Requirements) Direction (No. 4) which added a separate section for residential aged care facility workers\n2/09/2022: Revoked by Revocation of Workers in a healthcare setting (COVID-19 Vaccination Requirements) Direction (No. 4)		296	a worker in healthcare has received the prescribed number of doses of a COVID-19 vaccine (including a prescribed booster dose)\nand provide proof of vaccination\n16/12/2021: added that they must be fully vaccinated (has received the prescribed number of doses of a COVID-19 vaccine and one week has passed) by 23/12/21\n12/03/22: changed requirements for residential aged care workers to From 31 March 2022 a person who is 16 years or older who has received a COVID-19 vaccine booster dose during the period from 3 to 6 months after being fully vaccinated, and continues to receive booster doses within the recommended dosing interval.	does not apply to an unvaccinated worker who enters to respond to an emergency; if they are responding to critical workforce shortages; if they are entering in a private capacity; or if they are entering for law enforcement\ndoes not apply to a worker in healthcare who is unable to be vaccinated due to a medical contraindication where the responsible person for the healthcare setting:\nassesses the risk to the staff member, other staff, patients, clients and other persons at the healthcare setting; and\ndetermines that the unvaccinated worker may continue to work in the healthcare setting where their work cannot be performed outside the healthcare setting; and\nthe unvaccinated worker complies with the requirements in the following:\nExempt people must:\ncomply with the National guide for safe workplaces and other COVID-19 guidance provided by Safe Work Australia for the healthcare setting; and\nproduce a negative COVID-19 PCR test result before commencing each work shift in a healthcare setting;\nand wear PPE as required under an established PPE guideline for the healthcare setting; or\nNote: an established PPE guideline may include existing Queensland Health guidelines, existing guidelines used by the healthcare setting or as outlined in the COVID safe plan for the healthcare setting,\nwhere the worker in healthcare is a person to whom the Health Employment Directive 12/21 Employee COVID-19 Vaccination requirements (the HED) or the Residential Aged Care Facilities Direction (No.9) or its successor (the direction) applies, comply with the requirements relating to a medical contraindication or any other exceptions to mandatory vaccination requirements in the HED or the direction.	Workers in a healthcare setting (COVID-19 Vaccination Requirements) Direction	Failure to comply with public health directions\nA person to whom a public health direction applies must comply with the direction unless the person has a reasonable excuse.\nMaximum penalty–100 penalty units or 6 months imprisonment.	Chief Health Officer							Rationale: 1/10/21 the Australian Health Protection Principal Committee (AHPPC) issued a statement recommending mandatory vaccination for all workers in healthcare settings	Public Health Direction	QLDEHCWT2V1	
271	QLD	(BOOSTER) COVID-19 Vaccination Requirements for Workers in Residential Aged Care and Disability Accommodation Services Direction	Employment	residential aged care worker			2022-03-31	2022-10-31	Revocation of COVID-19 Vaccination Requirements for Workers in Residential Aged Care and Disability Accommodation Services Direction	2/09/2022: superseded by COVID-19 Vaccination Requirements for Workers in Residential Aged Care and Disability Accommodation Services Direction which added booster requirement for Disability Accommodation Service workers\n31/10/22: revoked by Revocation of COVID-19 Vaccination Requirements for Workers in Residential Aged Care and Disability Accommodation Services Direction\n		214	BOOSTER dose by 31/03/22	Medical contraindication\nParticipation in a COVID-19 Vaccine Trial\nRecent infection with COVID-19\nCritical Workforce Shortage\nEmergency Entry\nEntry in a private capacity\nEntry to a healthcare setting for law enforcement\nSee direction for more details	COVID-19 Vaccination Requirements for Workers in Residential Aged Care and Disability Accommodation Services Direction	Failure to comply with public health directions\nA person to whom a public health direction applies must comply with the direction unless the person has a reasonable excuse.\nMaximum penalty–100 penalty units or 6 months imprisonment.	Chief Health Officer								Public Health Direction	QLDERACT1V2	
272	QLD	(BOOSTER) COVID-19 Vaccination Requirements for Workers in Residential Aged Care and Disability Accommodation Services Direction	Employment	shared disability accommodation service worker		2022-09-02	2022-09-30	2022-10-31	Revocation of COVID-19 Vaccination Requirements for Workers in Residential Aged Care and Disability Accommodation Services Direction	31/10/22: revoked by Revocation of COVID-19 Vaccination Requirements for Workers in Residential Aged Care and Disability Accommodation Services Direction		59	BOOSTER dose by 30/09/22	Medical contraindication\nParticipation in a COVID-19 Vaccine Trial\nRecent infection with COVID-19\nCritical Workforce Shortage\nEmergency Entry\nEntry in a private capacity\nEntry to a healthcare setting for law enforcement\nSee direction for more details	COVID-19 Vaccination Requirements for Workers in Residential Aged Care and Disability Accommodation Services Direction	Failure to comply with public health directions\nA person to whom a public health direction applies must comply with the direction unless the person has a reasonable excuse.\nMaximum penalty–100 penalty units or 6 months imprisonment.	Chief Health Officer								Public Health Direction	QLDEDSWT2V1	
273	QLD	Human Resources Policy Employee COVID-19 vaccination requirements	Employment	Health service employees, working in the department or in a Hospital and Health\nService excluding employees of Queensland Ambulance Service. Check Health Employment Directive No.12/21 for more details		2021-09-11	2021-09-30	2023-09-25	Repealed			744	First dose by 30/09/21\nSecond dose by 31/10/21	Where an existing employee is unable to be vaccinated they are required to complete an exemption\napplication form.\nExemptions will be considered in the following circumstances:\n• Where an existing employee has a recognised medical contraindication;\n• Where an existing employee has a genuinely held religious belief;\n• Where another exceptional circumstance exists.\nIf an existing employee is granted an exemption, they do not have to comply with clause 3 or 4 of\nthis Policy for the duration of that exemption	Human Resources Policy Employee COVID-19 vaccination requirements\nHealth Employment Directive\nNo. 12/21\nEmployee COVID-19 vaccination requirements	Failure to comply with public health directions\nA person to whom a public health direction applies must comply with the direction unless the person has a reasonable excuse.\nMaximum penalty–100 penalty units or 6 months imprisonment.	Queensland Health								Queensland Health: Health Employment Directive	QLDEHCWT3V1	
274	QLD	Queensland Health Residential Aged Care Facilities (COVID-19 Vaccination) Direction	Employment	health service employees in Queensland Health residential aged care facilities		2021-07-23	2021-09-16	2022-10-31	Public health emergency ended			465	First dose by 16/09/21\nSecond dose by 31/10/21\nMust show evidence of the first dose by 17/09/21 and second dose by 01/11/21	A health service employee who is unable to be vaccinated due to a medical contraindication or shortage of vaccinations may continue to work in a Hospital and Health Service or the Department of Health but must not enter, work in, or provide services in a Queensland Health residential aged care facility.\nMay enter if the entry, work or services are immediately necessary to provide emergency care to a resident of the facility.\nMay enter as a personal visitor of a resident of the facility or as a support person for a prospective resident, but must not enter, work in, or provide services as a health service employee, and must comply with all other public health directions applicable to entering a residential aged care facility.\nQueensland Chief Health Officer, Deputy Chief Health Officer or delegate may grant an exemption (with or without conditions) to an operator or health service employee or class of employees or operators to respond to a critical workforce shortage. Or if an exemption is appropriate due to:\ncompassionate grounds or exceptional circumstances; or\nthe proportion of residents and employees at a facility that are vaccinated.	Queensland Health Residential Aged Care Facilities (COVID-19 Vaccination) Direction	Failure to comply with public health directions\nA person to whom a public health direction applies must comply with the direction unless the person has a reasonable excuse.\nMaximum penalty–100 penalty units or 6 months imprisonment.	Chief Health Officer								Public Health Direction	QLDEHCWT400	
275	QLD	NEED UPDATE !!!	Employment	all Queensland Police Service workplaces	2021-09-02		2021-10-04	2022-10-31	Public health emergency ended			424	All police officers and staff members will be required to have their first dose of a COVID-19 vaccine by October 4, 2021 and their second dose by January 23, 2022.			Failure to comply with public health directions\nA person to whom a public health direction applies must comply with the direction unless the person has a reasonable excuse.\nMaximum penalty–100 penalty units or 6 months imprisonment.									News article		
276	QLD	Operational protocol for freight movements entering Queensland	Employment	Freight and logistics operators entering Queensland from another state or territory in Australia		2021-10-05	2021-10-15	2022-10-31	Public health emergency ended			391	First dose by 15/10/21\nSecond dose by 15/11/21	 freight and logistics operator may enter Queensland in the course of carrying out their duty,\ndespite not having met the requirement to be vaccinated in paragraph 20 if the person is not able to\naccess a COVID-19 vaccine to comply with the vaccination requirements because the person has a\nrecognised medical contraindication		Failure to comply with public health directions\nA person to whom a public health direction applies must comply with the direction unless the person has a reasonable excuse.\nMaximum penalty–100 penalty units or 6 months imprisonment.											
