id	jurisdiction	name	type	target	announcement_date	effective_date	enforcement_date	removal_date	removal_method	removal_details	booster_id	duration_days	compliance	exemptions	executive_orders	enforcement_measures	authority	communications	vaccine_eligibility_info	vaccine_availability_info	ATAGI	uptake	popu_info	notes	source	ref_code	ref_no
1	WA	Mandatory Vaccination Policy Phased Approach Group 1	Employment	Hotel quarantine workers	2021-04-20	2021-04-27	2021-04-27	2022-02-05	revoked by another document		43	291	Fully vaccinated by 10 May 2021	does not include a quarantine centre driver.\n(a) law enforcement; or\n(b) responding to an emergency other than COVID-19; or\n(c) performing maintenance or repairs, but only to the extent that, due to the nature\nof the maintenance or repairs, it is not reasonably practicable for a quarantine\ncentre worker who is vaccinated against COVID-19 to perform the maintenance\nor repairs and the person who is able to perform the maintenance or repairs is\nnot eligible to be vaccinated against COVID-19 at the time that the maintenance\nor repairs are required to be performed.	Access to Quarantine Centres Directions (No 2)	It is an offence for a person to fail, without reasonable excuse, to comply with any of these\ndirections, punishable by a fine of up to $20,000 for individuals and $100,000 for bodies\ncorporate.	Public Health Order	WA Government Annoucement\nNews articles	22/02/2021 for front line workers	21/02/2021 for front line workers	ATAGI recommends that the COVID-19 vaccine by Pfizer is preferred over COVID-19 Vaccine AstraZeneca in adults aged under 50 years. \nCOVID-19 Vaccine AstraZeneca can be used in adults aged under 50 years – where the benefits are likely to outweigh the risks for that individual and the person has made an informed decision based on an understanding of the risks and benefits. \nPeople who have had the first dose of COVID-19 Vaccine AstraZeneca without any serious adverse effects can be given the second dose, including adults under 50 years.	more than 2,800 frontline workers receiving their first dose of the Pfizer vaccine in the first week of elegibility			WA Government Annoucement	WAEHQW0000	1417\n4548\n4610
2	WA	COVID-19 Mandatory Vaccination and Vaccination Program Policy Version 2	Employment	WA health system entities and employees in a Residential aged care facility	2021-06-30	2021-08-09	2021-09-17	2022-11-04	4/11/22 End of Public Health Emergency which removed all Public Health Directions made under the Emergency Declaration	"Policy replaced by a newer version on 13/01/22 \n06/19/21 Direction No.1 revoked by No.2 which added the ""fully vaccinated by 17 November 2021"" date\n22/09/21 - Direction No.2 replaced by No.3 which added a ""further public state of emergency made on 22/09/21"" notice. No change in mandate requirements.  No revocation section\n11/10/21 - No.3 revoked by No.4 which added a revocation section"	38	492	First dose by 17 September 2021\nFully vaccinated by 17 November 2021	1. a permanent medical exemption authorised by a medical practitioner\n2. a temporary medical exemption authorised by a medical practitioner\n3. an authorised temporary exemption or exception due to the inability to access a\nCOVID-19 vaccine\n4. an authorised temporary exemption or exception due to a critical workforce\nshortage, to maintain the provision of quality of care or to protect the health and\nsafety of residents, or\n5. an authorised exemption or exception related to another category in the relevant\nstate or territory public health order.	Residential Aged Care Facility Worker Access Directions.	Unvaccinated Employees will initially be allowed to remain away from the workplace for a period\nof two weeks without disciplinary action being commenced – the Preliminary Access Restriction\nPeriod (PARP). The PARP provides time for the Employee to make a decision regarding their\nintention to be Vaccinated and/or to receive a COVID-19 vaccine, prior to commencement of\nformal disciplinary proceedings. The PARP will be unpaid.\nFollowing the expiration of the two week PARP, the Employer may initiate disciplinary proceedings\nin accordance with the Discipline Policy and Procedures.\nAny decision to initiate disciplinary action, and subsequent disciplinary outcomes, will be\nconsidered on a case by case basis and compliant with the Discipline Policy and Procedures.\nGiven the access restrictions provided for by the Aged Care Worker Directions, termination of\nemployment is a potential outcome for instances of non-compliance.\nIt is an offence for a person to fail, without reasonable excuse, to comply with any of these directions, punishable by a fine of up to $20,000 for individuals and $100,000 for bodies corporate.	WA Chief Health Officer	WA Government Annoucement\nNews articles\nRelease of guidelines\nAustralian Government news announcement\nNational Cabinet agreed on 28/06/21 that the COVID-19 vaccination of residential\naged care workers will become mandatory by mid-September 2021.	22/02/2021 for front line workers\nAll West Australians aged 12 years and over were eligible to be vaccinated by 13/09/21	21/02/2021 for front line workers	ATAGI recommends that the COVID-19 vaccine by Pfizer is preferred over COVID-19 Vaccine AstraZeneca in adults aged under 50 years. \nCOVID-19 Vaccine AstraZeneca can be used in adults aged under 50 years – where the benefits are likely to outweigh the risks for that individual and the person has made an informed decision based on an understanding of the risks and benefits. \nPeople who have had the first dose of COVID-19 Vaccine AstraZeneca without any serious adverse effects can be given the second dose, including adults under 50 years. \n8/10/21 - booster recommended for severely immunocompromised people\n28/10/21 - Pfizer booster recommended for adults ≥ 18, 6 months past 2nd dose	more than 2,800 frontline workers receiving their first dose of the Pfizer vaccine in the first week of elegibility		V1 of the policy is not included as it doesn't have a vaccine requirement\nPolicy published date is 16/09/21 but directions were published 09/08/21\nNational Cabinet agreed on 28/06/21 that the COVID-19 vaccination of residential aged care workers will become mandatory by mid-September 2021 across all states.	Department of Health\nPolicy Framework	WAERAC00V2	1237\n1157\n233\n1158\n4645
3	WA	WA Police Mission Critical areas	Employment	Mission critical area worker in mission critical areas		2021-09-22	2021-09-27	2022-11-04	4/11/22 End of Public Health Emergency which removed all Public Health Directions made under the Emergency Declaration			408														WAEPOL00V1	
4	WA	COVID-19 Mandatory Vaccination and Vaccination Program Policy Version 2	Employment	Health care worker - Tier 1 health care facilities	2021-09-02	2021-09-16	2021-10-01	2022-11-04	4/11/22 End of Public Health Emergency which removed all Public Health Directions made under the Emergency Declaration	"13/01/2022 - policy replaced by a new version\n16/09/21 - Direction No.1 revoked by No.2. No mandate changes\nNo. 3 came into effect but directions doesn't have a revocation section, no mandate changes.\nNo.3 revoked by No.4 which removed the exemption clause: \n""performing a law enforcement function that cannot reasonably be performed other than by entering the health care facility"""	37	428	·       First dose by 1 October 2021\n·       Fully vaccinated by 1 November 2021\nevidence in the form approved by the Chief Health Officer that they have\nbeen vaccinated against COVID-19, if:\n(a) directed to do so by an emergency officer; or\n(b) required to do so by their employer or by the owner, occupier or person\napparently in charge of a health care facility.	defined under the Directions\nMedical exemption, or a Temporary exemption approved by the Chief Health Officer or their delegate, or as otherwise outlined in the Directions. Or if they are:\n(a) performing a law enforcement function that cannot reasonably be performed\nother than by entering the health care facility; or\n(b) performing a statutory duty that cannot reasonably be performed other than by entering the health care\nfacility; or\n(c) performing any function or duty or exercising any right or power under a Fair\nWork entry permit; or\n(d) responding to an emergency in a capacity other than as a health care worker or\na health support worker; or\n(e) providing emergency care to a patient in the health care facility where the\nemergency care is necessary to be provided immediately and a fully vaccinated\nor a partially vaccinated health care worker or health support worker is not available to provide that emergency care\nOr an ad hoc volunteer	Health Worker (Restrictions on Access) Directions	Unvaccinated Employees will initially be allowed to remain away from the workplace for a period\nof two weeks without disciplinary action being commenced – the Preliminary Access Restriction\nPeriod (PARP). The PARP provides time for the Employee to make a decision regarding their\nintention to be Vaccinated and/or to receive a COVID-19 vaccine, prior to commencement of\nformal disciplinary proceedings. The PARP will be unpaid.\nFollowing the expiration of the two week PARP, the Employer may initiate disciplinary proceedings\nin accordance with the Discipline Policy and Procedures.\nAny decision to initiate disciplinary action, and subsequent disciplinary outcomes, will be considered on a case by case basis and compliant with the Discipline Policy and Procedures.\nGiven the access restrictions provided for by the Aged Care Worker Directions, termination of\nemployment is a potential outcome for instances of non-compliance.\nIt is an offence for a person to fail, without reasonable excuse, to comply with any of these\ndirections, punishable by a fine of up to $20,000 for individuals and $100,000 for bodies\ncorporate.\n	Public Health Order	WA Government Annoucement on 16/09/21\nNews articles\nRelease of guidelines\nHon Roger Cook media announcement on 02/09/21	22/02/2021 for front line workers\nAll West Australians aged 12 years and over were eligible to be vaccinated by 13/09/21	21/02/2021 for front line workers	ATAGI recommends that the COVID-19 vaccine by Pfizer is preferred over COVID-19 Vaccine AstraZeneca in adults aged under 50 years. \nCOVID-19 Vaccine AstraZeneca can be used in adults aged under 50 years – where the benefits are likely to outweigh the risks for that individual and the person has made an informed decision based on an understanding of the risks and benefits. \nPeople who have had the first dose of COVID-19 Vaccine AstraZeneca without any serious adverse effects can be given the second dose, including adults under 50 years. \n8/10/21 - booster recommended for severely immunocompromised people\n28/10/21 - Pfizer booster recommended for adults ≥ 18, 6 months past 2nd dose	more than 2,800 frontline workers receiving their first dose of the Pfizer vaccine in the first week of elegibility	0.1% (52/50000) of the WA Department of Health's employees have quit due to the mandate\n	V1 of the policy is not included as it doesn't have a vaccine requirement\nTier 1 means: an intensive care unit within a hospital; or (b) a high dependency unit within a hospital; or\n(c) a respiratory ward within a hospital; or\n(d) a ward within a high risk regional hospital that has one or more designated respiratory beds; or\n(e) an emergency department within a hospital; or\n(t) a COVID clinic; or\n(g) a COVID-19 vaccination community clinic; or\n(h) a regional COVID-19 vaccination clinic\n(i) any other facility that is specified to be a tier one health care facility by the Chief\nHealth Officer in writing or any person authorised by him for that purpose.\n	Department of Health\nPolicy Framework	WAEHCWT1V2	1237\n214\n4499\n1158\n2547
5	WA	COVID-19 Mandatory Vaccination and Vaccination Program Policy Version 2	Employment	Health support worker - Tier 1 health care facilities	2021-09-02	2021-09-16	2021-10-01	2022-11-04	4/11/22 End of Public Health Emergency which removed all Public Health Directions made under the Emergency Declaration	"13/01/2022 - policy replaced by a new version\n16/09/21 - Direction No.1 revoked by No.2. No mandate changes\nNo. 3 came into effect but directions doesn't have a revocation section, no mandate changes.\nNo.3 revoked by No.4 which removed the exemption clause: \n""performing a law enforcement function that cannot reasonably be performed other than by entering the health care facility"""	37	428	·       First dose by 1 October 2021\n·       Fully vaccinated by 1 November 2021\nevidence in the form approved by the Chief Health Officer that they have\nbeen vaccinated against COVID-19, if:\n(a) directed to do so by an emergency officer; or\n(b) required to do so by their employer or by the owner, occupier or person\napparently in charge of a health care facility.	defined under the Directions\nMedical exemption, or a Temporary exemption approved by the Chief Health Officer or their delegate, or as otherwise outlined in the Directions. Or if they are:\n(a) performing a law enforcement function that cannot reasonably be performed\nother than by entering the health care facility; or\n(b) performing a statutory duty that cannot reasonably be performed other than by entering the health care\nfacility; or\n(c) performing any function or duty or exercising any right or power under a Fair\nWork entry permit; or\n(d) responding to an emergency in a capacity other than as a health care worker or\na health support worker; or\n(e) providing emergency care to a patient in the health care facility where the\nemergency care is necessary to be provided immediately and a fully vaccinated\nor a partially vaccinated health care worker or health support worker is not available to provide that emergency care\nOr an ad hoc volunteer	Health Worker (Restrictions on Access) Directions.	Unvaccinated Employees will initially be allowed to remain away from the workplace for a period\nof two weeks without disciplinary action being commenced – the Preliminary Access Restriction\nPeriod (PARP). The PARP provides time for the Employee to make a decision regarding their\nintention to be Vaccinated and/or to receive a COVID-19 vaccine, prior to commencement of\nformal disciplinary proceedings. The PARP will be unpaid.\nFollowing the expiration of the two week PARP, the Employer may initiate disciplinary proceedings\nin accordance with the Discipline Policy and Procedures.\nAny decision to initiate disciplinary action, and subsequent disciplinary outcomes, will be considered on a case by case basis and compliant with the Discipline Policy and Procedures.\nGiven the access restrictions provided for by the Aged Care Worker Directions, termination of\nemployment is a potential outcome for instances of non-compliance.\nIt is an offence for a person to fail, without reasonable excuse, to comply with any of these\ndirections, punishable by a fine of up to $20,000 for individuals and $100,000 for bodies\ncorporate.	Public Health Order	WA Government Annoucement on 16/09/21\nNews articles\nRelease of guidelines\nHon Roger Cook media announcement on 02/09/21	22/02/2021 for front line workers\nAll West Australians aged 12 years and over were eligible to be vaccinated by 13/09/21	21/02/2021 for front line workers	ATAGI recommends that the COVID-19 vaccine by Pfizer is preferred over COVID-19 Vaccine AstraZeneca in adults aged under 50 years. \nCOVID-19 Vaccine AstraZeneca can be used in adults aged under 50 years – where the benefits are likely to outweigh the risks for that individual and the person has made an informed decision based on an understanding of the risks and benefits. \nPeople who have had the first dose of COVID-19 Vaccine AstraZeneca without any serious adverse effects can be given the second dose, including adults under 50 years. \n8/10/21 - booster recommended for severely immunocompromised people\n28/10/21 - Pfizer booster recommended for adults ≥ 18, 6 months past 2nd dose	more than 2,800 frontline workers receiving their first dose of the Pfizer vaccine in the first week of elegibility	0.1% (52/50000) of the WA Department of Health's employees have quit due to the mandate\n	V1 of the policy is not included as it doesn't have a vaccine requirement\nTier 1 means: an intensive care unit within a hospital; or (b) a high dependency unit within a hospital; or\n(c) a respiratory ward within a hospital; or\n(d) a ward within a high risk regional hospital that has one or more designated respiratory beds; or\n(e) an emergency department within a hospital; or\n(t) a COVID clinic; or\n(g) a COVID-19 vaccination community clinic; or\n(h) a regional COVID-19 vaccination clinic\n(i) any other facility that is specified to be a tier one health care facility by the Chief\nHealth Officer in writing or any person authorised by him for that purpose.\n	Department of Health\nPolicy Framework	WAEHSWT1V2	1237\n214\n4499\n1158\n2547
6	WA	Mandatory Vaccination Policy Phased Approach Group 1	Employment	At risk port workers\nExposed vessel workers, exposed vessel contact workers and exposed vessel transport workers	2021-09-21	2021-09-20	2021-10-15	2022-11-04	End of Public Health Emergency which removed all Public Health Directions made under the Emergency Declaration\nNot sure if the directions were lifted earlier	"22/09/21 - Direction No.1 replaced by No.2 which added a ""further public state of emergency made on 22/09/21"" notice. No change in mandate requirements.  No revocation section\n20/10/21 - No.2 revoked by No.3 which added the revocation section\n25/11/21 - Port Worker and Exposed Port Worker (Restrictions on Access) Directions added restrictions for unexposed port workers"	52	409	First dose by 15 October 2021\n·       Fully vaccinated by 12 November 2021\nMust provide proof of vaccination on request\n\nEach employer or person in charge of an exposed port worker must: (a) take all reasonable and lawful steps to collect and maintain a record of the vaccination statuses of workers and provide that information on request	Unexposed vessels\n(a)an exposed vessel worker who is not vaccinated against COVID-19 from\nembarking or performing work on an unexposed vessel; or\n(b) an exposed vessel contact worker who is not vaccinated against COVID-19\nfrom entering or remaining at a port location to carry out port activities, or\nundertake a service, in connection with an unexposed vessel; or\n(c) an exposed vessel transport worker who is not vaccinated against COVID-19\nfrom entering or remaining upon a dedicated conveyance in order to carry only\npersons disembarking from an unexposed vessel.\nExposed vessels\n(a) performing a law enforcement function that cannot reasonably be performed other than by embarking the exposed vessel or the dedicated conveyance; or\n(b) performing a statutory duty that cannot reasonably be performed otherwise; or\n(c) performing any function or duty or exercising any right or power under a Fair Work entry permit or a right\nof entry permit; or\n(d) responding to an emergency in a capacity other than as an ambulance officer or health care worker,	Exposed Port Worker (Restrictions on Access) Directions\nExposed On-Board Worker Directions (No. 2)	It is an offence for a person to fail, without reasonable excuse, to comply with any of these\ndirections, punishable by a fine of up to $20,000 for individuals and $100,000 for bodies\ncorporate.\n	Public Health Order		22/02/2021 for front line workers\nAll West Australians aged 12 years and over were eligible to be vaccinated by 13/09/21	21/02/2021 for front line workers	ATAGI recommends that the COVID-19 vaccine by Pfizer is preferred over COVID-19 Vaccine AstraZeneca in adults aged under 50 years. \nCOVID-19 Vaccine AstraZeneca can be used in adults aged under 50 years – where the benefits are likely to outweigh the risks for that individual and the person has made an informed decision based on an understanding of the risks and benefits. \nPeople who have had the first dose of COVID-19 Vaccine AstraZeneca without any serious adverse effects can be given the second dose, including adults under 50 years. \n8/10/21 - booster recommended for severely immunocompromised people\n28/10/21 - Pfizer booster recommended for adults ≥ 18, 6 months past 2nd dose	more than 2,800 frontline workers receiving their first dose of the Pfizer vaccine in the first week of elegibility			WA Government Annoucement	WAEPOWT100	1161
7	WA	Mandatory Vaccination Policy Phased Approach Group 1	Employment	At risk transport, freight and logistics drivers	2021-09-24		2021-10-24	2022-06-10	4/11/22 End of Public Health Emergency which removed all Public Health Directions made under the Emergency Declaration		52	259	First dose by 24/10/21\nFully vaccinated by 24/12/21\nMust wear facemask and show proof of a negative COVID-19 test result or undertake a RAT at the WA border		Transport, Freight and Logistics Directions under the Emergency Management Act 2005		Public Health Order		22/02/2021 for front line workers\nAll West Australians aged 12 years and over were eligible to be vaccinated by 13/09/21	21/02/2021 for front line workers	ATAGI recommends that the COVID-19 vaccine by Pfizer is preferred over COVID-19 Vaccine AstraZeneca in adults aged under 50 years. \nCOVID-19 Vaccine AstraZeneca can be used in adults aged under 50 years – where the benefits are likely to outweigh the risks for that individual and the person has made an informed decision based on an understanding of the risks and benefits. \nPeople who have had the first dose of COVID-19 Vaccine AstraZeneca without any serious adverse effects can be given the second dose, including adults under 50 years. \n8/10/21 - booster recommended for severely immunocompromised people\n28/10/21 - Pfizer booster recommended for adults ≥ 18, 6 months past 2nd dose	more than 2,800 frontline workers receiving their first dose of the Pfizer vaccine in the first week of elegibility			WA Government Annoucement	WAETFLT1V1	4505
8	WA	Mandatory Vaccination Policy Phased Approach	Employment	Primary health care workers in private provider facilities, including general practitioners, private nurse offices and consulting offices, pharmacies, dental centres, allied health facilities and private pathology centres.	2021-09-02	2021-10-25	2021-11-01	2022-11-04	4/11/22 End of Public Health Emergency which removed all Public Health Directions made under the Emergency Declaration			428	First dose by 1/11/21. Fully vaccinated by 1/12/21\nevidence in the form approved by the Chief Health Officer that they have\nbeen vaccinated against COVID-19, if:\n(a) directed to do so by an emergency officer; or\n(b) required to do so by their employer or by the owner, occupier or person\napparently in charge of a health care facility.	defined under the Directions\nMedical exemption, or a Temporary exemption approved by the Chief Health Officer or their delegate, or as otherwise outlined in the Directions. Or if they are:\n(a) performing a law enforcement function that cannot reasonably be performed\nother than by entering the health care facility; or\n(b) performing a statutory duty that cannot reasonably be performed other than by entering the health care\nfacility; or\n(c) performing any function or duty or exercising any right or power under a Fair\nWork entry permit; or\n(d) responding to an emergency in a capacity other than as a health care worker or\na health support worker; or\n(e) providing emergency care to a patient in the health care facility where the\nemergency care is necessary to be provided immediately and a fully vaccinated\nor a partially vaccinated health care worker or health support worker is not available to provide that emergency care\nOr an ad hoc volunteer	Primary Health Care Worker\n(Restrictions on Access) Directions	Unvaccinated Employees will initially be allowed to remain away from the workplace for a period\nof two weeks without disciplinary action being commenced – the Preliminary Access Restriction\nPeriod (PARP). The PARP provides time for the Employee to make a decision regarding their\nintention to be Vaccinated and/or to receive a COVID-19 vaccine, prior to commencement of\nformal disciplinary proceedings. The PARP will be unpaid.\nFollowing the expiration of the two week PARP, the Employer may initiate disciplinary proceedings\nin accordance with the Discipline Policy and Procedures.\nAny decision to initiate disciplinary action, and subsequent disciplinary outcomes, will be considered on a case by case basis and compliant with the Discipline Policy and Procedures.\nGiven the access restrictions provided for by the Aged Care Worker Directions, termination of\nemployment is a potential outcome for instances of non-compliance.\nIt is an offence for a person to fail, without reasonable excuse, to comply with any of these\ndirections, punishable by a fine of up to $20,000 for individuals and $100,000 for bodies\ncorporate.\n	Public Health Order	WA Government Annoucement on 09/10/21\nNews articles\nRelease of guidelines\nHon Roger Cook media announcement on 02/09/21	All West Australians aged 12 years and over were eligible to be vaccinated by 13/09/21\n8/6/21 for people aged 30-49 (pfizer), 50 and over (Astrazeneca) and fpr 16 and over Indigenous and Torres Strait Islander people\n16/8/21 for people aged 16-29\nSee the 'Aus Vaccine Availability' sheet for more information	All West Australians aged 12 years and over were able to be vaccinated by 13/09/21\n10/6/21 for people aged 30-49 (pfizer), 50 and over (Astrazeneca) and fpr 16 and over Indigenous and Torres Strait Islander people\n16/8/21 for people aged 16-29\nSee the 'Aus Vaccine Availability' sheet for more information	27/12/21 - recommends Pfizer booster for adults with a 5 month interval after 2nd dose		0.1% (52/50000) of the WA Department of Health's employees have quit due to the mandate\n		Public Health Direction	WAEHCWT2V1	214\n4499\n1159
9	WA	Mandatory Vaccination Policy Phased Approach	Employment	Tier 2 Health care workers	2021-09-02	2021-09-16	2021-11-01	2022-11-04	4/11/22 End of Public Health Emergency which removed all Public Health Directions made under the Emergency Declaration	"16/09/21 - Direction No.1 revoked by No.2. No mandate changes\nNo. 3 came into effect but directions doesn't have a revocation section, no mandate changes.\nNo.3 revoked by No.4 which removed the exemption clause: \n""performing a law enforcement function that cannot reasonably be performed other than by entering the health care facility"""		428	First dose by 1/11/21. Fully vaccinated by 1/12/21\nevidence in the form approved by the Chief Health Officer that they have\nbeen vaccinated against COVID-19, if:\n(a) directed to do so by an emergency officer; or\n(b) required to do so by their employer or by the owner, occupier or person\napparently in charge of a health care facility.	defined under the Directions\nMedical exemption, or a Temporary exemption approved by the Chief Health Officer or their delegate, or as otherwise outlined in the Directions. Or if they are:\n(a) performing a law enforcement function that cannot reasonably be performed\nother than by entering the health care facility; or\n(b) performing a statutory duty that cannot reasonably be performed other than by entering the health care\nfacility; or\n(c) performing any function or duty or exercising any right or power under a Fair\nWork entry permit; or\n(d) responding to an emergency in a capacity other than as a health care worker or\na health support worker; or\n(e) providing emergency care to a patient in the health care facility where the\nemergency care is necessary to be provided immediately and a fully vaccinated\nor a partially vaccinated health care worker or health support worker is not available to provide that emergency care\nOr an ad hoc volunteer	Health Worker (Restrictions on Access) Directions.	Unvaccinated Employees will initially be allowed to remain away from the workplace for a period\nof two weeks without disciplinary action being commenced – the Preliminary Access Restriction\nPeriod (PARP). The PARP provides time for the Employee to make a decision regarding their\nintention to be Vaccinated and/or to receive a COVID-19 vaccine, prior to commencement of\nformal disciplinary proceedings. The PARP will be unpaid.\nFollowing the expiration of the two week PARP, the Employer may initiate disciplinary proceedings\nin accordance with the Discipline Policy and Procedures.\nAny decision to initiate disciplinary action, and subsequent disciplinary outcomes, will be considered on a case by case basis and compliant with the Discipline Policy and Procedures.\nGiven the access restrictions provided for by the Aged Care Worker Directions, termination of\nemployment is a potential outcome for instances of non-compliance.\nIt is an offence for a person to fail, without reasonable excuse, to comply with any of these\ndirections, punishable by a fine of up to $20,000 for individuals and $100,000 for bodies\ncorporate.\n	Public Health Order	WA Government Annoucement\nNews articles\nRelease of guidelines\nHon Roger Cook media announcement on 02/09/21	All West Australians aged 12 years and over were eligible to be vaccinated by 13/09/21\n8/6/21 for people aged 30-49 (pfizer), 50 and over (Astrazeneca) and fpr 16 and over Indigenous and Torres Strait Islander people\n16/8/21 for people aged 16-29\nSee the 'Aus Vaccine Availability' sheet for more information	All West Australians aged 12 years and over were able to be vaccinated by 13/09/21\n10/6/21 for people aged 30-49 (pfizer), 50 and over (Astrazeneca) and fpr 16 and over Indigenous and Torres Strait Islander people\n16/8/21 for people aged 16-29\nSee the 'Aus Vaccine Availability' sheet for more information	27/12/21 - recommends Pfizer booster for adults with a 5 month interval after 2nd dose		0.1% (52/50000) of the WA Department of Health's employees have quit due to the mandate\n	Tier 2: (a) a hospital, including any ancillary facilities located on the land on which the\nhospital is located and the land itself\n(b) any other facility that is specified to be a tier three health care facility by the\nChief Health Officer in writing or any person authorised by him for that purpose.	Public Health Direction	WAEHCWT2V2	214\n4499\n1159
10	WA	WA's Safe Transition Plan 1	Public Space,Travel	travellers from medium risk jurisdictions to enter WA	2021-10-30		2021-11-05	2022-02-05	Implied as Plan 2 was announced			98	Fully vaccinated by 5/11/21\nundertake 14 days of self-quarantine at suitable premises\nwear a mask if practicable and available from when they enter WA until they arrive at suitable self-quarantine premises or government-approved quarantine facilities\npresent for a COVID-19 test within 48 hours of arrival and on day 11 of quarantine, or at any point when symptoms develop	certain senior Government officials;\ncertain active military personnel;\na member of the Commonwealth Parliament;\na person carrying out functions under a law of the Commonwealth;\na person carrying out a limited range of specialist functions; and\nanyone who is given approval by State Emergency Coordinator or an authorised officer.			Public Health Order	Announcement of WA's Safe Transition Plan\nAnnouncement on the WA Government website on the enforcement date\nAnnouncements on the WA Government website on changes in the risk level of other states always include mandate compliance requirements and exemptions\nInfographics from Services WA and wa.gov\n	All West Australians aged 12 years and over were eligible to be vaccinated by 13/09/21\n8/6/21 for people aged 30-49 (pfizer), 50 and over (Astrazeneca) and fpr 16 and over Indigenous and Torres Strait Islander people\n16/8/21 for people aged 16-29\nSee the 'Aus Vaccine Availability' sheet for more information	All West Australians aged 12 years and over were able to be vaccinated by 13/09/21\n10/6/21 for people aged 30-49 (pfizer), 50 and over (Astrazeneca) and fpr 16 and over Indigenous and Torres Strait Islander people\n16/8/21 for people aged 16-29\nSee the 'Aus Vaccine Availability' sheet for more information				developed with delta variant in mind	WA Government Annoucement	WAPISTT3V1	4537\n33
11	WA	WA's Safe Transition Plan 1	Public Space,Travel	travellers from high risk jurisdictions to enter WA	2021-10-30		2021-11-05	2022-02-05	Implied as Plan 2 was announced			98	Fully vaccinated by 5/11/21\nproof of a negative COVID-19 test in the 72 hours prior to departure;\nself-quarantine in a suitable premise for 14 days;\npresent for an initial COVID-19 test within 48 hours;\npresent for a COVID-19 test if any symptoms develop during quarantine;\npresent for a COVID-19 test on day 12 after arrival in WA (if still in WA);\nbe fully vaccinated against COVID-19, if eligible; and\na mandatory requirement to use the G2G Now app while in quarantine.	certain senior Government officials;\ncertain active military personnel;\nmembers of the Commonwealth Parliament;\na person carrying out functions under a law of the Commonwealth;\na person carrying out a limited range of specialist functions; and\na person given approval by the State Emergency Coordinator or an authorised officer.			Public Health Order	Announcement of WA's Safe Transition Plan\nAnnouncement on the WA Government website on the enforcement date\nAnnouncements on the WA Government website on changes in the risk level of other states always include mandate compliance requirements and exemptions\nInfographics from Services WA and wa.gov	All West Australians aged 12 years and over were eligible to be vaccinated by 13/09/21\n8/6/21 for people aged 30-49 (pfizer), 50 and over (Astrazeneca) and fpr 16 and over Indigenous and Torres Strait Islander people\n16/8/21 for people aged 16-29\nSee the 'Aus Vaccine Availability' sheet for more information	All West Australians aged 12 years and over were able to be vaccinated by 13/09/21\n10/6/21 for people aged 30-49 (pfizer), 50 and over (Astrazeneca) and fpr 16 and over Indigenous and Torres Strait Islander people\n16/8/21 for people aged 16-29\nSee the 'Aus Vaccine Availability' sheet for more information				developed with delta variant in mind	WA Government Annoucement	WAPISTT2V1	4537\n33
12	WA	WA's Safe Transition Plan 1	Public Space,Travel	travellers from extreme risk jurisdictions to enter WA	2021-10-30		2021-11-05	2022-11-04	Implied as Plan 2 was announced			370	Fully vaccinated by 5/11/21\n	Commonwealth and State officials, Members of Parliament, Diplomats and specialist or extraordinary circumstances determined by the State Emergency Coordinator or the Chief Health Office			Public Health Order	Announcement of WA's Safe Transition Plan\nAnnouncement on the WA Government website on the enforcement date\nAnnouncements on the WA Government website on changes in the risk level of other states always include mandate compliance requirements and exemptions\nInfographics from Services WA and wa.gov	All West Australians aged 12 years and over were eligible to be vaccinated by 13/09/21\n8/6/21 for people aged 30-49 (pfizer), 50 and over (Astrazeneca) and fpr 16 and over Indigenous and Torres Strait Islander people\n16/8/21 for people aged 16-29\nSee the 'Aus Vaccine Availability' sheet for more information	All West Australians aged 12 years and over were able to be vaccinated by 13/09/21\n10/6/21 for people aged 30-49 (pfizer), 50 and over (Astrazeneca) and fpr 16 and over Indigenous and Torres Strait Islander people\n16/8/21 for people aged 16-29\nSee the 'Aus Vaccine Availability' sheet for more information				developed with delta variant in mind	WA Government Annoucement	WAPISTT1V1	4538\n33
13	WA	WA's Safe Transition Plan 1	Public Space,Travel	International arrivals/travellers	2021-11-05		2021-11-05	2022-11-04	Implied as Plan 2 was announced			364	be double dose vaccinated (for eligible people)\nreturn a negative PCR test 72 hours before departure\nundertake a test on arrival (to be phased out, pending a review)\ncomplete 14 days quarantine in a designated facility (if high risk, e.g. unvaccinated people)				Public Health Order	Announcement of WA's Safe Transition Plan\nAnnouncement on the WA Government website on the enforcement date with information on the compliance requirements \nInfographics from Services WA and wa.gov	All West Australians aged 12 years and over were eligible to be vaccinated by 13/09/21\n8/6/21 for people aged 30-49 (pfizer), 50 and over (Astrazeneca) and fpr 16 and over Indigenous and Torres Strait Islander people\n16/8/21 for people aged 16-29\nSee the 'Aus Vaccine Availability' sheet for more information	All West Australians aged 12 years and over were able to be vaccinated by 13/09/21\n10/6/21 for people aged 30-49 (pfizer), 50 and over (Astrazeneca) and fpr 16 and over Indigenous and Torres Strait Islander people\n16/8/21 for people aged 16-29\nSee the 'Aus Vaccine Availability' sheet for more information				developed with delta variant in mind	WA Government Annoucement	WAPINT00V1	144
14	WA	WA's Safe Transition Plan 1	Public Space,Travel	travellers from low risk jurisdictions to enter WA	2021-10-30		2021-11-15	2022-11-04	Implied as Plan 2 was announced			370	Fully vaccinated by 15/11/21\ndouble dose vaccinated (for eligible people)\nreturn a negative PCR test 72 hours before departure undertake a test on arrival in WA (to be phased out, pending a review)				Public Health Order	Announcement of WA's Safe Transition Plan\nAnnouncement on the WA Government website on the enforcement date\nAnnouncements on the WA Government website on changes in the risk level of other states always include mandate compliance requirements and exemptions\nMcGowan had a press conference addressing the transition plan on 20/01/21\nInfographics from Services WA and wa.gov\nPosts by McGowan on Twitter and Facebook	All West Australians aged 12 years and over were eligible to be vaccinated by 13/09/21\n8/6/21 for people aged 30-49 (pfizer), 50 and over (Astrazeneca) and fpr 16 and over Indigenous and Torres Strait Islander people\n16/8/21 for people aged 16-29\nSee the 'Aus Vaccine Availability' sheet for more information	All West Australians aged 12 years and over were able to be vaccinated by 13/09/21\n10/6/21 for people aged 30-49 (pfizer), 50 and over (Astrazeneca) and fpr 16 and over Indigenous and Torres Strait Islander people\n16/8/21 for people aged 16-29\nSee the 'Aus Vaccine Availability' sheet for more information				developed with delta variant in mind	WA Government Annoucement	WAPISTT4V1	4537\n33
15	WA	WA's Safe Transition Plan 1	Public Space	School leavers attending events / gatherings	2021-10-07		2021-11-21	2022-11-04				393	First dose by 21/11/21				Public Health Order		All West Australians aged 12 years and over were eligible to be vaccinated by 13/09/21\n8/6/21 for people aged 30-49 (pfizer), 50 and over (Astrazeneca) and fpr 16 and over Indigenous and Torres Strait Islander people\n16/8/21 for people aged 16-29\nSee the 'Aus Vaccine Availability' sheet for more information	All West Australians aged 12 years and over were able to be vaccinated by 13/09/21\n10/6/21 for people aged 30-49 (pfizer), 50 and over (Astrazeneca) and fpr 16 and over Indigenous and Torres Strait Islander people\n16/8/21 for people aged 16-29\nSee the 'Aus Vaccine Availability' sheet for more information					WA Government Annoucement	WAPSCL0000	4508\n4509
16	WA	Mandatory Vaccination Policy Phased Approach	Employment	Low risk transport, freight and logistics drivers			2021-11-24	2022-06-10				198	First dose by 24/11/21\nFully vaccinated by 24/12/21		Transport, Freight and Logistics Directions under the Emergency Management Act 2005		Public Health Order		All West Australians aged 12 years and over were eligible to be vaccinated by 13/09/21\n8/6/21 for people aged 30-49 (pfizer), 50 and over (Astrazeneca) and fpr 16 and over Indigenous and Torres Strait Islander people\n16/8/21 for people aged 16-29\nSee the 'Aus Vaccine Availability' sheet for more information	All West Australians aged 12 years and over were able to be vaccinated by 13/09/21\n10/6/21 for people aged 30-49 (pfizer), 50 and over (Astrazeneca) and fpr 16 and over Indigenous and Torres Strait Islander people\n16/8/21 for people aged 16-29\nSee the 'Aus Vaccine Availability' sheet for more information						WAETFLT2V1	4506
17	WA	Mandatory Vaccination Policy Phased Approach Group 1	Employment	Health care worker - Tier 3 health care facilities	2021-09-02	2021-09-16	2021-12-01	2022-11-04	End of Public Health Emergency which removed all Public Health Directions made under the Emergency Declaration	"13/01/2022 - policy replaced by a new version\n16/09/21 - Direction No.1 revoked by No.2. No mandate changes\n22/09/22 - No. 3 came into effect but directions doesn't have a revocation section, no mandate changes.\n25/01/22 - No.3 revoked by No.4 which removed the exemption clause: ""performing a law enforcement function that cannot reasonably be performed other than by entering the health care facility"" and slightly altered a paragraph to ""responding to an emergency where the emergency response is required to be provided immediately and a fully vaccinated or partially vaccinated person is not available to provide the response;"""	43	428	First dose by 01/12/21. Second dose by 01/01/22\nevidence in the form approved by the Chief Health Officer that they have\nbeen vaccinated against COVID-19, if:\n(a) directed to do so by an emergency officer; or\n(b) required to do so by their employer or by the owner, occupier or person\napparently in charge of a health care facility.	defined under the Directions\nMedical exemption, or a Temporary exemption approved by the Chief Health Officer or their delegate, or as otherwise outlined in the Directions. Or if they are:\n(a) performing a law enforcement function that cannot reasonably be performed\nother than by entering the health care facility; or\n(b) performing a statutory duty that cannot reasonably be performed other than by entering the health care\nfacility; or\n(c) performing any function or duty or exercising any right or power under a Fair\nWork entry permit; or\n(d) responding to an emergency in a capacity other than as a health care worker or\na health support worker; or\n(e) providing emergency care to a patient in the health care facility where the\nemergency care is necessary to be provided immediately and a fully vaccinated\nor a partially vaccinated health care worker or health support worker is not available to provide that emergency care\nOr an ad hoc volunteer	Health Worker (Restrictions on Access) Directions	Unvaccinated Employees will initially be allowed to remain away from the workplace for a period\nof two weeks without disciplinary action being commenced – the Preliminary Access Restriction\nPeriod (PARP). The PARP provides time for the Employee to make a decision regarding their\nintention to be Vaccinated and/or to receive a COVID-19 vaccine, prior to commencement of\nformal disciplinary proceedings. The PARP will be unpaid.\nFollowing the expiration of the two week PARP, the Employer may initiate disciplinary proceedings\nin accordance with the Discipline Policy and Procedures.\nAny decision to initiate disciplinary action, and subsequent disciplinary outcomes, will be considered on a case by case basis and compliant with the Discipline Policy and Procedures.\nGiven the access restrictions provided for by the Aged Care Worker Directions, termination of\nemployment is a potential outcome for instances of non-compliance.\nIt is an offence for a person to fail, without reasonable excuse, to comply with any of these\ndirections, punishable by a fine of up to $20,000 for individuals and $100,000 for bodies\ncorporate.\n	Public Health Order	WA Government Annoucement\nNews articles\nRelease of guidelines\nHon Roger Cook media announcement on 02/09/21	All West Australians aged 12 years and over were eligible to be vaccinated by 13/09/21\n8/6/21 for people aged 30-49 (pfizer), 50 and over (Astrazeneca) and fpr 16 and over Indigenous and Torres Strait Islander people\n16/8/21 for people aged 16-29\nSee the 'Aus Vaccine Availability' sheet for more information	All West Australians aged 12 years and over were able to be vaccinated by 13/09/21\n10/6/21 for people aged 30-49 (pfizer), 50 and over (Astrazeneca) and fpr 16 and over Indigenous and Torres Strait Islander people\n16/8/21 for people aged 16-29\nSee the 'Aus Vaccine Availability' sheet for more information				Tier 3 : (a) a public health service facility, including ancillary facilities and facilities that\nprovide support services, and including any vehicle from which public health\nservices are provided, and any land on which any building comprising a public\nhealth service facility is located; or\n(b) any premises that are occupied by the Department ofHealth or a health service\nprovider;\n(c) any other facility that is specified to be a tier one health care facility by the Chief\nHealth Officer in writing or any person authorised by him for that purpose.	Public Health Direction	WAEHCWT300	214\n4499
18	WA	COVID-19 Mandatory Vaccination and Vaccination Program Policy Version 2	Employment	Health support worker - Tier 2 and 3 health care facilities	2021-09-02	2021-09-16	2021-12-01	2022-11-04	End of Public Health Emergency which removed all Public Health Directions made under the Emergency Declaration	"13/01/2022 - policy replaced by a new version\n16/09/21 - Direction No.1 revoked by No.2. No mandate changes\n22/09/22 - No. 3 came into effect but directions doesn't have a revocation section, no mandate changes.\n25/01/22 - No.3 revoked by No.4 which removed the exemption clause: ""performing a law enforcement function that cannot reasonably be performed other than by entering the health care facility"" and slightly altered a paragraph to ""responding to an emergency where the emergency response is required to be provided immediately and a fully vaccinated or partially vaccinated person is not available to provide the response;"""	38	428	·       First dose by 01/12/2021\n·       Fully vaccinated by 01/01/2022\nevidence in the form approved by the Chief Health Officer that they have\nbeen vaccinated against COVID-19, if:\n(a) directed to do so by an emergency officer; or\n(b) required to do so by their employer or by the owner, occupier or person\napparently in charge of a health care facility.	defined under the Directions\nMedical exemption, or a Temporary exemption approved by the Chief Health Officer or their delegate, or as otherwise outlined in the Directions. Or if they are:\n(a) performing a law enforcement function that cannot reasonably be performed\nother than by entering the health care facility; or\n(b) performing a statutory duty that cannot reasonably be performed other than by entering the health care\nfacility; or\n(c) performing any function or duty or exercising any right or power under a Fair\nWork entry permit; or\n(d) responding to an emergency in a capacity other than as a health care worker or\na health support worker; or\n(e) providing emergency care to a patient in the health care facility where the\nemergency care is necessary to be provided immediately and a fully vaccinated\nor a partially vaccinated health care worker or health support worker is not available to provide that emergency care\nOr an ad hoc volunteer	Health Worker (Restrictions on Access) Directions.	Unvaccinated Employees will initially be allowed to remain away from the workplace for a period\nof two weeks without disciplinary action being commenced – the Preliminary Access Restriction\nPeriod (PARP). The PARP provides time for the Employee to make a decision regarding their\nintention to be Vaccinated and/or to receive a COVID-19 vaccine, prior to commencement of\nformal disciplinary proceedings. The PARP will be unpaid.\nFollowing the expiration of the two week PARP, the Employer may initiate disciplinary proceedings\nin accordance with the Discipline Policy and Procedures.\nAny decision to initiate disciplinary action, and subsequent disciplinary outcomes, will be considered on a case by case basis and compliant with the Discipline Policy and Procedures.\nGiven the access restrictions provided for by the Aged Care Worker Directions, termination of\nemployment is a potential outcome for instances of non-compliance.\nIt is an offence for a person to fail, without reasonable excuse, to comply with any of these\ndirections, punishable by a fine of up to $20,000 for individuals and $100,000 for bodies\ncorporate.\n	Public Health Order	WA Government Annoucement\nNews articles\nRelease of guidelines\nHon Roger Cook media announcement on 02/09/21	All West Australians aged 12 years and over were eligible to be vaccinated by 13/09/21\n8/6/21 for people aged 30-49 (pfizer), 50 and over (Astrazeneca) and fpr 16 and over Indigenous and Torres Strait Islander people\n16/8/21 for people aged 16-29\nSee the 'Aus Vaccine Availability' sheet for more information	All West Australians aged 12 years and over were able to be vaccinated by 13/09/21\n10/6/21 for people aged 30-49 (pfizer), 50 and over (Astrazeneca) and fpr 16 and over Indigenous and Torres Strait Islander people\n16/8/21 for people aged 16-29\nSee the 'Aus Vaccine Availability' sheet for more information			0.1% (52/50000) of the WA Department of Health's employees have quit due to the mandate\n	Tier 2: (a) a hospital, including any ancillary facilities located on the land on which the\nhospital is located and the land itself\n(b) any other facility that is specified to be a tier three health care facility by the\nChief Health Officer in writing or any person authorised by him for that purpose.	Public Health Direction	WAEHSWT2V2	1237\n214\n4499\n1158\n2547
19	WA	Mandatory Vaccination Policy Phased Approach Group 1	Employment	Resources industry worker or a rig or platform crew member including FIFO (fly-in fly-out) and local workers on WA mining and resource sites, people who work in remote operations, or run critical infrastructure, including remote train and port control.	2021-10-05	2021-11-21	2021-12-01	2022-06-10			48	248	first dose of the COVID-19 vaccine by 12:01am 1 December 2021, and be fully vaccinated by 1 January 2022.\nMust provide evidence of vaccination	Nothing in these directions prevents an unvaccinated person from entering a site for:\n(a) performing a law enforcement function that requires site access;\n(b) fulfilling a statutory duty under Commonwealth law that requires site access;\n(c) exercising rights under a Fair Work, Work Health and Safety, or Industrial Relations Act entry permit; or\n(d) responding to an emergency when no vaccinated person is available.	Resources Industry Worker (Restrictions on Access) Directions.		Public Health Order		All West Australians aged 12 years and over were eligible to be vaccinated by 13/09/21\n8/6/21 for people aged 30-49 (pfizer), 50 and over (Astrazeneca) and fpr 16 and over Indigenous and Torres Strait Islander people\n16/8/21 for people aged 16-29\nSee the 'Aus Vaccine Availability' sheet for more information	All West Australians aged 12 years and over were able to be vaccinated by 13/09/21\n10/6/21 for people aged 30-49 (pfizer), 50 and over (Astrazeneca) and fpr 16 and over Indigenous and Torres Strait Islander people\n16/8/21 for people aged 16-29\nSee the 'Aus Vaccine Availability' sheet for more information					WA Government Annoucement	WAEFIFO000	800\n4500\n4501
20	WA	Mandatory Vaccination Policy Phased Approach Group 1	Employment	Department of Fire and Emergency Services and\nDepartment of Biodiversity Conservation and Attractions employees	2021-10-20	2021-11-12	2021-12-01	2022-06-10			48	233	First dose by 1 December 2021\nSecond dose by 1 January 2022	Prior anaphylaxis reaction to a vaccine or its components\nSignificant immunocompromisation (for live vaccines only)\nTemporary exemption granted through application process\nPerforming specific duties outlined in guidelines\nProviding welfare services at emergency sites as an ad hoc volunteer\nResponding to emergencies in non-vaccination-required capacities\nAny other declared exempt persons or classes	Fire and Emergency Services Worker\n(Restrictions on Access) Directions		Public Health Order\nDepartment of Fire and Emergency Services	Commissioner of Police issued an Employer Direction on 24/12/21	All West Australians aged 12 years and over were eligible to be vaccinated by 13/09/21\n8/6/21 for people aged 30-49 (pfizer), 50 and over (Astrazeneca) and fpr 16 and over Indigenous and Torres Strait Islander people\n16/8/21 for people aged 16-29\nSee the 'Aus Vaccine Availability' sheet for more information	All West Australians aged 12 years and over were able to be vaccinated by 13/09/21\n10/6/21 for people aged 30-49 (pfizer), 50 and over (Astrazeneca) and fpr 16 and over Indigenous and Torres Strait Islander people\n16/8/21 for people aged 16-29\nSee the 'Aus Vaccine Availability' sheet for more information					DFES media release	WAEFEST1V1	4507
21	WA	Meat Industry Worker (Restrictions on Access) Directions	Employment	Meat Industry Worker	2021-10-20	2021-11-10	2021-12-01	2022-06-10			48	233	Partially vaccinated by 1/12/21\nFully vaccinated by 1/1/22	(a) performing a law enforcement function that cannot reasonably be performed\nother than by entering the meat industry site; or\n(b) performing a statutory duty arising under a law of the Commonwealth that\ncannot reasonably be performed other than by entering the meat industry site;\nor\n(c) performing any function or duty or exercising any right or power under a Fair\nWork entry permit issued by the Fair Work Commission under the Fair Work\nAct 2009 (Cth) or a Work Health and Safety entry permit issued by the Fair\nWork Commission under the Work Health and Safety Act 2011 (Cth) or a right\nof entry permit issued by the Registrar of the Department of the Registrar,\nWestern Australian Industrial Relations Commission under the Industrial\nRelations Act 1979 (WA);\n(d) responding to an emergency where the emergency response is required to be\nprovided immediately and a fully vaccinated or partially vaccinated person is\nnot available to provide the response;	Meat Industry Worker (Restrictions on Access) Directions		Public Health Order		All West Australians aged 12 years and over were eligible to be vaccinated by 13/09/21\n8/6/21 for people aged 30-49 (pfizer), 50 and over (Astrazeneca) and fpr 16 and over Indigenous and Torres Strait Islander people\n16/8/21 for people aged 16-29\nSee the 'Aus Vaccine Availability' sheet for more information	All West Australians aged 12 years and over were able to be vaccinated by 13/09/21\n10/6/21 for people aged 30-49 (pfizer), 50 and over (Astrazeneca) and fpr 16 and over Indigenous and Torres Strait Islander people\n16/8/21 for people aged 16-29\nSee the 'Aus Vaccine Availability' sheet for more information						WAEMIW00V1	
22	WA	Air Services and Border Worker\n(Restrictions on Access) Directions.	Employment	air services worker	2021-10-20	2021-11-12	2021-12-01	2022-06-10			48	233	air services worker must not enter an airport unless they have received one dose by 1/12/21\nsecond dose by 1/1/22\nMust provide evidence of vaccination	Unvaccinated individuals may enter an airport or border crossing checkpoint to:\n(a) perform a law enforcement function;\n(b) fulfill a statutory duty under Commonwealth law;\n(c) exercise rights under a Fair Work, Work Health and Safety, or Industrial Relations Act entry permit; or\n(d) respond to an emergency when no vaccinated person is available.	Air Services and Border Worker\n(Restrictions on Access) Directions.	It is an offence for a person to fail, without reasonable excuse, to comply with any of these directions, punishable by a fine of up to $20,000 for individuals and $100,000 for bodies corporate.	Public Health Order	ABC news article									
23	WA	Air Services and Border Worker\n(Restrictions on Access) Directions.	Employment	border worker	2021-10-20	2021-11-12	2021-12-01	2022-06-10			48	233	border worker must not enter, or remain at a border crossing checkpoint unless they have received one dose by 1/12/21\nsecond dose by 1/1/22\nMust provide evidence of vaccination	Unvaccinated individuals may enter an airport or border crossing checkpoint to:\n(a) perform a law enforcement function;\n(b) fulfill a statutory duty under Commonwealth law;\n(c) exercise rights under a Fair Work, Work Health and Safety, or Industrial Relations Act entry permit; or\n(d) respond to an emergency when no vaccinated person is available.	Air Services and Border Worker\n(Restrictions on Access) Directions.	It is an offence for a person to fail, without reasonable excuse, to comply with any of these directions, punishable by a fine of up to $20,000 for individuals and $100,000 for bodies corporate.	Public Health Order	ABC news article									
24	WA	Mandatory Vaccination Policy Phased Approach Group 1	Employment,Public Space	all persons requiring entry to correctional facilities	2021-11-15		2021-12-01	2022-06-10			46	207	First dose by 1 December 2021\nSecond dose by 1 January 2022\nNeed to provide evidence\n10/06/2022 - no need to show proof of vaccination\nBooster enforced on 5/2/2022		WA Correctional Facility Entrant Directions		WA Department of Justice		All West Australians aged 12 years and over were eligible to be vaccinated by 13/09/21\n8/6/21 for people aged 30-49 (pfizer), 50 and over (Astrazeneca) and fpr 16 and over Indigenous and Torres Strait Islander people\n16/8/21 for people aged 16-29\nSee the 'Aus Vaccine Availability' sheet for more information	All West Australians aged 12 years and over were able to be vaccinated by 13/09/21\n10/6/21 for people aged 30-49 (pfizer), 50 and over (Astrazeneca) and fpr 16 and over Indigenous and Torres Strait Islander people\n16/8/21 for people aged 16-29\nSee the 'Aus Vaccine Availability' sheet for more information					WA Government Annoucement	WABCRF00V1	
25	WA	Community Care Services Worker\n(Restrictions on Access) Directions	Employment	Community care services worker		2021-11-05	2021-12-01	2022-06-10		25/11/21: revoked by Community Care Services Worker (Restrictions on Access) Directions (No 2) to include section on critical service workers	48	217	Partially vaccinated by 1/12/21\nFully vaccinated by 1/1/22	Unvaccinated individuals may enter a community care services facility or accommodation to:\n(a) perform a law enforcement function;\n(b) fulfill a statutory duty under Commonwealth law;\n(c) exercise rights under a Fair Work, Work Health and Safety, or Industrial Relations Act entry permit; or\n(d) respond to an emergency when no vaccinated person is available.	Community Care Services Worker (Restrictions on Access) Directions (No 3)	It is an offence for a person to fail, without reasonable excuse, to comply with any of these directions, punishable by a fine of up to $20,000 for individuals and $100,000 for bodies corporate.	Public Health Order		All West Australians aged 12 years and over were eligible to be vaccinated by 13/09/21\n8/6/21 for people aged 30-49 (pfizer), 50 and over (Astrazeneca) and fpr 16 and over Indigenous and Torres Strait Islander people\n16/8/21 for people aged 16-29\nSee the 'Aus Vaccine Availability' sheet for more information	All West Australians aged 12 years and over were able to be vaccinated by 13/09/21\n10/6/21 for people aged 30-49 (pfizer), 50 and over (Astrazeneca) and fpr 16 and over Indigenous and Torres Strait Islander people\n16/8/21 for people aged 16-29\nSee the 'Aus Vaccine Availability' sheet for more information						WAEOTHT100	
26	WA	Education Worker (Restrictions on\nAccess) Directions	Employment	Education workers working at education facilities	2021-11-12	2021-11-29	2022-01-01	2022-06-10			48	210	First dose by 1/1/22\nSecond dose by 31/1/22	Unvaccinated individuals may enter an education facility to:\n(a) fulfill a statutory duty under Commonwealth law;\n(b) exercise rights under a Fair Work, Work Health and Safety, or Industrial Relations Act entry permit; or\n(c) respond to an emergency when no vaccinated person is available.	Education Worker (Restrictions on\nAccess) Directions	It is an offence for a person to fail, without reasonable excuse, to comply with any of these directions, punishable by a fine of up to $20,000 for individuals and $100,000 for bodies corporate.	Public Health Order	ABC news article				A Department of Education survey has found 1.4 per cent of school-based staff either intend to apply for a vaccine exemption on medical grounds, or do not want to get the jab. ABC News				WAEEDUT100	
27	WA	Mandatory Vaccination Policy Phased Approach Group 1	Employment	Fire and emergency service workers including WA Police	2021-10-20	2021-11-12	2022-01-01	2022-06-10			48	233	First dose by 1/1/2022\nSecond dose by 1/2/2022	Prior anaphylaxis reaction to a vaccine or its components\nSignificant immunocompromisation (for live vaccines only)\nTemporary exemption granted through application process\nPerforming specific duties outlined in guidelines\nProviding welfare services at emergency sites as an ad hoc volunteer\nResponding to emergencies in non-vaccination-required capacities\nAny other declared exempt persons or classes	Fire and Emergency Services Worker\n(Restrictions on Access) Directions		Public Health Order\nDepartment of Fire and Emergency Services	Commissioner of Police issued an Employer Direction on 24/12/21\nNews article on 20/10/21	All West Australians aged 12 years and over were eligible to be vaccinated by 13/09/21\n8/6/21 for people aged 30-49 (pfizer), 50 and over (Astrazeneca) and fpr 16 and over Indigenous and Torres Strait Islander people\n16/8/21 for people aged 16-29\nSee the 'Aus Vaccine Availability' sheet for more information	All West Australians aged 12 years and over were able to be vaccinated by 13/09/21\n10/6/21 for people aged 30-49 (pfizer), 50 and over (Astrazeneca) and fpr 16 and over Indigenous and Torres Strait Islander people\n16/8/21 for people aged 16-29\nSee the 'Aus Vaccine Availability' sheet for more information					DFES media release	WAEFEST2V1	4507
28	WA	Remote Aboriginal Community Worker\n(Restrictions on Access) Directions	Employment	remote Aboriginal community workers		2021-12-08	2022-01-01	2022-06-10			48	184	First dose by 1/1/22\nFully vaccinated by 1/2/22	Unvaccinated remote Aboriginal community workers may enter or remain in a remote Aboriginal community for:\n(a) performing a law enforcement function;\n(b) family or cultural purposes, for as long as necessary;\n(c) transiting through, without contact with residents and taking the most direct route;\n(d) residing in the community without leaving;\n(e) fulfilling a statutory duty under Commonwealth law;\n(f) exercising rights under a Fair Work, Work Health and Safety, or Industrial Relations Act entry permit;\n(g) responding to an emergency when no vaccinated person is available; or\n(h) any circumstance approved in writing by the Chief Health Officer.	Remote Aboriginal Community Worker\n(Restrictions on Access) Directions		Public Health Order		All West Australians aged 12 years and over were eligible to be vaccinated by 13/09/21\n8/6/21 for people aged 30-49 (pfizer), 50 and over (Astrazeneca) and fpr 16 and over Indigenous and Torres Strait Islander people\n16/8/21 for people aged 16-29\nSee the 'Aus Vaccine Availability' sheet for more information	All West Australians aged 12 years and over were able to be vaccinated by 13/09/21\n10/6/21 for people aged 30-49 (pfizer), 50 and over (Astrazeneca) and fpr 16 and over Indigenous and Torres Strait Islander people\n16/8/21 for people aged 16-29\nSee the 'Aus Vaccine Availability' sheet for more information						WAERCW0000	4506
29	WA	Mandatory Vaccination Policy Phased Approach	Employment	Building and construction workers		2021-11-29	2022-01-01	2022-06-10			48	193	First dose by 01/01/22\nSecond dose by 01/02/22\nBuilding and construction workers (and any other occupation covered by a set of directions) who were eligible to receive their booster dose on or before 4 January 2022 had to receive their booster dose by 5 February 2022.	• Medical exemption\n• temporary exemption\n• performing a specific duty (includes statutory duty, performing any function or duty or exercising any right or power under a Fair Work entry permit or a Work Health and Safety entry permit)\n• responding to an emergency in a capacity other than a person who is subject to vaccination requirements under a direction.\n• Any other person or class of persons declared to be an exempt person.	Building and Construction Industry Worker (Restrictions on Access) Directions	It is an offence for a person to fail, without reasonable excuse, to comply with any of these\ndirections, punishable by a fine of up to $20,000 for individuals and $100,000 for bodies corporate.	Public Health Order		All West Australians aged 12 years and over were eligible to be vaccinated by 13/09/21\n8/6/21 for people aged 30-49 (pfizer), 50 and over (Astrazeneca) and fpr 16 and over Indigenous and Torres Strait Islander people\n16/8/21 for people aged 16-29\nSee the 'Aus Vaccine Availability' sheet for more information	All West Australians aged 12 years and over were able to be vaccinated by 13/09/21\n10/6/21 for people aged 30-49 (pfizer), 50 and over (Astrazeneca) and fpr 16 and over Indigenous and Torres Strait Islander people\n16/8/21 for people aged 16-29\nSee the 'Aus Vaccine Availability' sheet for more information	ATAGI recommends that a person receive their\nbooster vaccination being:\n(a) from the 24 December 2021 until 3 January 2022, a date which is 5 months from\nthe date the person became fully vaccinated;\n(b) from 4 January 2022 until 30 January 2022, a date which is 4 months from the\ndate the person became fully vaccinated;\n( c) from 31 January 2022, a date which is 3 months from the date the person became\nfully vaccinated				WA Government Annoucement	WAEBCW0000	4536
30	WA	Community Care Services Worker (Restrictions on Access) Directions	Employment	Community Care Critical Services\nWorker		2021-11-25	2022-01-01	2022-06-10			48	197	Partially vaccinated by 1/1/22\nFully vaccinated by 1/2/22	Unvaccinated individuals may enter a community care services facility or accommodation to:\n(a) perform a law enforcement function;\n(b) fulfill a statutory duty under Commonwealth law;\n(c) exercise rights under a Fair Work, Work Health and Safety, or Industrial Relations Act entry permit; or\n(d) respond to an emergency when no vaccinated person is available.	Community Care Services Worker (Restrictions on Access) Directions (No 3)	It is an offence for a person to fail, without reasonable excuse, to comply with any of these directions, punishable by a fine of up to $20,000 for individuals and $100,000 for bodies corporate.	Public Health Order		All West Australians aged 12 years and over were eligible to be vaccinated by 13/09/21\n8/6/21 for people aged 30-49 (pfizer), 50 and over (Astrazeneca) and fpr 16 and over Indigenous and Torres Strait Islander people\n16/8/21 for people aged 16-29\nSee the 'Aus Vaccine Availability' sheet for more information	All West Australians aged 12 years and over were able to be vaccinated by 13/09/21\n10/6/21 for people aged 30-49 (pfizer), 50 and over (Astrazeneca) and fpr 16 and over Indigenous and Torres Strait Islander people\n16/8/21 for people aged 16-29\nSee the 'Aus Vaccine Availability' sheet for more information						WAEOTHT200	
31	WA	Public and Commercial Transport Workers (Restrictions on Access) Directions.	Employment	Public and Commercial Transport\nWorkers		2021-12-03	2022-01-01	2022-06-10			48	189	First dose by 1/1/22\nSecond dose by 1/2/22	Unvaccinated individuals may drive or board commercial or public transport to:\n(a) perform a law enforcement function (excluding security officers or authorized persons on public transport);\n(b) fulfill a statutory duty under Commonwealth law;\n(c) exercise rights under a Fair Work, Work Health and Safety, or Industrial Relations Act entry permit; or\n(d) respond to an emergency when no vaccinated person is available.	Public and Commercial Transport\nWorkers (Restrictions on Access) Directions.	It is an offence for a person to fail, without reasonable excuse, to comply with any of these directions, punishable by a fine of up to $20,000 for individuals and $100,000 for bodies corporate.	Public Health Order									WAEOTHT300	
32	WA	Critical Businesses Worker (Restrictions on Access) Directions	Employment	Critical business workers	2021-10-20	2021-12-06	2022-01-01	2022-06-10			48	233	First dose by 1/1/22\nSecond dose by 1/2/22\nBooster dose by 5/2/22 or a month after second dose	Unvaccinated individuals may enter a critical business site to:\n(a) perform a law enforcement function;\n(b) fulfill a statutory duty under Commonwealth law;\n(c) exercise rights under a Fair Work, Work Health and Safety, or Industrial Relations Act entry permit; or\n(d) respond to an emergency when no vaccinated person is available	Critical Businesses Worker (Restrictions\non Access) Directions	It is an offence for a person to fail, without reasonable excuse, to comply with any of these directions, punishable by a fine of up to $20,000 for individuals and $100,000 for bodies corporate.	Public Health Order							"What counts as a “critical business site”, i.e. where ""critical business workers"" work:\n\n1) Critical accommodation premises \n- Hotels, motels or other accommodation facilities (to the extent they provide accommodation).\n\n- Caravan parks and camping grounds (excluding residential parks). \n\n2) Critical hospitality premises \n\n- Restaurants, cafés, pubs, bars or clubs (not nightclubs), including food courts, shopping-centre outlets and food trucks/vehicles; dine-in, takeaway or delivery.\n\n- Truckstops/roadhouses.\n\n- Distilleries, breweries and wineries only to the extent they provide food for on-site consumption, takeaway or delivery. \n\n3) Critical retail, service or distribution premises \n\n- Supermarket, grocery store, butcher, fruit & veg store, fishmonger.\n\n- Retail bakery; bulk food shop; health-food shop.\n\n- Permanent indoor/outdoor markets to the extent they sell groceries/meat/fruit/veg/fish/fresh or prepared food.\n\n- Bank/credit union/building society shopfront.\n\n- Retail hardware store.\n\n- Food distribution centres (excluding manufacturers).\n\n- Petrol stations (including those that sell groceries/food).\n\n- Veterinary clinics/hospitals.\n\n- Funeral, burial, cremation premises (including funeral parlours, crematoria). \n\n4) Plus: any other premises or class of premises specified in writing by the Chief Health Officer under the Directions."		WAEOTHT400	https://www.wa.gov.au/government/announcements/mandatory-covid-19-vaccination-policy-wa-workforces
33	WA	Critical Government Regulator (Restrictions on Access) Directions	Employment	Critical government regulator		2021-12-15	2022-01-01	2022-06-10			48	177	First dose by 1/1/22\nSecond dose by 1/2/22	Unvaccinated individuals may enter a critical government regulator site to:\n(a) perform a law enforcement function;\n(b) fulfill a statutory duty under Commonwealth law;\n(c) exercise rights under a Fair Work or Work Health and Safety entry permit; or\n(d) respond to an emergency when no vaccinated person is available.	Critical Government Regulator\n(Restrictions on Access) Directions	It is an offence for a person to fail, without reasonable excuse, to comply with any of these directions, punishable by a fine of up to $20,000 for individuals and $100,000 for bodies corporate.	Public Health Order									WAEOTHT500	
34	WA	Ministerial Staff Member (Restrictions on\nAccess) Directions	Employment	Ministerial staff member entering a Ministerial site		2021-12-17	2022-01-01	2022-06-10			48	175	First dose by 1/1/22\nSecond dose by 1/2/22	Unvaccinated individuals may enter a Ministerial site to:\n(a) perform a law enforcement function;\n(b) fulfill a statutory duty under Commonwealth law;\n(c) exercise rights under a Fair Work, Work Health and Safety, or Industrial Relations Act entry permit;\n(d) respond to an emergency when no vaccinated person is available; or\n(e) under any written approval from the Chief Health Officer, subject to conditions.	Ministerial Staff Member (Restrictions on\nAccess) Directions	It is an offence for a person to fail, without reasonable excuse, to comply with any of these directions, punishable by a fine of up to $20,000 for individuals and $100,000 for bodies corporate.										WAEOTHT600	
35	WA	Critical Infrastructure Worker (Restrictions on Access) Directions	Employment	Critical infrastructure workers		2021-12-17	2022-01-01	2022-06-10			48	175	First dose by 1/1/22\nSecond dose by 1/2/22	Unvaccinated individuals may enter to:\n(a) perform a law enforcement function;\n(b) fulfill a statutory duty under Commonwealth law;\n(c) exercise rights under a Fair Work, Work Health and Safety, or Industrial Relations Act entry permit;\n(d) respond to an emergency when no vaccinated person is available; or\n(e) under any written approval from the Chief Health Officer, subject to conditions.	Critical Infrastructure Worker\n(Restrictions on Access) Directions	It is an offence for a person to fail, without reasonable excuse, to comply with any of these directions, punishable by a fine of up to $20,000 for individuals and $100,000 for bodies corporate.										WAEOTHT700	
36	WA	Port Worker and Exposed Port Worker (Restrictions on Access) Directions	Employment	Port workers		2021-11-25	2022-01-01	2022-11-04	End of Public Health Emergency which removed all Public Health Directions made under the Emergency Declaration\nNot sure if the directions were lifted earlier		48	344	From 01/01/22, port workers much have one dose to embark or perform work on an unexposed vessel; or enter or remain at a port to carry out port activities or port operations\nor port services or remain upon a vehicle in order to carry only persons disembarking from\nan unexposed vessel\n\nMust have second dose by 01/02/22	Nothing in these directions prevents an unvaccinated person from boarding an exposed or unexposed vessel, dedicated conveyance, or entering a port for the purpose of:\n(a) performing a law enforcement function that requires boarding the vessel or entering the port;\n(b) fulfilling a statutory duty under Commonwealth law that requires boarding the vessel or entering the port;\n(c) exercising rights under a Fair Work or Work Health and Safety entry permit, or a permit under the Industrial Relations Act 1979 (WA); or\n(d) responding to an emergency when no vaccinated or partially vaccinated person is available.	Port Worker and Exposed Port Worker (Restrictions on Access) Directions.	It is an offence for a person to fail, without reasonable excuse, to comply with any of these\ndirections, punishable by a fine of up to $20,000 for individuals and $100,000 for bodies\ncorporate.\n	Public Health Order									WAEPOWT200	5284
37	WA	(BOOSTER) COVID-19 Mandatory Vaccination and Vaccination Program Policy Version 3	Employment	Healthcare and health support workers in hospitals and primary health care settings;		2022-01-13	2022-01-13	2022-11-04	4/11/22 End of Public Health Emergency which removed all Public Health Directions made under the Emergency Declaration			295	BOOSTER\nMust provide evidence of vaccination\nV3 - mandates Booster vaccination	defined under the Directions\nMedical exemption, or a Temporary exemption approved by the Chief Health Officer or their delegate, or as otherwise outlined in the Directions.	PRIMARY HEALTH CARE WORKER (RESTRICTIONS ON ACCESS) DIRECTIONS		Public Health Order	WA Government Annoucement\nNews articles\nRelease of guidelines	All West Australians aged 12 years and over were eligible to be vaccinated by 13/09/21\n8/6/21 for people aged 30-49 (pfizer), 50 and over (Astrazeneca) and fpr 16 and over Indigenous and Torres Strait Islander people\n16/8/21 for people aged 16-29\nSee the 'Aus Vaccine Availability' sheet for more information	All West Australians aged 12 years and over were able to be vaccinated by 13/09/21\n10/6/21 for people aged 30-49 (pfizer), 50 and over (Astrazeneca) and fpr 16 and over Indigenous and Torres Strait Islander people\n16/8/21 for people aged 16-29\nSee the 'Aus Vaccine Availability' sheet for more information	ATAGI recommends that a person receive their\nbooster vaccination being:\n(a) from the 24 December 2021 until 3 January 2022, a date which is 5 months from\nthe date the person became fully vaccinated;\n(b) from 4 January 2022 until 30 January 2022, a date which is 4 months from the\ndate the person became fully vaccinated;\n( c) from 31 January 2022, a date which is 3 months from the date the person became\nfully vaccinated				Department of Health\nPolicy Framework	WAEHCWT0V3	1237
38	WA	(BOOSTER) COVID-19 Mandatory Vaccination and Vaccination Program Policy Version 3	Employment	Healthcare and health support \nworkers in residential aged care; and\nWorkers in residential disability settings.		2022-01-13	2022-01-13	2022-11-04	4/11/22 End of Public Health Emergency which removed all Public Health Directions made under the Emergency Declaration			295	BOOSTER\nMust provide evidence of vaccination\nV3 - mandates Booster vaccination	defined under the Directions\nMedical exemption, or a Temporary exemption approved by the Chief Health Officer or their delegate, or as otherwise outlined in the Directions.	RESIDENTIAL AGED CARE FACILITY WORKER ACCESS DIRECTIONS		Public Health Order	WA Government Annoucement\nNews articles	All West Australians aged 12 years and over were eligible to be vaccinated by 13/09/21\n8/6/21 for people aged 30-49 (pfizer), 50 and over (Astrazeneca) and fpr 16 and over Indigenous and Torres Strait Islander people\n16/8/21 for people aged 16-29\nSee the 'Aus Vaccine Availability' sheet for more information	All West Australians aged 12 years and over were able to be vaccinated by 13/09/21\n10/6/21 for people aged 30-49 (pfizer), 50 and over (Astrazeneca) and fpr 16 and over Indigenous and Torres Strait Islander people\n16/8/21 for people aged 16-29\nSee the 'Aus Vaccine Availability' sheet for more information	ATAGI recommends that a person receive their\nbooster vaccination being:\n(a) from the 24 December 2021 until 3 January 2022, a date which is 5 months from\nthe date the person became fully vaccinated;\n(b) from 4 January 2022 until 30 January 2022, a date which is 4 months from the\ndate the person became fully vaccinated;\n( c) from 31 January 2022, a date which is 3 months from the date the person became\nfully vaccinated				Department of Health\nPolicy Framework	WAERAC00V3	1237
39	WA	WA's Safe Transition Plan 1	Employment	Employees working at venues and events state-wide:\nAll hospitality venues, food and licensed venues including restaurants, dine-in fast food, cafés, bars, pubs, clubs, taverns, licensed commercial boats:\nexcluding food and non-alcoholic beverage takeaway; food courts; roadhouses, and petrol stations\nNight clubs\nBottle shops (including drive through bottle shops)\nIndoor entertainment venues (including play centres, gaming and gambling, theatres, concert halls, cinemas, live music venues, including Perth Convention Centre) and the following specified cultural venues:\nArt Gallery of WA\nGoldfields Arts Centre\nPerth Institute of Contemporary Arts\nWA Museum Boola Bardip\nWA Maritime Museum\nShipwrecks Museum (Fremantle)\nMuseum of the Great Southern\nMuseum of the Goldfields\nMuseum of Geraldton\nGwoonwardu Mia (Carnarvon)\nCrown Perth Complex\nMajor stadiums\nMusic festivals and indoor large events with more than 500 people, unless exempt.\nGyms, fitness studios and centres\nZoos and amusement parks\nVisitors to residential aged care and hospitals	2021-10-20		2022-01-31	2022-11-04	Implied as Plan 2 was announced			380	First dose by 31/1/22\nSecond dose by 28/2/22	Community sport and school-based events, unless at one of the specific venues listed			Public Health Order	State government statement on 19/10/21\nInfographics from Services WA and wa.gov\nPosts by McGowan on Twitter and Facebook	All West Australians aged 12 years and over were eligible to be vaccinated by 13/09/21\n8/6/21 for people aged 30-49 (pfizer), 50 and over (Astrazeneca) and fpr 16 and over Indigenous and Torres Strait Islander people\n16/8/21 for people aged 16-29\nSee the 'Aus Vaccine Availability' sheet for more information	All West Australians aged 12 years and over were able to be vaccinated by 13/09/21\n10/6/21 for people aged 30-49 (pfizer), 50 and over (Astrazeneca) and fpr 16 and over Indigenous and Torres Strait Islander people\n16/8/21 for people aged 16-29\nSee the 'Aus Vaccine Availability' sheet for more information				boarder was set to open on 5/2/22 but was extended due to omicron	WA Government Annoucement	WAEVAE00V1	
40	WA	WA's Safe Transition Plan 1	Public Space	people people aged 16 years and over going to venues and events state-wide	2022-01-13		2022-01-31	2022-11-04	Implied as Plan 2 was announced			295	proof of vaccination required for:\nAll hospitality venues, food and licensed venues including restaurants, dine-in fast food, cafés, bars, pubs, clubs, taverns, licensed commercial boats:\nexcluding food and non-alcoholic beverage takeaway; food courts; roadhouses, and petrol stations\nNight clubs\nBottle shops (including drive through bottle shops)\nIndoor entertainment venues (including play centres, gaming and gambling, theatres, concert halls, cinemas, live music venues, including Perth Convention Centre) and the following specified cultural venues:\nArt Gallery of WA\nGoldfields Arts Centre\nPerth Institute of Contemporary Arts\nWA Museum Boola Bardip\nWA Maritime Museum\nShipwrecks Museum (Fremantle)\nMuseum of the Great Southern\nMuseum of the Goldfields\nMuseum of Geraldton\nGwoonwardu Mia (Carnarvon)\nCrown Perth Complex\nMajor stadiums\nMusic festivals and indoor large events with more than 500 people, unless exempt.\nGyms, fitness studios and centres\nZoos and amusement parks\nVisitors to residential aged care and hospitals	Community sport and school-based events, unless at one of the specific venues listed			Public Health Order		All West Australians aged 12 years and over were eligible to be vaccinated by 13/09/21\n8/6/21 for people aged 30-49 (pfizer), 50 and over (Astrazeneca) and fpr 16 and over Indigenous and Torres Strait Islander people\n16/8/21 for people aged 16-29\nSee the 'Aus Vaccine Availability' sheet for more information	All West Australians aged 12 years and over were able to be vaccinated by 13/09/21\n10/6/21 for people aged 30-49 (pfizer), 50 and over (Astrazeneca) and fpr 16 and over Indigenous and Torres Strait Islander people\n16/8/21 for people aged 16-29\nSee the 'Aus Vaccine Availability' sheet for more information				developed with delta variant in mind	WA Government Annoucement	WAPVAET0V1	
41	WA	WA's Safe Transition Plan 2	Public Space	people 16 years and older	2021-12-13		2022-02-05	2022-04-29	annouced by wa.gov announcement			137	Proof of vaccination for people 16 years and older will be required at:\nvenues or events with 1,000 or more patrons;\nnightclubs;\nthe Crown complex; and\nthe four major stadia (Optus Stadium, RAC Arena, HBF Stadium and HBF Park)				Public Health Order	McGowan had a press conference addressing the updated transition plan on 20/01/21\nInfographics from Services WA and wa.gov\nPosts by McGowan on Twitter and Facebook	All West Australians aged 12 years and over were eligible to be vaccinated by 13/09/21\n8/6/21 for people aged 30-49 (pfizer), 50 and over (Astrazeneca) and fpr 16 and over Indigenous and Torres Strait Islander people\n16/8/21 for people aged 16-29\nSee the 'Aus Vaccine Availability' sheet for more information	All West Australians aged 12 years and over were able to be vaccinated by 13/09/21\n10/6/21 for people aged 30-49 (pfizer), 50 and over (Astrazeneca) and fpr 16 and over Indigenous and Torres Strait Islander people\n16/8/21 for people aged 16-29\nSee the 'Aus Vaccine Availability' sheet for more information					WA Government Annoucement	WAPVAET1V2	784
42	WA	WA's Safe Transition Plan 2	Public Space	areas that haven't reached an 80% vaccination rate by 5/2/22	2021-12-13		2022-02-05	2022-04-29	annouced by wa.gov announcement			137	proof of vaccination will be required at pubs, bars, dine-in cafés and restaurants, bottle shops, indoor entertainment venues, gyms and fitness centres;\nmasks will be required at all indoor public venues without a proof of vaccination entry requirement (such as supermarkets, roadhouses and take away services);\nonly double dose vaccinated travellers will be permitted into the region by air.				Public Health Order	McGowan had a press conference addressing the updated transition plan on 20/01/21\nInfographics from Services WA and wa.gov\nPosts by McGowan on Twitter and Facebook	All West Australians aged 12 years and over were eligible to be vaccinated by 13/09/21\n8/6/21 for people aged 30-49 (pfizer), 50 and over (Astrazeneca) and fpr 16 and over Indigenous and Torres Strait Islander people\n16/8/21 for people aged 16-29\nSee the 'Aus Vaccine Availability' sheet for more information	All West Australians aged 12 years and over were able to be vaccinated by 13/09/21\n10/6/21 for people aged 30-49 (pfizer), 50 and over (Astrazeneca) and fpr 16 and over Indigenous and Torres Strait Islander people\n16/8/21 for people aged 16-29\nSee the 'Aus Vaccine Availability' sheet for more information					WA Government Annoucement	WAPVAET2V2	784
43	WA	(Booster) 2022-2-5	Employment	Western Australia workers who come under an existing vaccine mandate:\nhotel quarantine staff, healthcare and health support workers, mission critical police staff , port workers, freight and logistics workers, resources workers and primary and community health workers.	2021-12-22		2022-02-05	2022-06-10				170	BOOSTER Required to have a third dose within one month of eligibility	(a) performing a law enforcement function that cannot reasonably be performed\nother than by entering the site; or\n(b) performing a statutory duty arising under a law of the Commonwealth that\ncannot reasonably be performed other than by entering the site; or\n(c) performing any function or duty or exercising any right or power under a Fair\nWork entry permit issued by the Fair Work Commission under the Fair Work\nAct 2009 (Cth) or a Work Health and Safety entry permit issued by the Fair\nWork Commission under the Work Health and Safety Act 2011 (Cth) or a right\nof entry permit issued by the Registrar of the Department of the Registrar,\nWestem Australian Industrial Relations Commission under the Industrial\nRelations Act 1979 (WA); or\n(d) responding to an emergency where the emergency response is required to be\nprovided immediately and there is no available alternative to the response being\nprovided by the vaccination directed person.			Public Health Order		All West Australians aged 12 years and over were eligible to be vaccinated by 13/09/21\n8/6/21 for people aged 30-49 (pfizer), 50 and over (Astrazeneca) and fpr 16 and over Indigenous and Torres Strait Islander people\n16/8/21 for people aged 16-29\nSee the 'Aus Vaccine Availability' sheet for more information	All West Australians aged 12 years and over were able to be vaccinated by 13/09/21\n10/6/21 for people aged 30-49 (pfizer), 50 and over (Astrazeneca) and fpr 16 and over Indigenous and Torres Strait Islander people\n16/8/21 for people aged 16-29\nSee the 'Aus Vaccine Availability' sheet for more information					WA Government Annoucement	WAEALLT200	4502\n806
44	WA	WA's Safe Transition Plan 2	Public Space,Travel	Interstate arrivals/travellers	2022-01-20		2022-02-05	2022-11-04	Implied as Plan 3 was announced			288	Hard border\nTravellers must have an approved G2G Pass, under the new exemption criteria;\nBe triple dose vaccinated, if eligible (or double dose vaccinated if not eligible for a third dose);\nProvide proof of a negative Rapid Antigen Test (RAT) within 24 hours before departure;\nUndertake 14 days of self-quarantine at a suitable premises, with the same requirements for household members at the self-quarantine premises; \nPCR testing within 48 hours of arrival and on day 12 of self-quarantine, and household members will also be required to do a PCR test on the traveller’s day 12;\nSubject to mandatory use of the G2G Now app and in-person checks by WA Police as required.\nAdditional requirements are in place for domestic road travel to keep WA safe:\nApproved domestic travellers to limit travel to 1,500km from road borders, to enable people to travel by road to suitable premises for quarantine in Perth from Eucla;\nEntry at the Kununurra border only permitted for transport, freight and logistics and border community residents;\nRestricted travel into remote Aboriginal communities.	Returning Western Australians, with strong recent connections;\nPersons with direct legitimate family connections with WA;\nCompassionate grounds including funeral, palliative care or terminally ill visitation;\nMember of the family of an approved traveller;\nPeople entering for urgent and essential medical treatment;\nReasons of national and state security;\nCommonwealth and State officials, Members of Parliament, Diplomats;\nProvision of specialist skills not available in WA, health services, emergency service workers;\nPeople required to attend court matters, judicial officers and staff of court, tribunals and commissions; and\nSpecial considerations and extraordinary circumstances determined by the State Emergency Coordinator or Chief Health Officer.			Public Health Order	McGowan had a press conference addressing the transition plan on 20/01/21\nInfographics from Services WA and wa.gov\nPosts by McGowan on Twitter and Facebook	All West Australians aged 12 years and over were eligible to be vaccinated by 13/09/21\n8/6/21 for people aged 30-49 (pfizer), 50 and over (Astrazeneca) and fpr 16 and over Indigenous and Torres Strait Islander people\n16/8/21 for people aged 16-29\nSee the 'Aus Vaccine Availability' sheet for more information	All West Australians aged 12 years and over were able to be vaccinated by 13/09/21\n10/6/21 for people aged 30-49 (pfizer), 50 and over (Astrazeneca) and fpr 16 and over Indigenous and Torres Strait Islander people\n16/8/21 for people aged 16-29\nSee the 'Aus Vaccine Availability' sheet for more information				Hard border from 5/2/22 to 3/3/22 (extended due to omicron)	WA Government Annoucement	WAPISTT0V2	784
45	WA	WA's Safe Transition Plan 2	Public Space,Travel	International arrivals/travellers	2022-01-20		2022-02-05	2022-03-03	Implied as Plan 3 was announced			42	Hard border\nNo vaccine requirement\nMeet the Commonwealth requirements to enter Australia under the arrivals cap;\nTravellers must have an approved G2G Pass;\nUndertake 14 days of mandatory quarantine including, seven days in hotel quarantine and seven days of self-quarantine at suitable premises, if eligible;\nPCR testing on days one, six, nine and 12, and household members will also be required to do a PCR test on the traveller’s day 12;\nSubject to mandatory use of G2G Now and in-person checks by WA Police as required;\nInternational travel indirectly into WA via another state or territory will be subject to the same entry and quarantine requirements as domestic travellers.	Returning Western Australians, with strong recent connections;\nPersons with direct legitimate family connections with WA;\nCompassionate grounds including funeral, palliative care or terminally ill visitation;\nMember of the family of an approved traveller;\nPeople entering for urgent and essential medical treatment;\nReasons of national and state security;\nCommonwealth and State officials, Members of Parliament, Diplomats;\nProvision of specialist skills not available in WA, health services, emergency service workers;\nPeople required to attend court matters, judicial officers and staff of court, tribunals and commissions; and\nSpecial considerations and extraordinary circumstances determined by the State Emergency Coordinator or Chief Health Officer.			Public Health Order	McGowan had a press conference addressing the updated transition plan on 20/01/21\nInfographics from Services WA and wa.gov\nPosts by McGowan on Twitter and Facebook	All West Australians aged 12 years and over were eligible to be vaccinated by 13/09/21\n8/6/21 for people aged 30-49 (pfizer), 50 and over (Astrazeneca) and fpr 16 and over Indigenous and Torres Strait Islander people\n16/8/21 for people aged 16-29\nSee the 'Aus Vaccine Availability' sheet for more information	All West Australians aged 12 years and over were able to be vaccinated by 13/09/21\n10/6/21 for people aged 30-49 (pfizer), 50 and over (Astrazeneca) and fpr 16 and over Indigenous and Torres Strait Islander people\n16/8/21 for people aged 16-29\nSee the 'Aus Vaccine Availability' sheet for more information				Hard border from 5/2/22 to 3/3/22 (extended due to omicron)	WA Government Annoucement	WAPINT00V2	784
46	WA	(Booster) 2022-2-5	Employment,Public Space	all persons aged 18 and above requiring entry to correctional facilities	2022-02-01		2022-02-05	2022-06-10				129	BOOSTER\nNeed proof of booster vaccination, if eligible\n	Medical, temporary exemption, adetainee a prisoner, under the age of 12 years, any other person or class of persons who the Chief Health Officer, or a person\nauthorised by the CHO declares in\nwriting to be an exempt person or someone entering any part of the correctional facility for the purpose of performing a law enforcement duty that can't be done elsewhere, completing a legal obligation mandated by federal law, having a valid permit to enter the facility for work-related purposes (federal or state), responding to an emergency where a vaccinated person isn't available.	WA Correctional Facility Entrant Directions		WA Department of Justice		All West Australians aged 12 years and over were eligible to be vaccinated by 13/09/21\n8/6/21 for people aged 30-49 (pfizer), 50 and over (Astrazeneca) and fpr 16 and over Indigenous and Torres Strait Islander people\n16/8/21 for people aged 16-29\nSee the 'Aus Vaccine Availability' sheet for more information	All West Australians aged 12 years and over were able to be vaccinated by 13/09/21\n10/6/21 for people aged 30-49 (pfizer), 50 and over (Astrazeneca) and fpr 16 and over Indigenous and Torres Strait Islander people\n16/8/21 for people aged 16-29\nSee the 'Aus Vaccine Availability' sheet for more information	ATAGI recommends that a person receive their\nbooster vaccination being:\n(a) from the 24 December 2021 until 3 January 2022, a date which is 5 months from\nthe date the person became fully vaccinated;\n(b) from 4 January 2022 until 30 January 2022, a date which is 4 months from the\ndate the person became fully vaccinated;\n( c) from 31 January 2022, a date which is 3 months from the date the person became\nfully vaccinated				WA Government Annoucement	WABCRF00V2	
47	WA	Court and Tribunal Worker (Restrictions on Access) Directions	Employment	Court and Tribunal Workers		2022-01-31	2022-02-05	2022-06-10				130	First dose by 5/2/22\nSecond dose by 5/3/22	Unvaccinated individuals may enter to:\n(a) perform a law enforcement function;\n(b) fulfill a statutory duty under Commonwealth law;\n(c) exercise rights under a Fair Work, Work Health and Safety, or Industrial Relations Act entry permit;\n(d) respond to an emergency when no vaccinated person is available; or\n(e) under any written approval from the Chief Health Officer, subject to conditions.	Court and Tribunal Worker (Restrictions\non Access) Directions	It is an offence for a person to fail, without reasonable excuse, to comply with any of these directions, punishable by a fine of up to $20,000 for individuals and $100,000 for bodies corporate.											
48	WA	(Booster) Vaccination (Restrictions on Access) Directions	Employment	Air Services and Border Worker\nBuilding and Construction Industry Worker\nCommunity Care Services Worker\nCritical Businesses Worker\nCritical Government Regulator\nCritical Infrastructure Worker\nEducation Worker\nFire and Emergency Services Worker\nHealth Worker\nMeat Industry Worker\nMinisterial Staff Member\nPort Worker and Exposed Port Worker\nPrimary Health Care Worker\nPublic and Commercial Transport Workers\nRemote Aboriginal Community Worker\nResidential Aged Care Facility Worker\nResources Industry Worker\nWA Correctional Facility Entrant\nWA Police Force Worker\nWA Police Mission Critical Areas Worker			2022-02-05	2022-06-10				125	BOOSTER\nthe person is to be administered the booster vaccination within one calendar month of the date the person first became eligible, or by 5 February 2022, whichever is the latter.\nMust provide evidence of vaccination	Unvaccinated individuals may enter to:\n(a) perform a law enforcement function;\n(b) fulfill a statutory duty under Commonwealth law;\n(c) exercise rights under a Fair Work, Work Health and Safety, or Industrial Relations Act entry permit;\n(d) respond to an emergency when no vaccinated person is available; or\n(e) under any written approval from the Chief Health Officer, subject to conditions.	Booster Vaccination (Restrictions on\nAccess) Directions						ATAGI recommends that a person receive their\nbooster vaccination being:\n(a) from the 24 December 2021 until 3 January 2022, a date which is 5 months from\nthe date the person became fully vaccinated;\n(b) from 4 January 2022 until 30 January 2022, a date which is 4 months from the\ndate the person became fully vaccinated;\n( c) from 31 January 2022, a date which is 3 months from the date the person became\nfully vaccinated						
49	WA	Parliamentary Employee (Restrictions on Access) Directions	Employment	Parlimentary employees		2022-01-31	2022-02-21	2022-06-10				130	First dose by 21/2/22\nSecond dose by 21/3/22	Unvaccinated individuals may enter to:\n(a) perform a law enforcement function;\n(b) fulfill a statutory duty under Commonwealth law;\n(c) exercise rights under a Fair Work, Work Health and Safety, or Industrial Relations Act entry permit;\n(d) respond to an emergency when no vaccinated person is available; or\n(e) under any written approval from the Chief Health Officer, subject to conditions.	Parliamentary Employee (Restrictions on\nAccess) Directions	It is an offence for a person to fail, without reasonable excuse, to comply with any of these directions, punishable by a fine of up to $20,000 for individuals and $100,000 for bodies corporate.											
50	WA	WA's Safe Transition Plan 3	Public Space,Travel	Interstate arrivals/travellers	2022-02-18		2022-03-03	2022-04-29	annouced by wa.gov announcement			70	Have a registered G2G Pass\nBe triple dose vaccinated, if eligible\nUndertake a Rapid Antigen Test upon arrival within 12 hours and report any positive result.				Public Health Order	wa.gov announcements before and on the date of enforcement	All West Australians aged 12 years and over were eligible to be vaccinated by 13/09/21\n8/6/21 for people aged 30-49 (pfizer), 50 and over (Astrazeneca) and fpr 16 and over Indigenous and Torres Strait Islander people\n16/8/21 for people aged 16-29\nSee the 'Aus Vaccine Availability' sheet for more information	All West Australians aged 12 years and over were able to be vaccinated by 13/09/21\n10/6/21 for people aged 30-49 (pfizer), 50 and over (Astrazeneca) and fpr 16 and over Indigenous and Torres Strait Islander people\n16/8/21 for people aged 16-29\nSee the 'Aus Vaccine Availability' sheet for more information					WA Government Annoucement	WAPISTT0V3	1044
51	WA	WA's Safe Transition Plan 3	Public Space,Travel	International arrivals/travellers	2022-02-18		2022-03-03	2022-07-06				138	Meet Commonwealth Government requirements (external link) to enter Australia\nBe fully vaccinated under the Commonwealth Government requirements, if eligible\nHave a registered G2G Pass\nUndertake a Rapid Antigen Test upon arrival within 12 hours and report any positive result\nUnvaccinated returning Australians will be required to complete hotel quarantine until 1/6/22			From 1/6/22 - Returning unvaccinated Australians and permanent residents will no longer be quarantined for seven days on return to WA.\nUnvaccinated non-Australians are not permitted to enter Australia under Commonwealth orders.	Public Health Order	wa.gov announcements before and on the date of enforcement	All West Australians aged 12 years and over were eligible to be vaccinated by 13/09/21\n8/6/21 for people aged 30-49 (pfizer), 50 and over (Astrazeneca) and fpr 16 and over Indigenous and Torres Strait Islander people\n16/8/21 for people aged 16-29\nSee the 'Aus Vaccine Availability' sheet for more information	All West Australians aged 12 years and over were able to be vaccinated by 13/09/21\n10/6/21 for people aged 30-49 (pfizer), 50 and over (Astrazeneca) and fpr 16 and over Indigenous and Torres Strait Islander people\n16/8/21 for people aged 16-29\nSee the 'Aus Vaccine Availability' sheet for more information					WA Government Annoucement	WAPINT00V3	4535\n1044
52	WA	(Booster) for Mandatory Vaccination Policy Phased Approach Group 1	Employment	Transport, freight and logistics			2022-03-09	2022-06-10				93	proof of booster vaccination	Same as COVID Transition (Border Requirements) Directions	TRANSPORT, FREIGHT AND LOGISTICS DIRECTIONS (NO 14)		Public Health Order		All West Australians aged 12 years and over were eligible to be vaccinated by 13/09/21\n8/6/21 for people aged 30-49 (pfizer), 50 and over (Astrazeneca) and fpr 16 and over Indigenous and Torres Strait Islander people\n16/8/21 for people aged 16-29\nSee the 'Aus Vaccine Availability' sheet for more information	All West Australians aged 12 years and over were able to be vaccinated by 13/09/21\n10/6/21 for people aged 30-49 (pfizer), 50 and over (Astrazeneca) and fpr 16 and over Indigenous and Torres Strait Islander people\n16/8/21 for people aged 16-29\nSee the 'Aus Vaccine Availability' sheet for more information	ATAGI recommends that a person receive their\nbooster vaccination being:\n(a) from the 24 December 2021 until 3 January 2022, a date which is 5 months from\nthe date the person became fully vaccinated;\n(b) from 4 January 2022 until 30 January 2022, a date which is 4 months from the\ndate the person became fully vaccinated;\n( c) from 31 January 2022, a date which is 3 months from the date the person became\nfully vaccinated				WA Government Annoucement	WAETFLT0V2	4540
53	WA	NEED UPDATE!!!	Public Space	Parents and carers can visit boarding schools and other residential facilities	2022-03-29		2022-04-26	2022-06-10				73	proof of vaccination (if required), mask wearing and physical distancing from Term 2 2022				Public Health Order		All West Australians aged 12 years and over were eligible to be vaccinated by 13/09/21\n8/6/21 for people aged 30-49 (pfizer), 50 and over (Astrazeneca) and fpr 16 and over Indigenous and Torres Strait Islander people\n16/8/21 for people aged 16-29\nSee the 'Aus Vaccine Availability' sheet for more information	All West Australians aged 12 years and over were able to be vaccinated by 13/09/21\n10/6/21 for people aged 30-49 (pfizer), 50 and over (Astrazeneca) and fpr 16 and over Indigenous and Torres Strait Islander people\n16/8/21 for people aged 16-29\nSee the 'Aus Vaccine Availability' sheet for more information					WA Government Annoucement	WAPRSF00V1	4539
54	WA	NEED UPDATE!!!	Public Space	travel restrictions to remote Aboriginal communities			2022-06-10	2022-06-15	Announcement			5					Public Health Order		All West Australians aged 12 years and over were eligible to be vaccinated by 13/09/21\n8/6/21 for people aged 30-49 (pfizer), 50 and over (Astrazeneca) and fpr 16 and over Indigenous and Torres Strait Islander people\n16/8/21 for people aged 16-29\nSee the 'Aus Vaccine Availability' sheet for more information	All West Australians aged 12 years and over were able to be vaccinated by 13/09/21\n10/6/21 for people aged 30-49 (pfizer), 50 and over (Astrazeneca) and fpr 16 and over Indigenous and Torres Strait Islander people\n16/8/21 for people aged 16-29\nSee the 'Aus Vaccine Availability' sheet for more information					WA Government Annoucement	WAPRCT0000	800
55	NSW	Public Health (COVID-19 Additional Restrictions for Delta Outbreak) Order 2021	Public Space	Construction sites		2021-08-10	2021-08-11	2021-10-11	Repealed by the Public Health (COVID-19 General) Order 2021	27/09/21: the rule limiting construction sites to 50 per cent capacity if they have any unvaccinated workers was removed. However, workers from the 12 Sydney local government areas (LGAs) of concern will still only be allowed to leave their area for work if they are vaccinated.		62	a person whose place of residence is in a declared area must not enter or remain on a construction site in Greater Sydney unless the resident—\n(a) has had 2 doses of a COVID-19 vaccine, or\n(b) has had 1 dose of a COVID-19 vaccine at least 21 days ago, or\n(c) has had 1 dose of a COVID-19 vaccine within the preceding 21 days and has been tested for COVID-19 within the preceding 72 hours, or\n(d) has a certified medical contraindication and has been tested for COVID-19 within the preceding 72 hours.\nA person must carry the required evidence, and produce the required evidence for inspection if requested.	has a certified medical contraindication\nThe mandate does not apply to a person who enters or remains on a construction site because of an emergency, a police officer or an authorised officer.	Public Health (COVID-19 Additional Restrictions for Delta Outbreak) Amendment (No 23) Order 2021	Section 10 of the Public Health Act 2010 creates an offence if an individual fails to comply with a direction with a maximum penalty of imprisonment for 6 months or a fine of up to $11,000 (or both) plus a further $5,500 fine each day the offence continues. Corporations that fail to comply with a direction are liable to a fine of $55,000 and $27,500 each day the offence continues. The Public Health Regulation 2012 also enables authorised officers to issue penalty notices for offences against clause 6 by individuals for an amount of $4,000 and $1,000 in other cases.	Minister for Health and Medical Research	NSW Government Gazette: the official notification of the making of statutory instruments							Public Health Order	NSWEBCW0000	
56	NSW	Public Health (COVID-19 Additional Restrictions for Delta Outbreak) Order (No.2) 2021	Employment	Working from home\n(Bayside, Blacktown, Burwood, Campbelltown, Canterbury-Bankstown, Cumberland, Fairfield, Georges River, Liverpool, Parramatta, Strathfield and the following suburbs in Penrith: Caddens, Claremont Meadows, Colyton, Erskine Park, Kemps Creek, Kingswood, Mount Vernon, North St Marys, Orchard Hills, Oxley Park, St Clair and St Marys or travel more than 50km outside of the Greater Sydney area)	2021-08-31	2021-08-21	2021-09-06	2021-10-11	Repealed by the Public Health (COVID-19 General) Order 2021	05/09/21 added that an authorised worker is taken to comply if the authorised worker has an appointment to receive a COVID-19 vaccine on or before 19 September 2021.\nAmendments mainly include additions and removals of the stay at home areas.\nTitled Public Health (COVID-19 Additional Restrictions for Delta Outbreak) Order (31/07/21-11/10/21)\n03/10/21 Public Health (COVID-19 General) Order 2021 repealed previous order and added date for the second dose		41	"an authorised worker who is at least 16 years of age must not leave the area of concern for work unless the worker—\n(a) has had at least 1 dose of a COVID-19 vaccine by 06/09/21, \n\nThey must (a) carry the required evidence, and\n(b) produce the required evidence for inspection if requested\n05/09/21 added: an authorised worker is taken to comply if the authorised worker has an appointment to receive a COVID-19 vaccine on or before 19 September 2021\n\nSecond dose by 18/10/21\nadded on 03/10/21 ""Employer must allow an employee who is fully vaccinated to work at home if it is reasonably praticable to do so and; \nallow employees who reside outside Greater Sydney and has had only 1 dose of a COVID-19 vaccine to work at home (repealed 01/11/21)\nA non fully vaccinated person must work from home unless it is not reasonably practicable"""	has been issued with a medical contraindication certificate.\nSee Order for full exemption areas under Schedule 2\nAdded on 11/10/21: for not fully vaccinated people, the compliance requirements don't apply if the person resides outside Greater Sydney, and the person has had only 1 dose of a COVID-19 vaccine. (repealed 01/11/21)\na person entering the premises in response to an emergency\n(b) a person entering premises in a vehicle if the person does not exit the vehicle while on the premises\n(c) a person entering the premises if the person is under 18 years of age and it is not possible to register the person’s details under clause 5.3 of this Order\n(d) a person exercising law enforcement, intelligence or national security functions on behalf of a government agency of New South Wales or the Commonwealth\n(e) a person entering any health or medical facility, other than a pharmacy, as a patient	Public Health (COVID-19 Additional Restrictions for Delta Outbreak) Order (No.2) 2021\nPublic Health (COVID-19 Additional Restrictions for Delta Outbreak) Order (No 2) Amendment (No 6) Order 2021\nPublic Health (COVID-19 General) Order	Section 10 of the Public Health Act 2010 creates an offence if an individual fails to comply with a direction with a maximum penalty of imprisonment for 6 months or a fine of up to $11,000 (or both) plus a further $5,500 fine each day the offence continues. Corporations that fail to comply with a direction are liable to a fine of $55,000 and $27,500 each day the offence continues. The Public Health Regulation 2012 also enables authorised officers to issue penalty notices for offences against clause 6 by individuals for an amount of $4,000 and $1,000 in other cases.		NSW Government Gazette: the official notification of the making of statutory instruments						Presumably WFH is an opt out only for some - how was this considered / managed?	Public Health Order	NSWEALL0000	
57	NSW	Public Health (COVID-19 Additional Restrictions for Delta Outbreak) Order (No.2) 2021	Employment	early education and care and disability support	2021-08-27	2021-08-21	2021-09-06	2021-10-11	Repealed by the Public Health (COVID-19 General) Order 2021	05/09/21 added that an authorised worker is taken to comply if the authorised worker has an appointment to receive a COVID-19 vaccine on or before 19 September 2021.\nAmendments mainly include additions and removals of the stay at home areas.		45	A relevant care worker who is at least 16 years of age must not enter or remain in the worker’s place of work unless the worker has had at least 1 dose of a COVID-19 vaccine\nThe relevant care worker must, when entering the worker’s place of work carry the required evidence, and\nproduce the required evidence for inspection if requested\n05/09/21 added: an authorised worker is taken to comply if the authorised worker has an appointment to receive a COVID-19 vaccine on or before 19 September 2021	has been issued with a medical contraindication certificate.\nSee Order for full exemption areas under Schedule 2	Public Health (COVID-19 Additional Restrictions for Delta Outbreak) Order (No.2) 2021\nPublic Health (COVID-19 Additional Restrictions for Delta Outbreak) Order (No 2) Amendment (No 6) Order 2021	Section 10 of the Public Health Act 2010 creates an offence if an individual fails to comply with a direction with a maximum penalty of imprisonment for 6 months or a fine of up to $11,000 (or both) plus a further $5,500 fine each day the offence continues. Corporations that fail to comply with a direction are liable to a fine of $55,000 and $27,500 each day the offence continues. The Public Health Regulation 2012 also enables authorised officers to issue penalty notices for offences against clause 6 by individuals for an amount of $4,000 and $1,000 in other cases.										NSWEEDU00V1	
58	NSW	Public Health (COVID-19 Additional Restrictions for Delta Outbreak) Order	Public Space	Outdoor recreation during delta outbreak	2021-09-09	2021-09-10	2021-09-11	2021-12-15	Clause not included in the next version of the order (Public Health (COVID-19 General) Order (No 2) 2021)	Amendments mainly include additions and removals of the stay at home areas.		97	A person may leave the person’s place of residence for outdoor recreation no further than 5 kilometres from the place of residence if the person—\n(a) is a fully vaccinated person or is under 16 years of age, and\n(b) undertakes the outdoor recreation only with persons who, if at least 16 years of age, are fully vaccinated persons.\nand they must provide evidence of vaccination as well as evidence showing the person’s name and place of residence		Public Health (COVID-19 Additional Restrictions for Delta Outbreak) Order (No 2) Amendment (No 7) Order 2021	Section 10 of the Public Health Act 2010 creates an offence if an individual fails to comply with a direction with a maximum penalty of imprisonment for 6 months or a fine of up to $11,000 (or both) plus a further $5,500 fine each day the offence continues. Corporations that fail to comply with a direction are liable to a fine of $55,000 and $27,500 each day the offence continues. The Public Health Regulation 2012 also enables authorised officers to issue penalty notices for offences against clause 6 by individuals for an amount of $4,000 and $1,000 in other cases.		NSW Government Gazette: the official notification of the making of statutory instruments								NSWPORGT100	
59	NSW	Public Health (COVID-19 Additional Restrictions for Delta Outbreak) Order (No.2) 2021	Public Space	maximum outdoor public gatherings	2021-09-09	2021-09-10	2021-09-13	2021-12-15	Clause not included in the next version of the order (Public Health (COVID-19 General) Order (No 2) 2021)	Formerly titled Public Health (COVID-19 Gathering Restrictions) Order (16/03/20-29/08/21), then titled Public Health (COVID-19 Temporary Movement and Gathering Restrictions) Order (26/06/21-11/10/21), then titled Public Health (COVID-19 Additional Restrictions for Delta Outbreak) Order (31/07/21-11/10/21)\n15/12/21 - General Order 1 2021 (12 amendments) ended\n11/03/22 - general order 2 2021 (9 amendments) ended\n08/06/22 - general order 1 2022 (1 amendment) repealed by order no. 2 2022 which removes vaccination requirements for large indoor music festivals. No more vaccination mandates after this order		97	A person must not participate in an outdoor public gathering in a stay at home area of more than—\n(a) if all persons participating in the gathering who are at least 16 years of age are fully vaccinated (2 doses) —5 persons, not including persons who are 12 years of age and under, or\n(b) otherwise—2 persons.	This clause does not apply to the following—\n(a) a person who is carrying out work,\n(b) a gathering to carry out work,\n(c) a gathering referred to in Schedule 3 or a gathering at the following that is part of its normal operation—\n(i) an office building, (ii) a factory,\n(iii) a warehouse,\n(iv) a construction site,\n(d) a gathering on premises for which the occupier of the premises is directed to develop a COVID-19 Safety Plan,\n(e) a gathering because of an emergency,\n(f) a gathering of persons from the same household,\n(g) a gathering for a significant event,\n(h) a person who is voting at, or participating in the conduct of, an election.	Public Health (COVID-19 Additional Restrictions for Delta Outbreak) Order (No 2) Amendment (No 7) Order 2021\nPublic Health (COVID-19 General) Order\nPublic Health (COVID-19 General) Amendment Order (No 8) 2021	Section 10 of the Public Health Act 2010 creates an offence if an individual fails to comply with a direction with a maximum penalty of imprisonment for 6 months or a fine of up to $11,000 (or both) plus a further $5,500 fine each day the offence continues. Corporations that fail to comply with a direction are liable to a fine of $55,000 and $27,500 each day the offence continues. The Public Health Regulation 2012 also enables authorised officers to issue penalty notices for offences against clause 6 by individuals for an amount of $4,000 and $1,000 in other cases.		NSW Government Gazette: the official notification of the making of statutory instruments							Public Health Order	NSWPORGT200	
60	NSW	Public Health (COVID-19 General) Order NSW Roadmap to Freedom	Public Space	visitors of places of residence	2021-09-09	2021-10-03	2021-10-11	2021-12-15	Clause not included in the next version of the order (Public Health (COVID-19 General) Order (No 2) 2021)	Formerly titled Public Health (COVID-19 Gathering Restrictions) Order (16/03/20-29/08/21), then titled Public Health (COVID-19 Temporary Movement and Gathering Restrictions) Order (26/06/21-11/10/21), then titled Public Health (COVID-19 Additional Restrictions for Delta Outbreak) Order (31/07/21-11/10/21)\n15/12/21 - General Order 1 2021 (12 amendments) ended\n11/03/22 - general order 2 2021 (9 amendments) ended\n08/06/22 - general order 1 2022 (1 amendment) repealed by order no. 2 2022 which removes vaccination requirements for large indoor music festivals. No more vaccination mandates after this order		97	If residents of a household in the general area are vaccinated, they must not allow visitors who are unvaccinated adults (b) more than 10 visitors to be at the place of residence at any 1 time.\n\nIf residents of a household in the general area are unvaccinated, they must not allow visitors.\n\nVistors must not be at a place of residence if they are unvaccinated or the household has unvaccinated adults or another visitor at the place is an unvaccinated adult	Nominated social bubble for 18 years or under\nUp to 3 persons may form a nominated social bubble if each member of the bubble— is 18 years of age or under, and\nlives in the same local government area or within 5 kilometres of each other member of the bubble, and lives in a household where each person who is at least 18 years of age is a fully vaccinated person, and is not a member of another nominated social bubble.\na person entering the premises in response to an emergency\n(b) a person entering premises in a vehicle if the person does not exit the vehicle while on the premises\n(c) a person entering the premises if the person is under 18 years of age and it is not possible to register the person’s details under clause 5.3 of this Order\n(d) a person exercising law enforcement, intelligence or national security functions on behalf of a government agency of New South Wales or the Commonwealth\n(e) a person entering any health or medical facility, other than a pharmacy, as a patient	Public Health (COVID-19 General) Order	Section 10 of the Public Health Act 2010 creates an offence if an individual fails to comply with a direction with a maximum penalty of imprisonment for 6 months or a fine of up to $11,000 (or both) plus a further $5,500 fine each day the offence continues. Corporations that fail to comply with a direction are liable to a fine of $55,000 and $27,500 each day the offence continues. The Public Health Regulation 2012 also enables authorised officers to issue penalty notices for offences against clause 6 by individuals for an amount of $4,000 and $1,000 in other cases.	Minister for Health and Medical Research	NSW Government Gazette: the official notification of the making of statutory instruments						general area: area of the State excluding all stay at home areas.	Public Health Order	NSWPPORT100	
61	NSW	Public Health (COVID-19 General) Order NSW Roadmap to Freedom	Public Space	holiday homes or short-term rentals	2021-09-09	2021-10-03	2021-10-11	2021-12-15	Clause not included in the next version of the order (Public Health (COVID-19 General) Order (No 2) 2021)	Formerly titled Public Health (COVID-19 Gathering Restrictions) Order (16/03/20-29/08/21), then titled Public Health (COVID-19 Temporary Movement and Gathering Restrictions) Order (26/06/21-11/10/21), then titled Public Health (COVID-19 Additional Restrictions for Delta Outbreak) Order (31/07/21-11/10/21)\n15/12/21 - General Order 1 2021 (12 amendments) ended\n11/03/22 - general order 2 2021 (9 amendments) ended\n08/06/22 - general order 1 2022 (1 amendment) repealed by order no. 2 2022 which removes vaccination requirements for large indoor music festivals. No more vaccination mandates after this order		97	The occupier of premises in the general area must not allow the premises to be used for the purpose of a holiday home or a short-term rental by persons unless there are no more than 10 people staying at the premises and none of them are unvaccinated adults if the people are not from the same household.\nNo vaccination requirements if the people staying are from the same household	a person entering the premises in response to an emergency\n(b) a person entering premises in a vehicle if the person does not exit the vehicle while on the premises\n(c) a person entering the premises if the person is under 18 years of age and it is not possible to register the person’s details under clause 5.3 of this Order\n(d) a person exercising law enforcement, intelligence or national security functions on behalf of a government agency of New South Wales or the Commonwealth\n(e) a person entering any health or medical facility, other than a pharmacy, as a patient	Public Health (COVID-19 General) Order	Section 10 of the Public Health Act 2010 creates an offence if an individual fails to comply with a direction with a maximum penalty of imprisonment for 6 months or a fine of up to $11,000 (or both) plus a further $5,500 fine each day the offence continues. Corporations that fail to comply with a direction are liable to a fine of $55,000 and $27,500 each day the offence continues. The Public Health Regulation 2012 also enables authorised officers to issue penalty notices for offences against clause 6 by individuals for an amount of $4,000 and $1,000 in other cases.	Minister for Health and Medical Research	NSW Government Gazette: the official notification of the making of statutory instruments						general area: area of the State excluding all stay at home areas.	Public Health Order	NSWPPORT200	
62	NSW	Public Health (COVID-19 General) Order NSW Roadmap to Freedom	Public Space	certain outdoor events	2021-09-30	2021-10-03	2021-10-11	2021-12-15	Clause not included in the next version of the order (Public Health (COVID-19 General) Order (No 2) 2021)	Formerly titled Public Health (COVID-19 Gathering Restrictions) Order (16/03/20-29/08/21), then titled Public Health (COVID-19 Temporary Movement and Gathering Restrictions) Order (26/06/21-11/10/21), then titled Public Health (COVID-19 Additional Restrictions for Delta Outbreak) Order (31/07/21-11/10/21)\n15/12/21 - General Order 1 2021 (12 amendments) ended\n11/03/22 - general order 2 2021 (9 amendments) ended\n08/06/22 - general order 1 2022 (1 amendment) repealed by order no. 2 2022 which removes vaccination requirements for large indoor music festivals. No more vaccination mandates after this order		76	The maximum number of persons permitted at the following outdoor events in the general area are—\n(a) for a controlled outdoor public gathering—500 persons,\n(b) for a COVID-19 safe outdoor public gathering—50 persons,\n(c) for any other outdoor public gathering—30 persons.\nNote: Numbers changed as time progresses depending on the COVID severity at the time.	a person entering the premises in response to an emergency\n(b) a person entering premises in a vehicle if the person does not exit the vehicle while on the premises\n(c) a person entering the premises if the person is under 18 years of age and it is not possible to register the person’s details under clause 5.3 of this Order\n(d) a person exercising law enforcement, intelligence or national security functions on behalf of a government agency of New South Wales or the Commonwealth\n(e) a person entering any health or medical facility, other than a pharmacy, as a patient	Public Health (COVID-19 General) Order	Section 10 of the Public Health Act 2010 creates an offence if an individual fails to comply with a direction with a maximum penalty of imprisonment for 6 months or a fine of up to $11,000 (or both) plus a further $5,500 fine each day the offence continues. Corporations that fail to comply with a direction are liable to a fine of $55,000 and $27,500 each day the offence continues. The Public Health Regulation 2012 also enables authorised officers to issue penalty notices for offences against clause 6 by individuals for an amount of $4,000 and $1,000 in other cases.	Minister for Health and Medical Research	NSW Government Gazette: the official notification of the making of statutory instruments						general area: area of the State excluding all stay at home areas.	Public Health Order	NSWPORGT300	
63	NSW	Public Health (COVID-19 General) Order NSW Roadmap to Freedom	Public Space	vehicles and vessels		2021-10-03	2021-10-11	2021-12-15	Clause not included in the next version of the order (Public Health (COVID-19 General) Order (No 2) 2021)	Formerly titled Public Health (COVID-19 Gathering Restrictions) Order (16/03/20-29/08/21), then titled Public Health (COVID-19 Temporary Movement and Gathering Restrictions) Order (26/06/21-11/10/21), then titled Public Health (COVID-19 Additional Restrictions for Delta Outbreak) Order (31/07/21-11/10/21)\n15/12/21 - General Order 1 2021 (12 amendments) ended\n11/03/22 - general order 2 2021 (9 amendments) ended\n08/06/22 - general order 1 2022 (1 amendment) repealed by order no. 2 2022 which removes vaccination requirements for large indoor music festivals. No more vaccination mandates after this order		73	A person who is an unvaccinated adult must not be in a vehicle or vessel in the general area with another person other than a member of the person’s household.	a person entering the premises in response to an emergency\n(b) a person entering premises in a vehicle if the person does not exit the vehicle while on the premises\n(c) a person entering the premises if the person is under 18 years of age and it is not possible to register the person’s details under clause 5.3 of this Order\n(d) a person exercising law enforcement, intelligence or national security functions on behalf of a government agency of New South Wales or the Commonwealth\n(e) a person entering any health or medical facility, other than a pharmacy, as a patient	Public Health (COVID-19 General) Order	Section 10 of the Public Health Act 2010 creates an offence if an individual fails to comply with a direction with a maximum penalty of imprisonment for 6 months or a fine of up to $11,000 (or both) plus a further $5,500 fine each day the offence continues. Corporations that fail to comply with a direction are liable to a fine of $55,000 and $27,500 each day the offence continues. The Public Health Regulation 2012 also enables authorised officers to issue penalty notices for offences against clause 6 by individuals for an amount of $4,000 and $1,000 in other cases.	Minister for Health and Medical Research	NSW Government Gazette: the official notification of the making of statutory instruments						general area: area of the State excluding all stay at home areas.	Public Health Order	NSWPORGT500	
64	NSW	Public Health (COVID-19 General) Order NSW Roadmap to Freedom	Public Space	unvaccinated adults	2021-10-06	2021-10-03	2021-10-11	2021-12-15	Clause not included in the next version of the order (Public Health (COVID-19 General) Order (No 2) 2021)	Formerly titled Public Health (COVID-19 Gathering Restrictions) Order (16/03/20-29/08/21), then titled Public Health (COVID-19 Temporary Movement and Gathering Restrictions) Order (26/06/21-11/10/21), then titled Public Health (COVID-19 Additional Restrictions for Delta Outbreak) Order (31/07/21-11/10/21)\n15/12/21 - General Order 1 2021 (12 amendments) ended\n11/03/22 - general order 2 2021 (9 amendments) ended\n08/06/22 - general order 1 2022 (1 amendment) repealed by order no. 2 2022 which removes vaccination requirements for large indoor music festivals. No more vaccination mandates after this order		70	must not enter the following:\n(a) higher risk premises,\n(b) business premises that are hairdressers, spas, nail salons, beauty salons, waxing salons, tanning salons, tattoo parlours or massage parlours,\n(c) recreation facilities (indoors),\n(d) public swimming pools,\n(e) information and education facilities,\n(f) retail premises, but not critical retail premises,\n(g) business premises that are auction houses,\n(h) business premises that are betting agencies,\n(i) gaming lounges,\n(j) markets that do not predominantly sell food,\n(k) properties operated by—\n(i) the National Trust, or\n(ii) the Historic Houses Trust.\nOr perform (sing or dance indoors) at a choir at a place of worship or in a religious service\n02/11/21 - added (c1) amusement centres, and (c2) business premises that are play centres\n(l) nightclubs, (m) sex on premises venues, (n) sex services premises, (o) strip clubs.\nThe occupier of higher risk premises in the general area must ensure that a person who is under 16 years of age and who is not a fully vaccinated person is not on the premises unless the person is—\n(a) on the premises to carry out work, or\n(b) accompanied by a person who is—\n(i) a member of the person’s household, and (ii) a fully vaccinated person.\n	does not apply to a person who is on the premises for the following purposes—\n(a) because of a service to assist vulnerable members of the public, for example a food bank or a service providing for the needs of homeless persons,\n(b) to purchase food or beverages to be consumed off the premises,\n(c) to attend a small funeral or memorial service or small wedding service,\n(d) to use a click and collect service. Or if\n(a) the premises are outside Greater Sydney, and\n(b) the person resides outside Greater Sydney, and\n(c) the person has had only 1 dose of a COVID-19 vaccine, and\n(d) the person is on the premises for the purposes of work.\nOr a person entering the premises in response to an emergency\n(b) a person entering premises in a vehicle if the person does not exit the vehicle while on the premises\n(c) a person entering the premises if the person is under 18 years of age and it is not possible to register the person’s details under clause 5.3 of this Order\n(d) a person exercising law enforcement, intelligence or national security functions on behalf of a government agency of New South Wales or the Commonwealth\n(e) a person entering any health or medical facility, other than a pharmacy, as a patient	Public Health (COVID-19 General) Order	Section 10 of the Public Health Act 2010 creates an offence if an individual fails to comply with a direction with a maximum penalty of imprisonment for 6 months or a fine of up to $11,000 (or both) plus a further $5,500 fine each day the offence continues. Corporations that fail to comply with a direction are liable to a fine of $55,000 and $27,500 each day the offence continues. The Public Health Regulation 2012 also enables authorised officers to issue penalty notices for offences against clause 6 by individuals for an amount of $4,000 and $1,000 in other cases.	Minister for Health and Medical Research	NSW Government Gazette: the official notification of the making of statutory instruments						general area: area of the State excluding all stay at home areas.\nhigher risk premises means the following—\n(a) entertainment facilities,\n(b) recreation facilities (major),\n(c) hospitality venues,\n(d) places of public worship,\npremises at which a significant event is being held, other than a small funeral or memorial service or small wedding service.	Public Health Order	NSWPVAET100	
65	NSW	Public Health (COVID-19 General) Order NSW Roadmap to Freedom	Public Space,Travel	taking holidays or undertaking recreation		2021-10-03	2021-10-11	2021-12-15	Clause not included in the next version of the order (Public Health (COVID-19 General) Order (No 2) 2021)	Formerly titled Public Health (COVID-19 Gathering Restrictions) Order (16/03/20-29/08/21), then titled Public Health (COVID-19 Temporary Movement and Gathering Restrictions) Order (26/06/21-11/10/21), then titled Public Health (COVID-19 Additional Restrictions for Delta Outbreak) Order (31/07/21-11/10/21)\n15/12/21 - General Order 1 2021 (12 amendments) ended\n11/03/22 - general order 2 2021 (9 amendments) ended\n08/06/22 - general order 1 2022 (1 amendment) repealed by order no. 2 2022 which removes vaccination requirements for large indoor music festivals. No more vaccination mandates after this order		73	An unvaccinated adult must not take a holiday or undertake recreation outside the local government area in which the adult resides.	a person entering the premises in response to an emergency\n(b) a person entering premises in a vehicle if the person does not exit the vehicle while on the premises\n(c) a person entering the premises if the person is under 18 years of age and it is not possible to register the person’s details under clause 5.3 of this Order\n(d) a person exercising law enforcement, intelligence or national security functions on behalf of a government agency of New South Wales or the Commonwealth\n(e) a person entering any health or medical facility, other than a pharmacy, as a patient	Public Health (COVID-19 General) Order	Section 10 of the Public Health Act 2010 creates an offence if an individual fails to comply with a direction with a maximum penalty of imprisonment for 6 months or a fine of up to $11,000 (or both) plus a further $5,500 fine each day the offence continues. Corporations that fail to comply with a direction are liable to a fine of $55,000 and $27,500 each day the offence continues. The Public Health Regulation 2012 also enables authorised officers to issue penalty notices for offences against clause 6 by individuals for an amount of $4,000 and $1,000 in other cases.	Minister for Health and Medical Research	NSW Government Gazette: the official notification of the making of statutory instruments						general area: area of the State excluding all stay at home areas.\nhigher risk premises means the following—\n(a) entertainment facilities,\n(b) recreation facilities (major),\n(c) hospitality venues,\n(d) places of public worship,\npremises at which a significant event is being held, other than a small funeral or memorial service or small wedding service.	Public Health Order	NSWPVAET200	
66	NSW	Public Health (COVID-19 General) Order NSW Roadmap to Freedom	Public Space	singing indoors on certain premises		2021-10-15	2021-10-18	2021-12-15	Clause not included in the next version of the order (Public Health (COVID-19 General) Order (No 2) 2021)	Formerly titled Public Health (COVID-19 Gathering Restrictions) Order (16/03/20-29/08/21), then titled Public Health (COVID-19 Temporary Movement and Gathering Restrictions) Order (26/06/21-11/10/21), then titled Public Health (COVID-19 Additional Restrictions for Delta Outbreak) Order (31/07/21-11/10/21)\n15/12/21 - General Order 1 2021 (12 amendments) ended\n11/03/22 - general order 2 2021 (9 amendments) ended\n08/06/22 - general order 1 2022 (1 amendment) repealed by order no. 2 2022 which removes vaccination requirements for large indoor music festivals. No more vaccination mandates after this order		61	occupier of premises in the general area must not allow an unvaccinated adult to sing in a part of the premises that is an indoor area	This clause does not apply to the following—\n(a) a place of residence,\n(b) an educational establishment,\n(c) a performer who is performing or rehearsing,\n(d) a person who is instructing, or being instructed, in dancing,\n(e) a wedding service or a gathering after a wedding service,\n(f) a group class at a gym or a recreation facility (indoor). 	Public Health (COVID-19 General) Order\nPublic Health (COVID-19 General) Amendment Order (No 2) 2021	Section 10 of the Public Health Act 2010 creates an offence if an individual fails to comply with a direction with a maximum penalty of imprisonment for 6 months or a fine of up to $11,000 (or both) plus a further $5,500 fine each day the offence continues. Corporations that fail to comply with a direction are liable to a fine of $55,000 and $27,500 each day the offence continues. The Public Health Regulation 2012 also enables authorised officers to issue penalty notices for offences against clause 6 by individuals for an amount of $4,000 and $1,000 in other cases.		NSW Government Gazette: the official notification of the making of statutory instruments						general area: area of the State excluding all stay at home areas.\nhigher risk premises means the following—\n(a) entertainment facilities,\n(b) recreation facilities (major),\n(c) hospitality venues,\n(d) places of public worship,\npremises at which a significant event is being held, other than a small funeral or memorial service or small wedding service.	Public Health Order	NSWPVAET300	
67	NSW	Public Health (COVID-19 General) Order	Public Space	dancing indoors on certain premises		2021-11-05	2021-11-08	2021-12-15	Clause not included in the next version of the order (Public Health (COVID-19 General) Order (No 2) 2021)	Formerly titled Public Health (COVID-19 Gathering Restrictions) Order (16/03/20-29/08/21), then titled Public Health (COVID-19 Temporary Movement and Gathering Restrictions) Order (26/06/21-11/10/21), then titled Public Health (COVID-19 Additional Restrictions for Delta Outbreak) Order (31/07/21-11/10/21)\n15/12/21 - General Order 1 2021 (12 amendments) ended\n11/03/22 - general order 2 2021 (9 amendments) ended\n08/06/22 - general order 1 2022 (1 amendment) repealed by order no. 2 2022 which removes vaccination requirements for large indoor music festivals. No more vaccination mandates after this order		40	occupier of premises in the general area must not allow an unvaccinated adult to dance in a part of the premises that is an indoor area	This clause does not apply to the following—\n(a) a place of residence,\n(b) an educational establishment,\n(c) a performer who is performing or rehearsing,\n(d) a person who is instructing, or being instructed, in singing or dancing,\n(e) a small funeral or memorial service or a small wedding service.	Public Health (COVID-19 General) Order\nPublic Health (COVID-19 General) Amendment Order (No 8) 2021	Section 10 of the Public Health Act 2010 creates an offence if an individual fails to comply with a direction with a maximum penalty of imprisonment for 6 months or a fine of up to $11,000 (or both) plus a further $5,500 fine each day the offence continues. Corporations that fail to comply with a direction are liable to a fine of $55,000 and $27,500 each day the offence continues. The Public Health Regulation 2012 also enables authorised officers to issue penalty notices for offences against clause 6 by individuals for an amount of $4,000 and $1,000 in other cases.	Minister for Health and Medical Research	NSW Government Gazette: the official notification of the making of statutory instruments						general area: area of the State excluding all stay at home areas.\nhigher risk premises means the following—\n(a) entertainment facilities,\n(b) recreation facilities (major),\n(c) hospitality venues,\n(d) places of public worship,\npremises at which a significant event is being held, other than a small funeral or memorial service or small wedding service.	Public Health Order	NSWPIRGT100	
68	NSW	Public Health (COVID-19 Interstate Travellers) Order	Public Space,Travel	Interstate Travellers\nClose contact outside New South Wales who is not a resident	2021-10-16	2021-10-27	2021-10-27	2022-01-26	only the date was mentioned on the NSW public health order's page. The method was not mentioned in the order nor on the website	Expired without amendment		102	This clause applies to a person who—\n(a) is not a resident of New South Wales, and\n(b) is a close contact.	However, this clause does not apply if—\n(a) the person is a fully vaccinated person, and\n(b) more than 7 days have passed since the person was in a place of high concern.\n(3) The Minister directs that a person to whom this clause applies must not enter New South Wales.	Public Health (COVID-19 Interstate Travellers) Order (No 4) 2021	Section 10 of the Public Health Act 2010 creates an offence if an individual fails to comply with a direction with a maximum penalty of imprisonment for 6 months or a fine of up to $11,000 (or both) plus a further $5,500 fine each day the offence continues. Corporations that fail to comply with a direction are liable to a fine of $55,000 and $27,500 each day the offence continues. The Public Health Regulation 2012 also enables authorised officers to issue penalty notices for offences against clause 6 by individuals for an amount of $4,000 and $1,000 in other cases.	Minister for Health and Medical Research	NSW Government Gazette: the official notification of the making of statutory instruments							Public Health Order	NSWPISTT100	
69	NSW	NSW Airport and Quarantine Workers Vaccination Program	Employment	Quarantine Workers		2021-06-25	2021-06-25	2022-04-30	Removed by Public Health (COVID-19 Air and Maritime Arrivals) Order (No 1) Amendment (No 2) Order 2022 to remove the quarantine requirements for unvaccinated international air and maritime arrivals.	31/08/21 Public Health (COVID-19 Air Transportation Quarantine) Order (No 3) 2021 repealed previous order and added clause on mandating a second dose for workers by 01/09/21\n23/02/22: order title changed to Public Health (COVID-19 Air and Maritime Arrivals) Order (No 1) 2022		309	Must have at least one dose of the COVID vaccine by 25/06/21\nBy 01/09/21, the person has received 2 doses of a COVID-19 vaccine, or\n(b) the person has received 1 dose of a COVID-19 vaccine and receives the second dose of a COVID-19 vaccine—\n(i) within 3 months of having received the first dose, or\n(ii) within 28 days of the date of commencement of this Order.	does not apply if—\n(a) a medical practitioner and the Chief Health Officer have certified that the nominated worker has a medical contraindication to the COVID-19 vaccine, or\n(b) a nominated worker specified in clause (1)(b) is providing a declared flight crew member with a transportation service to or from the member’s residence for the purpose of obtaining urgent medical care or medical supplies.	Public Health (COVID-19 Air Transportation Quarantine) Order (No 2) Amendment (Transportation Providers) Order 2021	Section 10 of the Public Health Act 2010 creates an offence if an individual fails to comply with a direction with a maximum penalty of imprisonment for 6 months or a fine of up to $11,000 (or both) plus a further $5,500 fine each day the offence continues. Corporations that fail to comply with a direction are liable to a fine of $55,000 and $27,500 each day the offence continues. The Public Health Regulation 2012 also enables authorised officers to issue penalty notices for offences against clause 6 by individuals for an amount of $4,000 and $1,000 in other cases.	Minister for Health and Medical Research	NSW Government Gazette: the official notification of the making of statutory instruments		Available from 28/02/21 as part of the national rollout plan		Around 4000 doses of the Pfizer vaccine were due to arrive in Sydney on 28/02/21, with the state aiming to vaccinate around 12,000 frontline workers in the next three weeks. https://www.9news.com.au/national/australian--pfizer-vaccine-roll-out-state-by-state-for-covid19/640356a2-c8e9-4763-91ba-193d4ba55071 			Public Health Order	NSWEHQWT100	
70	NSW	NSW Airport and Quarantine Workers Vaccination Program	Employment	Transportation Providers		2021-06-25	2021-06-25	2022-04-30	Removed by Public Health (COVID-19 Air and Maritime Arrivals) Order (No 1) Amendment (No 2) Order 2022 to remove the quarantine requirements for unvaccinated international air and maritime arrivals.	31/08/21 Public Health (COVID-19 Air Transportation Quarantine) Order (No 3) 2021 repealed previous order and added clause on mandating a second dose for workers by 01/09/21\n23/02/22: order title changed to Public Health (COVID-19 Air and Maritime Arrivals) Order (No 1) 2022		309	Must have at least one dose of the COVID vaccine by 25/06/21\nBy 01/09/21, the person has received 2 doses of a COVID-19 vaccine, or\n(b) the person has received 1 dose of a COVID-19 vaccine and receives the second dose of a COVID-19 vaccine—\n(i) within 3 months of having received the first dose, or\n(ii) within 28 days of the date of commencement of this Order.	does not apply if—\n(a) a medical practitioner and the Chief Health Officer have certified that the nominated worker has a medical contraindication to the COVID-19 vaccine, or\n(b) a nominated worker specified in clause (1)(b) is providing a declared flight crew member with a transportation service to or from the member’s residence for the purpose of obtaining urgent medical care or medical supplies.	Public Health (COVID-19 Air Transportation Quarantine) Order (No 2) Amendment (Transportation Providers) Order 2021	Section 10 of the Public Health Act 2010 creates an offence if an individual fails to comply with a direction with a maximum penalty of imprisonment for 6 months or a fine of up to $11,000 (or both) plus a further $5,500 fine each day the offence continues. Corporations that fail to comply with a direction are liable to a fine of $55,000 and $27,500 each day the offence continues. The Public Health Regulation 2012 also enables authorised officers to issue penalty notices for offences against clause 6 by individuals for an amount of $4,000 and $1,000 in other cases.	Minister for Health and Medical Research	NSW Government Gazette: the official notification of the making of statutory instruments		Available from 28/02/21 as part of the national rollout plan		Around 4000 doses of the Pfizer vaccine were due to arrive in Sydney on 28/02/21, with the state aiming to vaccinate around 12,000 frontline workers in the next three weeks. https://www.9news.com.au/national/australian--pfizer-vaccine-roll-out-state-by-state-for-covid19/640356a2-c8e9-4763-91ba-193d4ba55071 			Public Health Order	NSWEHQWT200	
71	NSW	NSW Airport and Quarantine Workers Vaccination Program	Employment	Airport Workers		2021-06-25	2021-06-25	2022-04-30	Removed by Public Health (COVID-19 Air and Maritime Arrivals) Order (No 1) Amendment (No 2) Order 2022 to remove the quarantine requirements for unvaccinated international air and maritime arrivals.	31/08/21 Public Health (COVID-19 Air Transportation Quarantine) Order (No 3) 2021 repealed previous order and added clause on mandating a second dose for workers by 01/09/21\n23/02/22: order title changed to Public Health (COVID-19 Air and Maritime Arrivals) Order (No 1) 2022		309	Must have at least one dose of the COVID vaccine by 25/06/21\nBy 01/09/21, the person has received 2 doses of a COVID-19 vaccine, or\n(b) the person has received 1 dose of a COVID-19 vaccine and receives the second dose of a COVID-19 vaccine—\n(i) within 3 months of having received the first dose, or\n(ii) within 28 days of the date of commencement of this Order.	does not apply if—\n(a) a medical practitioner and the Chief Health Officer have certified that the nominated worker has a medical contraindication to the COVID-19 vaccine, or\n(b) a nominated worker specified in clause (1)(b) is providing a declared flight crew member with a transportation service to or from the member’s residence for the purpose of obtaining urgent medical care or medical supplies.	Public Health (COVID-19 Air Transportation Quarantine) Order (No 2) Amendment (Transportation Providers) Order 2021	Section 10 of the Public Health Act 2010 creates an offence if an individual fails to comply with a direction with a maximum penalty of imprisonment for 6 months or a fine of up to $11,000 (or both) plus a further $5,500 fine each day the offence continues. Corporations that fail to comply with a direction are liable to a fine of $55,000 and $27,500 each day the offence continues. The Public Health Regulation 2012 also enables authorised officers to issue penalty notices for offences against clause 6 by individuals for an amount of $4,000 and $1,000 in other cases.	Minister for Health and Medical Research	NSW Government Gazette: the official notification of the making of statutory instruments		Available from 28/02/21 as part of the national rollout plan		Around 4000 doses of the Pfizer vaccine were due to arrive in Sydney on 28/02/21, with the state aiming to vaccinate around 12,000 frontline workers in the next three weeks. https://www.9news.com.au/national/australian--pfizer-vaccine-roll-out-state-by-state-for-covid19/640356a2-c8e9-4763-91ba-193d4ba55071 			Public Health Order	NSWEHQWT300	
72	NSW	Public Health (COVID-19 Air Transportation Quarantine) Order (No 3) 2021	Public Space,Travel	not fully vaccinated international arrivals by aircraft		2021-08-31	2021-09-01	2022-04-30	Removed by Public Health (COVID-19 Air and Maritime Arrivals) Order (No 1) Amendment (No 2) Order 2022 to remove the quarantine requirements for unvaccinated international air and maritime arrivals.	23/02/22: previous order replaced by Public Health (COVID-19 Air and Maritime Arrivals) Order (No 1) 2022		242	NOT A STRICT MANDATE. Included to note that there is a difference between vaccinated and and unvaccinated arrivals\n(1) A relevant air arrival who is not a fully vaccinated arrival must do one of the following as directed by the Commissioner of Police—\n(a) go directly to a quarantine facility,\n(b) go directly to a medical facility for treatment.\n(2) A relevant air arrival must comply with a decision of the Commissioner of Police in relation to the relevant international arrival’s—\n(a) transit at the airport, and\n(b) travel to the quarantine facility or medical facility.\nVaccinated arrivals have to do a rapid antigen test and self isolate	(a) is unable, due to a medical contraindication, to be vaccinated against COVID-19, and\n(b) presents to the responsible person for the worker a medical contraindication certificate issued to the worker.	Public Health (COVID-19 Air Transportation Quarantine) Order (No 3) 2021\nPublic Health (COVID-19 Air and Maritime Arrivals) Order (No 1) 2022	A person who disembarks from a vessel under this Order must, if asked by a police officer, provide —\n(a) the person’s name and contact details, and\n(b) evidence the person is a fully vaccinated arrival.\nSection 10 of the Public Health Act 2010 creates an offence if an individual fails to comply with a direction with a maximum penalty of imprisonment for 6 months or a fine of up to $11,000 (or both) plus a further $5,500 fine each day the offence continues. Corporations that fail to comply with a direction are liable to a fine of $55,000 and $27,500 each day the offence continues. The Public Health Regulation 2012 also enables authorised officers to issue penalty notices for offences against clause 6 by individuals for an amount of $4,000 and $1,000 in other cases.	Minister for Health and Medical Research	NSW Government Gazette: the official notification of the making of statutory instruments							Public Health Order	NSWPINTT100	
73	NSW	Public Health (COVID-19 Air Transportation Quarantine) Order (No 3) 2021	Public Space,Travel	Interstate flight crew members		2021-08-31	2021-09-01	2022-04-30	Removed by Public Health (COVID-19 Air and Maritime Arrivals) Order (No 1) Amendment (No 2) Order 2022 to remove the quarantine requirements for unvaccinated international air and maritime arrivals.	23/02/22: previous order replaced by Public Health (COVID-19 Air and Maritime Arrivals) Order (No 1) 2022		242	NOT A STRICT MANDATE. Included to note that there is a difference between vaccinated and and unvaccinated arrivals\nThe flight crew member must go directly to the member’s place of residence or accommodation until the sooner of the following happens—\n(a) the quarantine period ends,\n(b) the member departs on another flight that leaves Australia.\n(3) The flight crew member may go to a place of residence as required by subclause (2) only if the member is a resident of New South Wales.\n(4) The flight crew member must not leave the residence or permit another person to enter the place o fresidence or accommodation\nVaccinated arrivals have to do a rapid antigen test and self isolate	(a)not leave the residence or accommodation except—\n(i) to undertake duties that are essential for safety or other regulatory reasons including, for example, flight simulation training or safety or security training, or\n(ii) for the purposes of obtaining medical care or medical supplies, or\n(iii) in an emergency situation,\nArrival by aircraft\n(b) not permit another person to enter the place of residence or accommodation unless—\n(i) the person usually lives at the place of residence or accommodation or the person is also complying with a direction under this Order, or\n(ii) the entry is for medical or emergency purposes, or\n(iii) the entry is to a place, other than a place of residence, for the purpose of delivering food or essential items,	Public Health (COVID-19 Air Transportation Quarantine) Order (No 3) 2021\nPublic Health (COVID-19 Air and Maritime Arrivals) Order (No 1) 2022	A person who disembarks from a vessel under this Order must, if asked by a police officer, provide —\n(a) the person’s name and contact details, and\n(b) evidence the person is a fully vaccinated arrival.\nSection 10 of the Public Health Act 2010 creates an offence if an individual fails to comply with a direction with a maximum penalty of imprisonment for 6 months or a fine of up to $11,000 (or both) plus a further $5,500 fine each day the offence continues. Corporations that fail to comply with a direction are liable to a fine of $55,000 and $27,500 each day the offence continues. The Public Health Regulation 2012 also enables authorised officers to issue penalty notices for offences against clause 6 by individuals for an amount of $4,000 and $1,000 in other cases.	Minister for Health and Medical Research	NSW Government Gazette: the official notification of the making of statutory instruments							Public Health Order	NSWEISTT100	
74	NSW	Public Health (COVID-19 Air Transportation Quarantine) Order Public Health (COVID-19 Air and Maritime Arrivals) Order	Employment	Overseas flight crew members\n		2021-11-27	2021-11-28	2022-04-30	Removed by Public Health (COVID-19 Air and Maritime Arrivals) Order (No 1) Amendment (No 2) Order 2022 to remove the quarantine requirements for unvaccinated international air and maritime arrivals.	23/02/22: previous order replaced by Public Health (COVID-19 Air and Maritime Arrivals) Order (No 1) 2022		154	NOT A MANDATE. Included to note that there is a difference between vaccinated and and unvaccinated arrivals\nThe flight crew member must go directly to the member’s place of residence or accommodation until the sooner of the following happens—\n(a) the quarantine period ends,\n(b) the member departs on another flight that leaves Australia.\n(3) The flight crew member may go to a place of residence as required by subclause (2) only if the member is a resident of New South Wales.\n(4) The flight crew member must not leave the residence or permit another person to enter the place o fresidence or accommodation\nVaccinated arrivals have to do a rapid antigen test and self isolate	(a)not leave the residence or accommodation except—\n(i) to undertake duties that are essential for safety or other regulatory reasons including, for example, flight simulation training or safety or security training, or\n(ii) for the purposes of obtaining medical care or medical supplies, or\n(iii) in an emergency situation,\nArrival by aircraft\n(b) not permit another person to enter the place of residence or accommodation unless—\n(i) the person usually lives at the place of residence or accommodation or the person is also complying with a direction under this Order, or\n(ii) the entry is for medical or emergency purposes, or\n(iii) the entry is to a place, other than a place of residence, for the purpose of delivering food or essential items,	Public Health (COVID-19 Air Transportation Quarantine) Order\nPublic Health (COVID-19 Air Transportation Quarantine) Order (No 4) Amendment (Omicron Variant) 2021\nPublic Health (COVID-19 Air and Maritime Arrivals) Order (No 1) 2022	A person who disembarks from a vessel under this Order must, if asked by a police officer, provide —\n(a) the person’s name and contact details, and\n(b) evidence the person is a fully vaccinated arrival.\nSection 10 of the Public Health Act 2010 creates an offence if an individual fails to comply with a direction with a maximum penalty of imprisonment for 6 months or a fine of up to $11,000 (or both) plus a further $5,500 fine each day the offence continues. Corporations that fail to comply with a direction are liable to a fine of $55,000 and $27,500 each day the offence continues. The Public Health Regulation 2012 also enables authorised officers to issue penalty notices for offences against clause 6 by individuals for an amount of $4,000 and $1,000 in other cases.	Minister for Health and Medical Research	NSW Government Gazette: the official notification of the making of statutory instruments							Public Health Order	NSWEINT0000	
75	NSW	Public Health (COVID-19 Air and Maritime Arrivals) Order	Public Space,Travel	international arrivals to NSW by vessel		2022-02-23	2022-02-23	2022-04-30	Removed by Public Health (COVID-19 Air and Maritime Arrivals) Order (No 1) Amendment (No 2) Order 2022 to remove the quarantine requirements for unvaccinated international air and maritime arrivals.			66	must not disembark from the vessel unless fully vaccinated	must not disembark from the vessel unless the relevant maritime arrival—\n(a) is authorised to do so by the Commissioner of Police under clause 15, or\n(b) disembarks for the purpose of undertaking an essential task under clause 16, or\n(c) is required to do so because of an emergency under clause 17.\nSee directions for more detail	Public Health (COVID-19 Air and Maritime Arrivals) Order (No 1) 2022	A person who disembarks from a vessel under this Order must, if asked by a police officer, provide —\n(a) the person’s name and contact details, and\n(b) evidence the person is a fully vaccinated arrival.\nSection 10 of the Public Health Act 2010 creates an offence if an individual fails to comply with a direction with a maximum penalty of imprisonment for 6 months or a fine of up to $11,000 (or both) plus a further $5,500 fine each day the offence continues. Corporations that fail to comply with a direction are liable to a fine of $55,000 and $27,500 each day the offence continues. The Public Health Regulation 2012 also enables authorised officers to issue penalty notices for offences against clause 6 by individuals for an amount of $4,000 and $1,000 in other cases.	Minister for Health and Medical Research	NSW Government Gazette: the official notification of the making of statutory instruments							Public Health Order	NSWPINTT200	
76	NSW	Public Health (COVID-19 Vaccination of Education and Care Workers) Order	Employment	Education and care workers	2021-08-27	2021-09-23	2021-11-08	2022-05-13	Written in the Order	10/03/22 - Public Health (COVID-19 Vaccination of Education and Care Workers) Order 2022 added miscellaneous Part 3 on Medical contraindication certificates		259	Must have had 2 doses of a COVID vaccine by 8/11/21\nMust provide evidence if requested	Exempt if the worker has been issued with a medical contraindication certificate.\nThe Minister may, in writing and subject to conditions the Minister considers appropriate, grant an exemption to this Order or specified provisions of this Order if satisfied that the exemption is necessary to protect the health and well-being of persons.\nAdded in an amendment on 20/10/21: a medical contraindication recorded on the Australian Immunisation Register that prevents the person from receiving any approved COVID-19 vaccine available in New South Wales.	Public Health (COVID-19 Vaccination of Education and Care Workers) Order 2021\nPublic Health (COVID-19 Vaccination of Education and Care Workers) Order 2022	Section 10 of the Public Health Act 2010 creates an offence if an individual fails to comply with a direction with a maximum penalty of imprisonment for 6 months or a fine of up to $11,000 (or both) plus a further $5,500 fine each day the offence continues. Corporations that fail to comply with a direction are liable to a fine of $55,000 and $27,500 each day the offence continues. The Public Health Regulation 2012 also enables authorised officers to issue penalty notices for offences against clause 6 by individuals for an amount of $4,000 and $1,000 in other cases.	Minister for Health and Medical Research	NSW Government Gazette: the official notification of the making of statutory instruments							Public Health Order	NSWEEDU00V2	
77	NSW	Public Health (COVID-19 Vaccination of Education and Care Workers) Order	Public Space	Family day care residences		2021-09-23	2021-11-08	2022-05-13	Written in the Order	10/03/22 - Public Health (COVID-19 Vaccination of Education and Care Workers) Order 2022 added miscellaneous Part 3 on Medical contraindication certificates		232	directs that the relevant approved provider for a family day care residence must ensure the residence is not open on or after 8 November 2021 to provide education or care to any child unless each person who is at least 18 years of age residing at the residence (an adult resident) has—\n(a) had 2 doses of a COVID-19 vaccine, or\n(b) been issued with a medical contraindication certificate.	Exempt if the worker has been issued with a medical contraindication certificate.\nThe Minister may, in writing and subject to conditions the Minister considers appropriate, grant an exemption to this Order or specified provisions of this Order if satisfied that the exemption is necessary to protect the health and well-being of persons.\nAdded in an amendment on 20/10/21: a medical contraindication recorded on the Australian Immunisation Register that prevents the person from receiving any approved COVID-19 vaccine available in New South Wales.	Public Health (COVID-19 Vaccination of Education and Care Workers) Order 2021\nPublic Health (COVID-19 Vaccination of Education and Care Workers) Order 2022	Section 10 of the Public Health Act 2010 creates an offence if an individual fails to comply with a direction with a maximum penalty of imprisonment for 6 months or a fine of up to $11,000 (or both) plus a further $5,500 fine each day the offence continues. Corporations that fail to comply with a direction are liable to a fine of $55,000 and $27,500 each day the offence continues. The Public Health Regulation 2012 also enables authorised officers to issue penalty notices for offences against clause 6 by individuals for an amount of $4,000 and $1,000 in other cases.	Minister for Health and Medical Research	NSW Government Gazette: the official notification of the making of statutory instruments							Public Health Order	NSWPECF0000	
78	NSW	Public Health (COVID-19 General) Order NSW Roadmap to Freedom	Public Space	large indoor music festivals		2021-10-03	2021-10-11	2022-06-07	Removed by Public Health (COVID-19) Amendment Order 2022	Formerly titled Public Health (COVID-19 Gathering Restrictions) Order (16/03/20-29/08/21), then titled Public Health (COVID-19 Temporary Movement and Gathering Restrictions) Order (26/06/21-11/10/21), then titled Public Health (COVID-19 Additional Restrictions for Delta Outbreak) Order (31/07/21-11/10/21)\n15/12/21 - General Order 1 2021 (12 amendments) ended\n11/03/22 - general order 2 2021 (9 amendments) ended\n08/06/22 - general order 1 2022 (1 amendment) repealed by order no. 2 2022 which removes vaccination requirements for large indoor music festivals. No more vaccination mandates after this order		247	A person who is not a fully vaccinated person must not be on premises at which a large indoor music festival is being held.\nAn occupier of premises at which a large indoor music festival is being held must take reasonable steps to ensure that only fully vaccinated persons are allowed to attend the festival.		Public Health (COVID-19 General) Order	Section 10 of the Public Health Act 2010 creates an offence if an individual fails to comply with a direction with a maximum penalty of imprisonment for 6 months or a fine of up to $11,000 (or both) plus a further $5,500 fine each day the offence continues. Corporations that fail to comply with a direction are liable to a fine of $55,000 and $27,500 each day the offence continues. The Public Health Regulation 2012 also enables authorised officers to issue penalty notices for offences against clause 6 by individuals for an amount of $4,000 and $1,000 in other cases.	Minister for Health and Medical Research	NSW Government Gazette: the official notification of the making of statutory instruments						general area: area of the State excluding all stay at home areas.	Public Health Order	NSWPORGT400	
79	NSW	Public Health (COVID-19 Aged Care Facilities) Order	Public Space	Visitors entering residential aged care facilities	2021-08-31	2021-08-26	2021-09-17	2022-07-18	Removed by Public Health (COVID-19 Care Services) Order (No 2) Amendment (No 1) Order 2022	9/10/2021 - amended this mandate into the Public Health (COVID-19 Aged Care Facilities) Order 2021\n29/10/21 - Public Health (COVID-19 Care Services) Order (No 2) 2021 replaces and repeals initial order with some minor changes in wording		321	visitors must be: at least 12 years of age, and\n(b) has had 2 doses of a COVID-19 vaccine, and\n(c) had the second dose of the COVID-19 vaccine at least 14 days ago.	if the operator of the aged care facility authorises the visitor to enter and remain on the premises for the purposes of visiting a resident who is at the end of life or to a person who enters and remains on the premises to provide a health service or professional or other service to the resident, including in the role of a student, and the person is not to be counted as a visitor.\n(a) is unable, due to a medical contraindication, to be vaccinated against COVID-19, and\n(b) presents to the operator of the residential aged care facility a certificate, in the form approved by the Chief Health Officer, issued by a medical practitioner, specifying the medical contraindication that makes the person unable to be vaccinated.	Public Health (COVID-19 Aged Care Facilities) Order 2021\nPublic Health (COVID-19 Aged Care Facilities) Order (No.2) 2021\nPublic Health (COVID-19 Care Services) Order (No 2) Amendment (No 1) Order 2022	Section 10 of the Public Health Act 2010 creates an offence if an individual fails to comply with a direction with a maximum penalty of imprisonment for 6 months or a fine of up to $11,000 (or both) plus a further $5,500 fine each day the offence continues. Corporations that fail to comply with a direction are liable to a fine of $55,000 and $27,500 each day the offence continues. The Public Health Regulation 2012 also enables authorised officers to issue penalty notices for offences against clause 6 by individuals for an amount of $4,000 and $1,000 in other cases.	Minister for Health and Medical Research	NSW Government Gazette: the official notification of the making of statutory instruments							Public Health Order	NSWPRACT100	
80	NSW	Public Health (COVID-19 Aged Care Facilities) Order	Employment	Residential aged care facilities and contrctors providing health and personal care services in those facilities	2021-08-31	2021-08-26	2021-09-17	2022-11-30	only the date was mentioned on the NSW public health order's page. The method was not mentioned in the order nor on the website	14/10/2021 amendment added second dose requirements\n29/10/21 - Public Health (COVID-19 Care Services) Order (No 2) 2021 replaces and repeals initial order with some minor changes in wording	84	456	persons employed may only enter the facility if they have received at least 1 dose of a COVID-19 vaccine by 17/09/21\nReceived second dose by 24/10/21 (added to directions on 14/10/21)	(i) a maintenance contractor,\n(ii) a person who provides services to a resident of the facility under a contract or arrangement with the resident,\n(iii) a student.\ndoes not apply to a person who enters a residential aged care facility to respond to—\n(a) a medical emergency, or\n(b) a non-medical emergency, for example, a fire, flooding or a gas leak.\n(a) is unable, due to a medical contraindication, to be vaccinated against COVID-19, and\n(b) presents to the operator of the residential aged care facility a certificate, in the form approved by the Chief Health Officer, issued by a medical practitioner, specifying the medical contraindication that makes the person unable to be vaccinated.	Public Health (COVID-19 Aged Care Facilities) Order 2021\nPublic Health (COVID-19 Aged Care Facilities) Order (No.2) 2021\n\n	Section 10 of the Public Health Act 2010 creates an offence if an individual fails to comply with a direction with a maximum penalty of imprisonment for 6 months or a fine of up to $11,000 (or both) plus a further $5,500 fine each day the offence continues. Corporations that fail to comply with a direction are liable to a fine of $55,000 and $27,500 each day the offence continues. The Public Health Regulation 2012 also enables authorised officers to issue penalty notices for offences against clause 6 by individuals for an amount of $4,000 and $1,000 in other cases.	Minister for Health and Medical Research created the order, however, the decision to mandate residential aged care facilities was made by the National Cabinet	NSW Government Gazette: the official notification of the making of statutory instruments						From the Public Health (COVID-19 Restrictions on Gathering and Movement) Order 2021 (11/03/21) onwards, the orders advised the operator of a residential aged care facility is directed to consider the advice of the Chief Health Officer in relation to vaccinations against COVID-19 for staff, visitors and residents but no mandate was enfored until the date in the enforcement column	Public Health Order	NSWERACT1V1	
81	NSW	Public Health (COVID-19 Aged Care Facilities) Order	Employment	in-home and community aged care worker		2021-10-14	2021-10-25	2022-11-30	only the date was mentioned on the NSW public health order's page. The method was not mentioned in the order nor on the website	14/10/2021 - amended this mandate into the Public Health (COVID-19 Aged Care Facilities) Order 2021\n29/10/21 - Public Health (COVID-19 Care Services) Order (No 2) 2021 replaces and repeals initial order with some minor changes in wording	86	412	First dose by 25/10/21\nSecond dose by 29/11/21	is unable, due to a medical contraindication, to be vaccinated against COVID-19, and\n(b) presents to the responsible person for the worker or provider a certificate, in the form approved by the Chief Health Officer, issued by a medical practitioner, specifying the medical contraindication that makes the worker or provider unable to be vaccinated	Public Health (COVID-19 Aged Care Facilities) Order 2021\nPublic Health (COVID-19 Aged Care Facilities) Order (No.2) 2021\n\n	Section 10 of the Public Health Act 2010 creates an offence if an individual fails to comply with a direction with a maximum penalty of imprisonment for 6 months or a fine of up to $11,000 (or both) plus a further $5,500 fine each day the offence continues. Corporations that fail to comply with a direction are liable to a fine of $55,000 and $27,500 each day the offence continues. The Public Health Regulation 2012 also enables authorised officers to issue penalty notices for offences against clause 6 by individuals for an amount of $4,000 and $1,000 in other cases.	Minister for Health and Medical Research	NSW Government Gazette: the official notification of the making of statutory instruments							Public Health Order	NSWEOCTT1V1	
82	NSW	Public Health (COVID-19 Aged Care Facilities) Order	Employment	person providing disability services	2021-10-15	2021-10-14	2021-10-25	2022-11-30	only the date was mentioned on the NSW public health order's page. The method was not mentioned in the order nor on the website	14/10/2021 - amended this mandate into the Public Health (COVID-19 Aged Care Facilities) Order 2021\n29/10/21 - Public Health (COVID-19 Care Services) Order (No 2) 2021 replaces and repeals initial order with some minor changes in wording	87	411	First dose by 25/10/21\nSecond dose by 29/11/21	is unable, due to a medical contraindication, to be vaccinated against COVID-19, and\n(b) presents to the responsible person for the worker or provider a certificate, in the form approved by the Chief Health Officer, issued by a medical practitioner, specifying the medical contraindication that makes the worker or provider unable to be vaccinated	Public Health (COVID-19 Aged Care Facilities) Order 2021\nPublic Health (COVID-19 Aged Care Facilities) Order (No.2) 2021\n\n	Section 10 of the Public Health Act 2010 creates an offence if an individual fails to comply with a direction with a maximum penalty of imprisonment for 6 months or a fine of up to $11,000 (or both) plus a further $5,500 fine each day the offence continues. Corporations that fail to comply with a direction are liable to a fine of $55,000 and $27,500 each day the offence continues. The Public Health Regulation 2012 also enables authorised officers to issue penalty notices for offences against clause 6 by individuals for an amount of $4,000 and $1,000 in other cases.	Minister for Health and Medical Research	NSW Government Gazette: the official notification of the making of statutory instruments							Public Health Order	NSWEDSWT1V1	
83	NSW	Public Health (COVID-19 Aged Care Facilities) Order	Employment	health practitioners and students entering residential aged care facilities		2021-08-26	2021-10-31	2022-11-30	only the date was mentioned on the NSW public health order's page. The method was not mentioned in the order nor on the website	14/10/2021 amendment added second dose requirements\n29/10/21 - Public Health (COVID-19 Care Services) Order (No 2) 2021 replaces and repeals initial order with some minor changes in wording	85	461	health practitioners and students are not to enter residential aged care facilities unless they have received one dose of the vaccine by 31/10/21\nMust provide evidence\n14/10/21 added: first dose by 31/10/21 and second dose by 4/12/21	does not apply to a health practitioner who enters a residential aged care facility to respond to a medical emergency.\n(a) is unable, due to a medical contraindication, to be vaccinated against COVID-19, and\n(b) presents to the operator of the residential aged care facility a certificate, in the form approved by the Chief Health Officer, issued by a medical practitioner, specifying the medical contraindication that makes the person unable to be vaccinated.	Public Health (COVID-19 Aged Care Facilities) Order 2021\nPublic Health (COVID-19 Aged Care Facilities) Order (No.2) 2021\n\n	Section 10 of the Public Health Act 2010 creates an offence if an individual fails to comply with a direction with a maximum penalty of imprisonment for 6 months or a fine of up to $11,000 (or both) plus a further $5,500 fine each day the offence continues. Corporations that fail to comply with a direction are liable to a fine of $55,000 and $27,500 each day the offence continues. The Public Health Regulation 2012 also enables authorised officers to issue penalty notices for offences against clause 6 by individuals for an amount of $4,000 and $1,000 in other cases.	Minister for Health and Medical Research	NSW Government Gazette: the official notification of the making of statutory instruments							Public Health Order	NSWERACT2V1	
84	NSW	(BOOSTER) Public Health (COVID-19 Aged Care Facilities) Order	Employment	residential aged care facilities workers		2022-02-25	2022-03-01	2022-11-30	End of Public Health Order	23/12/21 - Public Health Amendment (COVID-19 Medical Contraindication Certificates) Order 2021		278	the person has received at least 3 doses of a COVID-19 vaccine, or (b) the person— (i) has received 2 doses of a COVID-19 vaccine, and (ii) it is not after the later of the following—\n(A) 12 April 2022, (B) 6 weeks from the due date for the person’s third dose of a COVID-19 vaccine.\nthe due date for a person’s third dose of a COVID-19 vaccine is the day that is 13 weeks after the person received the second dose of a COVID-19 vaccine.	(a) is unable, due to a medical contraindication, to be vaccinated against COVID-19, and\n(b) presents to the responsible person for the worker a medical contraindication certificate issued to the worker.		Section 10 of the Public Health Act 2010 creates an offence if an individual fails to comply with a direction with a maximum penalty of imprisonment for 6 months or a fine of up to $11,000 (or both) plus a further $5,500 fine each day the offence continues. Corporations that fail to comply with a direction are liable to a fine of $55,000 and $27,500 each day the offence continues. The Public Health Regulation 2012 also enables authorised officers to issue penalty notices for offences against clause 6 by individuals for an amount of $4,000 and $1,000 in other cases.	Minister for Health and Medical Research	NSW Government Gazette: the official notification of the making of statutory instruments							Public Health Order	NSWERACT1V2	
85	NSW	(BOOSTER) Public Health (COVID-19 Aged Care Facilities) Order	Employment	health practitioners and students entering residential aged care facilities		2022-02-25	2022-03-01	2022-11-30	End of Public Health Order	23/12/21 - Public Health Amendment (COVID-19 Medical Contraindication Certificates) Order 2021		278	the person has received at least 3 doses of a COVID-19 vaccine, or (b) the person— (i) has received 2 doses of a COVID-19 vaccine, and (ii) it is not after the later of the following—\n(A) 12 April 2022, (B) 6 weeks from the due date for the person’s third dose of a COVID-19 vaccine.\nthe due date for a person’s third dose of a COVID-19 vaccine is the day that is 13 weeks after the person received the second dose of a COVID-19 vaccine.	(a) is unable, due to a medical contraindication, to be vaccinated against COVID-19, and\n(b) presents to the responsible person for the worker a medical contraindication certificate issued to the worker.	Public Health (COVID-19 Care Services) Order (No 2) 2021	Section 10 of the Public Health Act 2010 creates an offence if an individual fails to comply with a direction with a maximum penalty of imprisonment for 6 months or a fine of up to $11,000 (or both) plus a further $5,500 fine each day the offence continues. Corporations that fail to comply with a direction are liable to a fine of $55,000 and $27,500 each day the offence continues. The Public Health Regulation 2012 also enables authorised officers to issue penalty notices for offences against clause 6 by individuals for an amount of $4,000 and $1,000 in other cases.	Minister for Health and Medical Research	NSW Government Gazette: the official notification of the making of statutory instruments							Public Health Order	NSWERACT2V2	
86	NSW	(BOOSTER) Public Health (COVID-19 Aged Care Facilities) Order	Employment	in-home and community aged care worker		2022-02-25	2022-03-01	2022-11-30	only the date was mentioned on the NSW public health order's page. The method was not mentioned in the order nor on the website	23/12/21 - Public Health Amendment (COVID-19 Medical Contraindication Certificates) Order 2021		278	the person has received at least 3 doses of a COVID-19 vaccine, or (b) the person— (i) has received 2 doses of a COVID-19 vaccine, and (ii) it is not after the later of the following—\n(A) 12 April 2022, (B) 6 weeks from the due date for the person’s third dose of a COVID-19 vaccine.\nthe due date for a person’s third dose of a COVID-19 vaccine is the day that is 13 weeks after the person received the second dose of a COVID-19 vaccine.	(a) is unable, due to a medical contraindication, to be vaccinated against COVID-19, and\n(b) presents to the responsible person for the worker a medical contraindication certificate issued to the worker.	Public Health (COVID-19 Care Services) Order (No 2) 2021	Section 10 of the Public Health Act 2010 creates an offence if an individual fails to comply with a direction with a maximum penalty of imprisonment for 6 months or a fine of up to $11,000 (or both) plus a further $5,500 fine each day the offence continues. Corporations that fail to comply with a direction are liable to a fine of $55,000 and $27,500 each day the offence continues. The Public Health Regulation 2012 also enables authorised officers to issue penalty notices for offences against clause 6 by individuals for an amount of $4,000 and $1,000 in other cases.	Minister for Health and Medical Research	NSW Government Gazette: the official notification of the making of statutory instruments							Public Health Order	NSWEOCTT1V2	
87	NSW	(BOOSTER) Public Health (COVID-19 Aged Care Facilities) Order	Employment	person providing disability services		2022-02-25	2022-03-01	2022-11-30	End of the order	23/12/21 - Public Health Amendment (COVID-19 Medical Contraindication Certificates) Order 2021		278	the person has received at least 3 doses of a COVID-19 vaccine, or (b) the person— (i) has received 2 doses of a COVID-19 vaccine, and (ii) it is not after the later of the following—\n(A) 12 April 2022, (B) 6 weeks from the due date for the person’s third dose of a COVID-19 vaccine.\nthe due date for a person’s third dose of a COVID-19 vaccine is the day that is 13 weeks after the person received the second dose of a COVID-19 vaccine.	(a) is unable, due to a medical contraindication, to be vaccinated against COVID-19, and\n(b) presents to the responsible person for the worker a medical contraindication certificate issued to the worker.	Public Health (COVID-19 Care Services) Order (No 2) 2021	Section 10 of the Public Health Act 2010 creates an offence if an individual fails to comply with a direction with a maximum penalty of imprisonment for 6 months or a fine of up to $11,000 (or both) plus a further $5,500 fine each day the offence continues. Corporations that fail to comply with a direction are liable to a fine of $55,000 and $27,500 each day the offence continues. The Public Health Regulation 2012 also enables authorised officers to issue penalty notices for offences against clause 6 by individuals for an amount of $4,000 and $1,000 in other cases.	Minister for Health and Medical Research	NSW Government Gazette: the official notification of the making of statutory instruments							Public Health Order	NSWEDSWT1V2	
88	NSW	Public Health (COVID-19 General) Order 1 2021 NSW Roadmap to Freedom/Reopneing NSW Roadmap	Public Space	next phase of the Reopneing NSW Roadmap for the policies enforced on 11/10/21			2021-10-18	2022-11-30	All public health corders ended	Formerly titled Public Health (COVID-19 Gathering Restrictions) Order (16/03/20-29/08/21), then titled Public Health (COVID-19 Temporary Movement and Gathering Restrictions) Order (26/06/21-11/10/21), then titled Public Health (COVID-19 Additional Restrictions for Delta Outbreak) Order (31/07/21-11/10/21)\n15/12/21 - General Order 1 2021 (12 amendments) ended\n11/03/22 - general order 2 2021 (9 amendments) ended 08/06/22 - general order 1 2022 (1 amendment) repealed by order no. 2 2022 which removes vaccination requirements for large indoor music festivals. No more vaccination mandates after this order		408	People will be allowed to have up to 10 people (not including children 12 and under) over to visit, community sport will kick off again and regional travel will be back on the cards.\n\nNightclubs to remain shut.\n\nMost venues will still have strict one person per four square metres density limits in place.\n\nRegional travel to commence.		Public Health (COVID-19 General) Order 1 2021		Minister for Health and Medical Research							general area: area of the State excluding all stay at home areas.	Public Health Order	NSWPALL200	
89	NSW	Public Health (COVID-19 Vaccination of Health Care Workers) Order	Employment	Stage 1 health care workers\nsee details in additional notes	2021-08-20	2021-08-26	2021-09-30	2024-05-16	19/06/2022 - Public Health (COVID-19 Vaccination of Health Care Workers) Order 2022 expired\nMay-2024: COVID-19 vaccination changed from required to strongly recommended for all NSW Health workers.	"29/09/21: order amended to exclude certain health care workers who are remotely providing non-health services\n23/12/21: repealed by Public Health (COVID-19 Vaccination of Health Care Workers) Order (No 3) 2021 to add stage 2 HCW mandates\n19/06/2022: Public Health (COVID-19 Vaccination of Health Care Workers) Order 2022 expired. Instead the mandate was added to the ""Occupational Assessment, Screening and Vaccination Against Specified Infectious Diseases"" Policy\nMay-2024: COVID-19 vaccination changed from required to strongly recommended for all NSW Health workers."		1000	First dose by 30/09/21\nSecond dose by 30/11/21	do not apply to—\n(a) a health practitioner who does work as a health care worker in response to a medical emergency, or\n(b) another person who does work as a health care worker in response to a non-medical emergency, for example, a fire, flooding or a gas leak.\ndoes not apply to a health care worker who—\n(a) is unable, due to a medical contraindication, to receive a COVID-19 vaccine, and\n(b) presents a medical contraindication certificate for the worker to a responsible person for the worker.\n29/09/21 order amended to exclude certain health care workers who are remotely providing non-health services	Public Health (COVID-19 Vaccination of Health Care Workers) Order 2021\nPublic Health (COVID-19 Vaccination of Health Care Workers) Amendment Order 2021\nPublic Health (COVID-19 Vaccination of Health Care Workers) Order (No 3) 2021\nOccupational Assessment, Screening and Vaccination Against Specified Infectious Diseases	Section 10 of the Public Health Act 2010 creates an offence if an individual fails to comply with a direction with a maximum penalty of imprisonment for 6 months or a fine of up to $11,000 (or both) plus a further $5,500 fine each day the offence continues. Corporations that fail to comply with a direction are liable to a fine of $55,000 and $27,500 each day the offence continues. The Public Health Regulation 2012 also enables authorised officers to issue penalty notices for offences against clause 6 by individuals for an amount of $4,000 and $1,000 in other cases.	Minister for Health and Medical Research	NSW Government Gazette: the official notification of the making of statutory instruments				Fewer than than 0.1% of NSW health staff have quit due to Covid vaccination mandates\nhttps://www.theguardian.com/australia-news/2021/oct/09/less-than-01-of-nsw-health-staff-have-quit-due-to-covid-vaccination-mandates\n22 February 2021, the first NSW Ambulance clinicians began receiving their COVID-19 vaccinations at Liverpool, Westmead and RPA Hospitals. By the end of June 2021, close to 80% of NSW Ambulance staff, who had requested to be vaccinated, had received their first dose.		Stage 1 HCWs include: a person who does work, including as a member of staff of the NSW Health Service, for any of the following—\n(i) a public health organisation,\n(ii) the Health Administration Corporation, (iii) the Ambulance Service of NSW,\n(b) a registered paramedic who does work involving transporting, or assessing whether to transport, persons to or from a hospital or public health facility, including any treatment incidental to the work,\n(c) a member of staff of the Ministry of Health,\n(d) a person who does work at a private health facility,	Public Health Order\nOccupational Assessment, Screening and Vaccination Against Specified Infectious Diseases Policy	NSWEHCWT1V1	
90	NSW	Public Health (COVID-19 Vaccination of Health Care Workers) Order	Employment	Stage 2 health care workers\nsee details in additional notes		2021-12-23	2022-01-31	2024-05-16	19/06/2022 - Public Health (COVID-19 Vaccination of Health Care Workers) Order 2022 expired\nMay-2024: COVID-19 vaccination changed from required to strongly recommended for all NSW Health workers.	"29/09/21: order amended to exclude certain health care workers who are remotely providing non-health services\n23/12/21: repealed by Public Health (COVID-19 Vaccination of Health Care Workers) Order (No 3) 2021 to add stage 2 HCW mandates\n19/06/2022: Public Health (COVID-19 Vaccination of Health Care Workers) Order 2022 expired. Instead the mandate was added to the ""Occupational Assessment, Screening and Vaccination Against Specified Infectious Diseases"" Policy\nMay-2024: COVID-19 vaccination changed from required to strongly recommended for all NSW Health workers."		875	First dose by 31/01/22\nSecond dose by 28/02/22	do not apply to—\n(a) a health practitioner who does work as a health care worker in response to a medical emergency, or\n(b) another person who does work as a health care worker in response to a non-medical emergency, for example, a fire, flooding or a gas leak.\ndoes not apply to a health care worker who—\n(a) is unable, due to a medical contraindication, to receive a COVID-19 vaccine, and\n(b) presents a medical contraindication certificate for the worker to a responsible person for the worker.\n29/09/21 order amended to exclude certain health care workers who are remotely providing non-health services	Public Health (COVID-19 Vaccination of Health Care Workers) Order (No 3) 2021\nOccupational Assessment, Screening and Vaccination Against Specified Infectious Diseases	Section 10 of the Public Health Act 2010 creates an offence if an individual fails to comply with a direction with a maximum penalty of imprisonment for 6 months or a fine of up to $11,000 (or both) plus a further $5,500 fine each day the offence continues. Corporations that fail to comply with a direction are liable to a fine of $55,000 and $27,500 each day the offence continues. The Public Health Regulation 2012 also enables authorised officers to issue penalty notices for offences against clause 6 by individuals for an amount of $4,000 and $1,000 in other cases.	Minister for Health and Medical Research	NSW Government Gazette: the official notification of the making of statutory instruments						Stage 2 HCW include: a person employed in a Public Service executive agency related to the Ministry of Health,\n(b) a person employed in the Health Care Complaints Commission Staff Agency,\n(c) a person appointed by the Governor or the Minister to an office\n(d) a health practitioner\n(e) a person providing a health service	Public Health Order\nOccupational Assessment, Screening and Vaccination Against Specified Infectious Diseases Policy	NSWEHCWT2V1	
91	NSW	NEED UPDATE!!!	Employment	NSW police force	2021-09-07		2021-09-30	2026-07-28	Updated the vaccination policy and made a website and facebook announcement			1785	First dose by 30/09/21\nSecond dose by 30/11/21\nMust provide evidence of vaccination	Exemptions to this requirement will include:\nNSW Police Force members who are unable, due to a medical contraindication to receive a COVID-19 vaccine and present a medical contraindication certificate.\nAny other NSW Police Force member as I determine appropriate, subject to consideration of their specific circumstances.\nA total of 47 NSW Police Force staff have been granted a COVID 19 vaccine exemption as of 07.04.2022			Commissioner of Police					By  7/09/21, Deputy Commissioner Webb said more than 17,000 police employees had already been fully or partially vaccinated.		Need to follow this up - believed to be occ health and safety requirement. Need sources included here. May be police did their own - to follow up. The Delta order may have applied at certain times (limited ability to go to work  but this is a separate entry)	NSWPF COVID-19 Vaccination Frequently Asked Questions V.16	NSWEPLF0000	
92	NSW	SS 7.1.9 COVID-19 Vaccination	Employment	All NSW Rural Fire Service staff, volunteers and external labour (contractors) located at NSW RFS sites and working in close\nproximity to members.	2022-02-14	2022-06-24	2022-06-30	2023-10-06		06/10/23 State Secretary announced that FRNSW have confirmed that they will be formally moving from the Covid-19 Vaccination Policy to the Vaccination and Screening Requirements Policy, which will no longer mandate any vaccine for employees outside of CFR and USAR		599	at least two doses of a COVID-19 vaccine approved by the\nTherapeutic Goods Administration for use in Australia.\nMembers are required to report their vaccination status and ensure it is recorded in their membership record. (For more details check the document NSW RFS COVID-19 RISK MANAGEMENT:\nVACCINATION AND STATUS REPORTING)	The RFS will continue to consider and apply exemptions to mandatory vaccination in accordance with our existing policy position, as follows:\n\nMedical exemption – a temporary exemption may be available for members who are unable to be vaccinated due to medical contraindication(s).\nJunior member exemption – Junior volunteer members are not required to be vaccinated against COVID-19, but are strongly encouraged to follow ATAGI recommendations.\nBrigade exemption – Districts continue to work with the 424 brigades who told us they were not supportive of mandatory vaccination as it would significantly impact their ability to provide fire and emergency service to their communities. Exemptions will be considered and determined for these brigades by no later than 30 June 2022.	Service Standard 7.1.9 COVID-19 Vaccination advised by the NSW Work Health and Safety Act 2001	Where a staff member is found to be not complying with COVID-19 vaccination requirements in\nthis policy, the staff member will be instructed to take leave immediately. Staff may access\naccrued recreation leave, extended leave, agreed absences (if eligible), and leave without pay, or\na combination of these types of leave for this purpose, but may not access sick leave or special\nleave provisions.\n5.2 If a medical exemption is accepted, an individual risk assessment will be performed to determine\nif the staff member can continue in employment with additional control measures in place. Where\na workplace adjustment is required and cannot be made, consideration may be given to whether\nthe person can continue in employment.\n5.3 If no exemption is granted it may be determined that the staff member has refused to comply with\na reasonable direction of the NSW RFS. Failure to comply with this reasonable direction may be\ndeemed a breach of the Service Standard 1.1.7 NSW RFS Code of Conduct and Ethics, may\nresult in misconduct action being undertaken in accordance with Section 69 of the Government\nSector Employment Act 2013, and may lead to termination of employment.	NSW Rural Fire Service Executive Director People and Strategy	14/02/22: Released a document titled COVID-19 Vaccination Information for Volunteer Members which informed members that they were going to make vaccinations madatory by June 30\n27/05/22: Message from the Commissioner formally announcing the mandate						last remaining emergency service that mandated vaccinations for its volunteers	NSW RFS Service Standard document		
93	NSW	NEED UPDATE!!!	Employment	NSW Fire and Rescue\nAll new and existing firefighters, operational support personnel, administrative trades personnel, and contractors, consultants, vendors and visitors who enter and/or work in FRNSW premises, locations or worksite	2021-10-11	2021-12-03	2021-12-17	2023-10-06		06/10/23 State Secretary announced that FRNSW have confirmed that they will be formally moving from the Covid-19 Vaccination Policy to the Vaccination and Screening Requirements Policy, which will no longer mandate any vaccine for employees outside of CFR and USAR		725	To be fully vaccinated against COVID-19 by 17/12/21, including consideration of approved additional/booster vaccinations in the future.\nThere is also a requirement to provide evidence of their vaccination status	An exemption to the requirements in 5.1 of the policy may be available for workers who are unable to be vaccinated due to a medical contraindication to the any (sic) TGA approved and available COVID-19 vaccines. A medical contraindication temporarily or permanently prevents people from receiving a vaccine, as it may increase their chances of a serious adverse event. Vaccination against COVID 19 does not constitute a reasonably practicable risk control for these individuals. If a FRNSW worker with a COVID-19 Vaccine Medical Contraindication Certificate is unable to work safely in FRNSW premises, and is unable to work remotely, consideration will be given to identifying reasonable workplace adjustments.\n\nHealth and Safety Branch must be involved in determining any reasonable workplace adjustments and/or controls required, while also considering any potential impacts on the worker’s fitness for duty and any subsequent decision-making.\n\nA FRNSW worker who has a temporary contraindication to the COVID-19 vaccine must obtain their vaccination within 45 days after the contraindication no longer applies.		If a FRNSW worker is unwilling to provide evidence of their COVID-19 vaccination status, or a COVID-19 Vaccine Medical Contraindication Certificate, FRNSW can direct the worker to provide evidence of their COVID -19 vaccination status and to not attend FRNSW premises, locations or worksites, and not to engage in FRNSW duties until evidence of vaccination is provided and policy requirements are adhered to.	Commissioner of Fire and Rescue NSW	employees were first notified of the decision to introduce the Vaccination Mandate on 11 October 2021 via an email sent by Commissioner Baxter to all FRNSW staff\non 17 September 2021, Commissioner Baxter announced by way of a video sent to all staff via email that FRNSW was considering mandating COVID-19 vaccination. The email contained a link to an online survey to allow FRNSW staff to provide feedback				February 2021 FRNSW workers were given priority access to COVID-19 vaccines under the Australian Government’s COVID-19 vaccine national roll -out strategy			Fire Brigade Employees’ Union of New South Wales v Industrial Relations Secretary of NSW on behalf of Fire and Rescue NSW (COVID-19 Vaccination Dispute) [2023] NSWIRComm 1004		
94	NSW	Department of Communities and Justice (DCJ) COVID-19 Vaccination Policy	Employment	Corrective Services NSW staff working outside their LGAs		2021-09-08	2021-09-09	2022-05-19	COVID-19 management and\nvaccination policy for DCJ service\nproviders updated			253	From 09/09/21 authorised workers from declared LGAs who are working outside their LGA are required to have had their first COVID- 19 vaccine, or evidence of a booking for vaccination before 19/09/21	Possess a medical exemption  certificate issued by a medical practitioner in a form approved by the NSW Chief Health Officer.	Commissioner’s Instruction No. 44/2021	Local management are responsible for compliance and need to ensure any person attending a CSNSW workplace have met the relevant testing and vaccination requirement and provided evidence of a test and/or vaccine/medical contraction certificate before entering the workplace.	Corrective Services Commissioner								Corrective Services Commissioner's Instructions	NSWECRFT100	
95	NSW	Department of Communities and Justice (DCJ) COVID-19 Vaccination Policy	Employment	Corrective Services NSW employees, contractors and consultants working a frontline workplace\nthis includes Correctional Centres, Community Corrections facilities and Courts,		2021-10-20	2021-10-25	2022-05-19	COVID-19 management and\nvaccination policy for DCJ service\nproviders updated			211	Dose 1 by 25 October 2021\n• Dose 2 by 17 January 2022 for all DCJ staff.\nStaff must submit their COVID-19 vaccination status and evidence via the ServiceNow / Justice Self Service Portal.	For staff who must have their first vaccination by 25 October 2021, and are legitimately unable to obtain a vaccination appointment to meet the 25 October 2021 deadline, then a later first dose date of 8 November 2021 may apply subject to appropriate evidence and approval from your manager prior to 25 October 2021.\nThe process to apply for an exceptional circumstance is, the:\n1. Employee must complete an Exceptional Circumstances Form and submit it to their Manager / Supervisor or Manager / Supervisor one-up 2. Manager / Supervisor or Manager / Supervisor one up must send the form to their People (HR) Business partner who will refer it to the COVID-19 Exception Circumstances Review Panel\n3. The review panel, led by the People Branch, and consisting of a People Director, People Business Partner and Executive from the employee’s division, will review the submission in partnership with any other relevant subject matter experts and determine the outcome\n4. The outcome will be communicated to the Manager/Supervisor for further discussion and action with the employee.	CSNSW\nCommissioner’s Instruction No. 51/2021	An employee who does not comply with the DCJ COVID-19 Vaccination Policy, will be required to take their own leave, or where all personal leave is exhausted, Leave Without Pay (LWOP) until contacted by DCJ.\nEmployees will not be able to access sick leave or COVID-19 Special Leave when directed to take leave as part of the non-compliance process.	Corrective Services Commissioner								Corrective Services Commissioner's Instructions	NSWEDCJT100	
96	NSW	Department of Communities and Justice (DCJ) COVID-19 Vaccination Policy	Employment	Third Party Providers, Contractors and Visitors entering CSNSW locations and privately managed correctional centres		2021-10-28	2021-11-08	2022-05-19	COVID-19 management and\nvaccination policy for DCJ service\nproviders updated			203	Must have had 2 doses of a COVID vaccine by 8/11/21\nMust provide evidence if requested		CSNSW Commissioner’s Instruction No. 53/2021	Required action if a person fails to meet\nentry criteria Any person who refuses: to be temperature checked or undertake RAS testing; answer any screening questions; or provide evidence of vaccination status; is to be refused entry to the location.	Corrective Services Commissioner								Corrective Services Commissioner's Instructions	NSWECRFT200	
97	NSW	Department of Communities and Justice (DCJ) COVID-19 Vaccination Policy	Employment	Inmate sweepers working in identified RED ZONE areas		2021-11-03	2021-11-12	2022-05-19	COVID-19 management and\nvaccination policy for DCJ service\nproviders updated			197	Must have had 2 doses of a COVID vaccine\nMust provide evidence if requested		CSNSW Commissioner’s Instruction No. 57/2021	Any non-compliance to the local and additional COVID-19 rules and requirements, wil result in the RED ZONE sweeper no longer being employed in that function.\n	Corrective Services Commissioner								Corrective Services Commissioner's Instructions	NSWECRFT200	
98	NSW	Department of Communities and Justice (DCJ) COVID-19 Vaccination Policy	Public Space	in person visits to correctional centres and transitional centres		2021-11-25	2021-11-29	2022-05-19	COVID-19 management and\nvaccination policy for DCJ service\nproviders updated			175	Inmates and visitors including any children, must be double vaccinated at least two weeks before the date of the visit\n• Visitors must display proof of vaccination status during screening prior to the visit\n• Permissible contact is a short embrace at the beginning and end of the\nvisit. Physical distancing applies at all other times. Children are to remain with the visitor parent/carer. Playgrounds wil remain closed at this time	A positive COVID-19 inmate, an inmate who is quarantine or clinical isolation, or who is not double vaccinated, is not eligible for an in-person visit.\nAny visitor with a medical contraindication or exemption will not be permitted entry at this time.	CSNSW Commissioner’s Instruction No. 58/2021	Existing processes wil apply to restrictions or prohibitions for visits. Failure to adhere to the requirements set out in this Commissioner's Instruction may result ni restrictions or prohibitions being imposed on an inmate or visitor by local authorised officers.	Corrective Services Commissioner								Corrective Services Commissioner's Instructions	NSWPCRF0000	
99	NSW	Department of Communities and Justice (DCJ) COVID-19 Vaccination Policy	Employment	if you work in DCJ locations, such as corporate or policy offices, or work from home. If this is your main work location, but you sometimes go to a frontline office, then the earlier date applies (25/10/21).		2021-10-20	2021-12-01	2022-05-19	COVID-19 management and\nvaccination policy for DCJ service\nproviders updated			211	Dose 1 by 1 December 2021\n• Dose 2 by 17 January 2022 for all DCJ staff.\nStaff must submit their COVID-19 vaccination status and evidence via the ServiceNow / Justice Self Service Portal.	\nThe process to apply for an exceptional circumstance is, the:\n1. Employee must complete an Exceptional Circumstances Form and submit it to their Manager / Supervisor or Manager / Supervisor one-up 2. Manager / Supervisor or Manager / Supervisor one up must send the form to their People (HR) Business partner who will refer it to the COVID-19 Exception Circumstances Review Panel\n3. The review panel, led by the People Branch, and consisting of a People Director, People Business Partner and Executive from the employee’s division, will review the submission in partnership with any other relevant subject matter experts and determine the outcome\n4. The outcome will be communicated to the Manager/Supervisor for further discussion and action with the employee.	CSNSW\nCommissioner’s Instruction No. 51/2021	An employee who does not comply with the DCJ COVID-19 Vaccination Policy, will be required to take their own leave, or where all personal leave is exhausted, Leave Without Pay (LWOP) until contacted by DCJ.\nEmployees will not be able to access sick leave or COVID-19 Special Leave when directed to take leave as part of the non-compliance process.	Corrective Services Commissioner								Corrective Services Commissioner's Instructions	NSWEDCJT200	
100	NSW	Department of Creative Industries, Tourism, Hospitality and Sport COVID Vaccination Policy	Employment	employees of the Department of Creative Industries, Tourism, Hospitality and Sport		2022-11-01		2022-11-30		the document has been revised in Nov 2022 and Nov 2023 which indicates a mandate may have been in effect during that time		29	Category A are employees who work with people or in environments where the risk of transmission and the risk to those contracting the virus is high. This includes those employees that work in the field, have regular contact with external stakeholders, or work with vulnerable people and communities.\nCategory B are employees who work in the back office and have low level contact with external stakeholders.	N/A	N/A	N/A	Department of Creative Industries, Tourism, Hospitality and Sport 							I can only find the current version which strongly recommends taking the vaccine. However, the document has been revised in Nov 2022 and Nov 2023 which could indicate a mandate being in effect during that time	Department of Creative Industries, Tourism, Hospitality and Sport Vaccination Policy Webpage https://www.nsw.gov.au/enterprise-investment-trade/policy/covid-vaccination 		
101	VIC	COVID-19 Mandatory Vaccination (Workers) Directions	Employment		2021-10-01	2021-10-07	2021-10-22	2021-10-21	Wasn't included in the next available direction found - COVID-19 Mandatory Vaccination (Workers) Directions\n(No 5)			20	From 15/10/21, employees must provide vaccination information including bookings to receive doses\nFirst dose by 22/10/21\nSecond dose by 26/11/22 in order to work outside their place of residence	if a worker has a booking to receive, by the first dose deadline, they are exempted\nThe exceptional circumstances are:\n(a) a worker is required to perform work or duties that is or are necessary to provide for urgent specialist clinical or medical care due to an emergency situation or a critical unforeseen circumstance; or (b) a worker is required to fill a vacancy to provide urgent care, to maintain quality of care and/or to continue essential operations due to an emergency situation or a critical unforeseen circumstance; or a worker is required to respond to an emergency; or (d) a worker is required to perform urgent and essential work to protect\nthe health and safety of workers or members of the public, or to protect assets and infrastructure; or (e) an education worker that is required to: (i) carry out assessments of an oral or performance examination; or (ii) work as a venue coordinator for those examinations.	COVID-19 Mandatory Vaccination (Workers) Directions	A person must not refuse or fail to comply with a direction given to the person, or a requirement made of the person, in the exercise of a power under an authorisation given under section 199.\nIn the case of a natural person, 120 penalty units; In the case of a body corporate, 600 penalty units.\nGiving false and misleading information to an authorised officer. In the case of a natural person, 60 penalty units;In the case of a body corporate, 300 penalty units.	Minister for Health								Pandemic Order	VICEOTHT330	
102	VIC	Open Premises Directions	Public Space	education premises			2021-10-21	2021-12-15	Requirement removed before 15/12/2021 as it's not in the new order			55	NOT A MANDATE\nstudents must only attend onsite education in metropolitan Vic for a specified number of days according to their year group. \nPre-primary: 3 days a week \nY1&2: 2 days per week \nY3-6, 8-10: 2 days per week with face masks \nY7, 11, 12: 5 days per week with face masks 	Exemptions include access to bathrooms, severe weather, education and childcare services, public event framework; emegency use and opeations; 12/4/22 added: state or federal elections\na worker is required to perform work or duties that is or are necessary to provide for urgent specialist clinical or medical care due to an emergency situation or a critical unforeseen circumstance; or a worker is required to fill a vacancy to provide urgent care, to maintain quality of care and/or to continue essential operations due to an emergency situation or a critical unforeseen circumstance; or\na worker is required to respond to an emergency; or\na worker is required to perform urgent and essential work to protect the health and safety of workers or members of the public, or to protect assets and infrastructure.	Open Premises Order (No.2)	A person must not refuse or fail to comply with a direction given to the person, or a requirement made of the person, in the exercise of a power under an authorisation given under section 199.\nIn the case of a natural person, 120 penalty units; In the case of a body corporate, 600 penalty units.\nGiving false and misleading information to an authorised officer. In the case of a natural person, 60 penalty units;In the case of a body corporate, 300 penalty units.	Minister for Health								Pandemic Order	VICEEDUT200	
103	VIC	COVID-19 Mandatory Vaccination (General Workers) Directions	Employment	indoor and outdoor spaces		2021-10-29	2021-10-29	2021-12-15	COVID-19 Mandatory Vaccination (General Workers) Directions (No\n3) revoked by Pandemic COVID-19 Mandatory Vaccination (General\nWorkers) Order 2021 (No. 1). which didn't include this mandate			47	the employer must not permit the number of persons in an indoor space or an\noutdoor space at the premises to exceed the density quotient (2 sq metres).	If the premises is an open premises or a specified facility\nWorkers that are under 12 years of age, under another vaccine mandate direction or Commonwealth employees, members of State Parliament and religious workers who are not covered by this Order.\nif the person holds acceptable certification\nfrom a medical practitioner that the person is unable to receive a dose, or a further dose, of a COVID-19 vaccine due to:\n(a) a medical contraindication; or\n(b) an acute medical illness (including where the person has been diagnosed with SARS-CoV-2).	COVID-19 Mandatory Vaccination (General Workers)\nDirections\nPandemic COVID-19 Mandatory Vaccination\n(General Workers) Order 2021 (No. 1)	A person must not refuse or fail to comply with a direction given to the person, or a requirement made of the person, in the exercise of a power under an authorisation given under section 199.\nIn the case of a natural person, 120 penalty units; In the case of a body corporate, 600 penalty units.\nGiving false and misleading information to an authorised officer. In the case of a natural person, 60 penalty units;In the case of a body corporate, 300 penalty units.	Minister for Health								Pandemic Order	VICPIRG0000	
104	VIC	Open Premises Directions	Public Space	animal premises				2021-12-15	Requirememnt removed before 5/12/2021 as it's not in the new order				visitors must be fully vaccinated and 18 or above to access open premises in Metropolitan Melbourne and\nRegional Victoria\n15/12/21: changed to all of VIC\n6/1/22: workers above 12 years and 2 months of age must be fully vaccinate	Exemptions include access to bathrooms, severe weather, education and childcare services, public event framework; emegency use and opeations; 12/4/22 added: state or federal elections\na worker is required to perform work or duties that is or are necessary to provide for urgent specialist clinical or medical care due to an emergency situation or a critical unforeseen circumstance; or a worker is required to fill a vacancy to provide urgent care, to maintain quality of care and/or to continue essential operations due to an emergency situation or a critical unforeseen circumstance; or\na worker is required to respond to an emergency; or\na worker is required to perform urgent and essential work to protect the health and safety of workers or members of the public, or to protect assets and infrastructure.	Open Premises Order (No.2)	A person must not refuse or fail to comply with a direction given to the person, or a requirement made of the person, in the exercise of a power under an authorisation given under section 199.\nIn the case of a natural person, 120 penalty units; In the case of a body corporate, 600 penalty units.\nGiving false and misleading information to an authorised officer. In the case of a natural person, 60 penalty units;In the case of a body corporate, 300 penalty units.	Minister for Health							[Source date unresolved: VIC!A5 / announcement_date]\n70% easing of restrictions 16/09/2021\n\n[Source date unresolved: VIC!C5 / enforcement_date]\nEarlier than 17/09/2021\n\n23/10/2021	Pandemic Order	VICPOTHT3000	
105	VIC	Open Premises Directions	Public Space	childcare or early\nchildhood premises				2021-12-15	Requirememnt removed before 5/12/2021 as it's not in the new order				workers and visitors must be fully vaccinated and 18 or above to access open premises in Metropolitan Melbourne and\nRegional Victoria	Exemptions include access to bathrooms, severe weather, education and childcare services, public event framework; emegency use and opeations; 12/4/22 added: state or federal elections\na worker is required to perform work or duties that is or are necessary to provide for urgent specialist clinical or medical care due to an emergency situation or a critical unforeseen circumstance; or a worker is required to fill a vacancy to provide urgent care, to maintain quality of care and/or to continue essential operations due to an emergency situation or a critical unforeseen circumstance; or\na worker is required to respond to an emergency; or\na worker is required to perform urgent and essential work to protect the health and safety of workers or members of the public, or to protect assets and infrastructure.	Open Premises Order (No.2)	A person must not refuse or fail to comply with a direction given to the person, or a requirement made of the person, in the exercise of a power under an authorisation given under section 199.\nIn the case of a natural person, 120 penalty units; In the case of a body corporate, 600 penalty units.\nGiving false and misleading information to an authorised officer. In the case of a natural person, 60 penalty units;In the case of a body corporate, 300 penalty units.	Minister for Health							[Source date unresolved: VIC!A6 / announcement_date]\n70% easing of restrictions 16/09/2024\n\n[Source date unresolved: VIC!C6 / enforcement_date]\nEarlier than 17/09/2021\n\n23/10/2024	Pandemic Order	VICPECF0000	
106	VIC	Open Premises Directions	Public Space	funeral parlours and\ncrematoriums				2021-12-15	Requirememnt removed before 5/12/2021 as it's not in the new order				workers and visitors must be fully vaccinated and 18 or above to access open premises in Metropolitan Melbourne and\nRegional Victoria\n	Do not apply if the metropolitan premises is within the density quotient (4 sq metres); and does not permit the total number of patrons in all of the indoor spaces at the premises to exceed 10; and\n(c) does not permit the total number of patrons in all of the outdoor spaces at the premises to exceed 20.\nfor regional it's to exceed the density quotient (4 sq metres); and (b) does not permit the total number of patrons at the whole of the premises at any time to exceed the lesser of:\n(i) the density quotient (4 sq metres); or (ii) 20.\nExemptions include access to bathrooms, severe weather, education and childcare services, public event framework; emegency use and opeations\na worker is required to perform work or duties that is or are necessary to provide for urgent specialist clinical or medical care due to an emergency situation or a critical unforeseen circumstance; or a worker is required to fill a vacancy to provide urgent care, to maintain quality of care and/or to continue essential operations due to an emergency situation or a critical unforeseen circumstance; or\na worker is required to respond to an emergency; or\na worker is required to perform urgent and essential work to protect the health and safety of workers or members of the public, or to protect assets and infrastructure.	Open Premises Order (No.2)	A person must not refuse or fail to comply with a direction given to the person, or a requirement made of the person, in the exercise of a power under an authorisation given under section 199.\nIn the case of a natural person, 120 penalty units; In the case of a body corporate, 600 penalty units.\nGiving false and misleading information to an authorised officer. In the case of a natural person, 60 penalty units;In the case of a body corporate, 300 penalty units.	Minister for Health							[Source date unresolved: VIC!A7 / announcement_date]\n70% easing of restrictions 16/09/2029\n\n[Source date unresolved: VIC!C7 / enforcement_date]\nEarlier than 17/09/2021\n\n23/10/2029	Pandemic Order	VICPOTHT800	
107	VIC	Open Premises Directions	Public Space	general retail\npremises				2021-12-15	Requirememnt removed before 5/12/2021 as it's not in the new order				workers and visitors must be fully vaccinated and 18 or above to access open premises in Metropolitan Melbourne and\nRegional Victoria\n	Exemptions include access to bathrooms, severe weather, education and childcare services, public event framework; emegency use and opeations\na worker is required to perform work or duties that is or are necessary to provide for urgent specialist clinical or medical care due to an emergency situation or a critical unforeseen circumstance; or a worker is required to fill a vacancy to provide urgent care, to maintain quality of care and/or to continue essential operations due to an emergency situation or a critical unforeseen circumstance; or\na worker is required to respond to an emergency; or\na worker is required to perform urgent and essential work to protect the health and safety of workers or members of the public, or to protect assets and infrastructure.	Open Premises Order (No.2)	A person must not refuse or fail to comply with a direction given to the person, or a requirement made of the person, in the exercise of a power under an authorisation given under section 199.\nIn the case of a natural person, 120 penalty units; In the case of a body corporate, 600 penalty units.\nGiving false and misleading information to an authorised officer. In the case of a natural person, 60 penalty units;In the case of a body corporate, 300 penalty units.	Minister for Health							[Source date unresolved: VIC!A8 / announcement_date]\n70% easing of restrictions 16/09/2031\n\n[Source date unresolved: VIC!C8 / enforcement_date]\nEarlier than 17/09/2021\n\n23/10/2031	Pandemic Order	VICPOTHT110	
108	VIC	Open Premises Directions	Public Space	large rehearsal\ntheatre				2021-12-15	Requirememnt removed before 5/12/2021 as it's not in the new order				workers and visitors must be fully vaccinated and 18 or above to access open premises in Metropolitan Melbourne and\nRegional Victoria	Exemptions include access to bathrooms, severe weather, education and childcare services, public event framework; emegency use and opeations\na worker is required to perform work or duties that is or are necessary to provide for urgent specialist clinical or medical care due to an emergency situation or a critical unforeseen circumstance; or a worker is required to fill a vacancy to provide urgent care, to maintain quality of care and/or to continue essential operations due to an emergency situation or a critical unforeseen circumstance; or\na worker is required to respond to an emergency; or\na worker is required to perform urgent and essential work to protect the health and safety of workers or members of the public, or to protect assets and infrastructure.	Open Premises Order (No.2)	A person must not refuse or fail to comply with a direction given to the person, or a requirement made of the person, in the exercise of a power under an authorisation given under section 199.\nIn the case of a natural person, 120 penalty units; In the case of a body corporate, 600 penalty units.\nGiving false and misleading information to an authorised officer. In the case of a natural person, 60 penalty units;In the case of a body corporate, 300 penalty units.	Minister for Health							[Source date unresolved: VIC!A9 / announcement_date]\n70% easing of restrictions 16/09/2033\n\n[Source date unresolved: VIC!C9 / enforcement_date]\nEarlier than 17/09/2021\n\n23/10/2033	Pandemic Order		
109	VIC	Open Premises Directions	Public Space	places of worship 				2021-12-15	Requirememnt removed before 5/12/2021 as it's not in the new order				workers and visitors must be fully vaccinated and 18 or above to access open premises in Metropolitan Melbourne and\nRegional Victoria\nLower patron limits for unvaccinated operations	Exception for essential public support services and broadcasting\nExemptions include access to bathrooms, severe weather, education and childcare services, public event framework; emegency use and opeations\na worker is required to perform work or duties that is or are necessary to provide for urgent specialist clinical or medical care due to an emergency situation or a critical unforeseen circumstance; or a worker is required to fill a vacancy to provide urgent care, to maintain quality of care and/or to continue essential operations due to an emergency situation or a critical unforeseen circumstance; or\na worker is required to respond to an emergency; or\na worker is required to perform urgent and essential work to protect the health and safety of workers or members of the public, or to protect assets and infrastructure.	Open Premises Order (No.2)	A person must not refuse or fail to comply with a direction given to the person, or a requirement made of the person, in the exercise of a power under an authorisation given under section 199.\nIn the case of a natural person, 120 penalty units; In the case of a body corporate, 600 penalty units.\nGiving false and misleading information to an authorised officer. In the case of a natural person, 60 penalty units;In the case of a body corporate, 300 penalty units.	Minister for Health							[Source date unresolved: VIC!A10 / announcement_date]\n70% easing of restrictions 16/09/2035\n\n[Source date unresolved: VIC!C10 / enforcement_date]\nEarlier than 17/09/2021\n\n23/10/2035	Pandemic Order	VICPOTHT130	
110	VIC	Open Premises Directions	Public Space	real estate premises				2021-12-15	Requirememnt removed before 5/12/2021 as it's not in the new order				workers and visitors must be fully vaccinated and 18 or above to access\nan auction conducted in either Metropolitan Melbourne or Regional\nVictoria; or an inspection conducted in Regional Victoria.\nLower patron limit for unvaccinated patrons in Regional VIC	Exemptions include access to bathrooms, severe weather, education and childcare services, public event framework; emegency use and opeations; 12/4/22 added: state or federal elections\na worker is required to perform work or duties that is or are necessary to provide for urgent specialist clinical or medical care due to an emergency situation or a critical unforeseen circumstance; or a worker is required to fill a vacancy to provide urgent care, to maintain quality of care and/or to continue essential operations due to an emergency situation or a critical unforeseen circumstance; or\na worker is required to respond to an emergency; or\na worker is required to perform urgent and essential work to protect the health and safety of workers or members of the public, or to protect assets and infrastructure.	Open Premises Order (No.2)	A person must not refuse or fail to comply with a direction given to the person, or a requirement made of the person, in the exercise of a power under an authorisation given under section 199.\nIn the case of a natural person, 120 penalty units; In the case of a body corporate, 600 penalty units.\nGiving false and misleading information to an authorised officer. In the case of a natural person, 60 penalty units;In the case of a body corporate, 300 penalty units.	Minister for Health							[Source date unresolved: VIC!A11 / announcement_date]\n70% easing of restrictions 16/09/2036\n\n[Source date unresolved: VIC!C11 / enforcement_date]\nEarlier than 17/09/2021\n\n23/10/2036	Pandemic Order	VICPOTHT140	
111	VIC	Pandemic (Movement and Gathering) Order	Employment	Workers at ceremonies		2021-12-15	2021-12-15	2022-04-22	Stated on the vic.gov webpage			128	Must be fully vaccinated	an excepted person; or (c) a person who:\n(i) conducts services of public worship and acknowledgments of faith; or\n(ii) performs marriages, funerals and special memorial services\naccording to tradition and ecclesiastical and civil law; or (iii) visits members of the community in their homes, hospitals and\nother institutions to provide advice and religious comfort for the purpose of end of life faith reasons.	Pandemic (Movement and\nGathering) Order 2021 (No. 1)\nStay Safe Directions (Victoria)	A person must not refuse or fail to comply with a direction given to the person, or a requirement made of the person, in the exercise of a power under an authorisation given under section 199.\nIn the case of a natural person, 120 penalty units; In the case of a body corporate, 600 penalty units.\nGiving false and misleading information to an authorised officer. In the case of a natural person, 60 penalty units;In the case of a body corporate, 300 penalty units.	Minister for Health								Pandemic Order	VICEOTHT320	
112	VIC	Pandemic (Victorian Border Crossing) Order	Employment	International travel for international aircrew services worker		2021-12-15	2021-12-15	2022-04-22	Stated on the vic.gov webpage	"12/01/22: Pandemic (Victorian Border Crossing) Order 2021 (No. 3) removed restrictions from entering specific facilities for a period of time after entering Victoria.\n04/02/22: Pandemic (Victorian Border Crossing) Order 2021 (No. 4) added that ""Fully vaccinated or medically exempt international arrivals (including aircrew) may enter an educational facility, childcare or early childhood service.\nNot fully vaccinated or medically exempt international arrivals (including adolescents) may enter an\neducational facility, childcare or early childhood service, residential aged care, disability residential\nservice or hospitals 8 days after arrival."" \n18/02/22: No. 5 removed the requirement for the international arrivals permit scheme and the restrictions for international aircrew services workers who are medically exempt to attend a residential aged care\nfacility, disability residential service or hospital.\n18/03/22: removed testing and quarantine requirements for fully vaccinated aircrew members"		128	must be fully vaccinated to enter victoria\nMust not attend an educational\nfacility, childcare or early childhood services, residential aged care facility,\ndisability residential service or hospital (unless the person is obtaining urgent\nmedical care) in Victoria after arriving in Australia for 7 days (vaccinated) or 15 days (unvaccinated) (removed 12/01/22, but some more clauses were added. Check executive order removal details for more)	a medically exempt person or is an Australian\nbased international aircrew services worker.	Pandemic (Victorian Border Crossing) Order 2021 (No. 1)	A person must not refuse or fail to comply with a direction given to the person, or a requirement made of the person, in the exercise of a power under an authorisation given under section 199.\nIn the case of a natural person, 120 penalty units; In the case of a body corporate, 600 penalty units.\nGiving false and misleading information to an authorised officer. In the case of a natural person, 60 penalty units;In the case of a body corporate, 300 penalty units.	Minister for Health								Pandemic Order	VICEINT0000	
113	VIC	Pandemic (Victorian Border Crossing) Order	Public Space,Travel	International travel for international passengers		2021-12-15	2021-12-15	2022-04-22	Stated on the vic.gov webpage	"12/01/22: Pandemic (Victorian Border Crossing) Order 2021 (No. 3) removed restrictions from entering specific facilities for a period of time after entering Victoria.\n04/02/22: Pandemic (Victorian Border Crossing) Order 2021 (No. 4) added that ""Fully vaccinated or medically exempt international arrivals (including aircrew) may enter an educational facility, childcare or early childhood service.\nNot fully vaccinated or medically exempt international arrivals (including adolescents) may enter an\neducational facility, childcare or early childhood service, residential aged care, disability residential\nservice or hospitals 8 days after arrival."" \n18/02/22: No. 5 removed the requirement for the international arrivals permit scheme and the restrictions for children who are not fully vaccinated and are not medically exempt to attend a residential aged care\nfacility, disability residential service or hospital."		128	12 years and 2 months of age or above and is fully vaccinated\nIf they are younger they must be travelling with one travelling with at least one parent or guardian who is fully\nvaccinated or is a medically exempt person or travelling unaccompained\nNeed a permit too\nMust not attend an educational\nfacility, childcare or early childhood services, residential aged care facility,\ndisability residential service or hospital (unless the person is obtaining urgent\nmedical care) in Victoria after arriving in Australia for 7 days (vaccinated) or 15 days (unvaccinated) (removed 12/01/22, but some more clauses were added. Check executive order removal details for more)	medically exempt	Pandemic (Victorian Border Crossing) Order 2021 (No. 1)	A person must not refuse or fail to comply with a direction given to the person, or a requirement made of the person, in the exercise of a power under an authorisation given under section 199.\nIn the case of a natural person, 120 penalty units; In the case of a body corporate, 600 penalty units.\nGiving false and misleading information to an authorised officer. In the case of a natural person, 60 penalty units;In the case of a body corporate, 300 penalty units.	Minister for Health								Pandemic Order	VICPINT0000	
114	VIC	COVID-19 Mandatory Vaccination (Specified Facilities) Directions	Employment	education facility (including teachers, early childhood\neducators and educational support staff)	2021-09-22		2021-10-25	2022-06-24	Not included in Pandemic (Workplace) Order 2022 (No. 9)	"25/01/22 - Pandemic COVID-19 Mandatory Vaccination (Specified Facilities) Order 2022 (No. 3) introduced booster doses\n04/02/22 - Pandemic COVID-19 Mandatory Vaccination (Specified Facilities) Order 2022 (No. 4) added ""A worker who was unable to become fully vaccinated (boosted) before their booster deadline due to being in self-quarantine or self-isolation may attend the premises of a specified facility if they\nhave a booking to receive a booster vaccine within a specified period.""\n25/02/22: Pandemic COVID-19 Mandatory Vaccination (Specified Facilities) Order 2022 (No. 6) changed booster deadline from 25/02/22 booster to 25/03/22. An education facility worker that became fully vaccinated on or before 25 October 2021 and has not received a booster vaccine dose by 25/02/22 must not be allowed to work on the specified facility premises unless they have a booking to receive a booster vaccine dose on or before 25/03/22 and has provided evidence of that booster dose booking to their employer.\n22/04/22: Revoked by Pandemic (Workplace) Order 2022 (No. 8) to combine Specified Facilities, General Workers, Specified Workers and Open Premises into one order"		275	First dose by 25/10/21\nSecond dose by 29/11/21\nMust provide vaccination and booking details from 18/10/21 to the education operator	Exception — booking by first dose deadline\n(a) a worker is required to perform work or duties at the facility that is or are necessary to provide for urgent specialist clinical or medical care due to an emergency situation or a critical unforeseen circumstance; or (b) a worker is required to fill a vacancy to provide urgent care, to maintain quality of care and/or continue essential operations at the facility due to an emergency situation or a critical unforeseen circumstance; or\n(c) a worker is required to attend the facility to respond to an emergency at the facility; or (d) a worker is required to perform urgent and essential work at the facility to protect the health and safety of workers or members of the public, or to protect assets and infrastructure; or (e) an education worker is required to: (i) carry out assessments of an oral or performance examination as part of the Victorian Certificate of Education or International Baccalaureate; or (ii) work as a venue coordinator for those examinations.	COVID-19 Mandatory Vaccination (Specified Facilities)\nDirections (No 10)	A person must not refuse or fail to comply with a direction given to the person, or a requirement made of the person, in the exercise of a power under an authorisation given under section 199.\nIn the case of a natural person, 120 penalty units; In the case of a body corporate, 600 penalty units.\n(2) A person is not guilty of an offence against subsection (1) if the person had a reasonable excuse for refusing or failing to comply with the direction or requirement.	Minister for Health	New articles that also announced government school staff will be entitled to a half-day of paid time off in order to attend a vaccination appointment.				Prior to the mandate being announced (22/09/21), a survey of 33,000 teachers found 75% were already fully vaccinated. https://www.theguardian.com/australia-news/2021/sep/22/victoria-covid-update-vaccination-to-be-compulsory-for-teachers-as-state-records-628-new-cases \n\n180 failed to receive a first or second dose the year and have been placed on unauthorised leave\nhttps://www.theguardian.com/australia-news/2022/apr/28/victoria-stands-down-420-public-school-teachers-over-vaccine-mandates			Pandemic Order	VICEEDUT1V1	
115	VIC	(BOOSTER) COVID-19 Mandatory Vaccination Directions	Employment	residential aged care facilities booster		2022-01-12	2022-03-12	2022-06-24	Not included in Pandemic (Workplace) Order 2022 (No. 9)	"12/01/22 - Pandemic COVID-19 Mandatory Vaccination (Specified Facilities) Order 2022 (No. 2) introduced booster doses\n04/02/22 - Pandemic COVID-19 Mandatory Vaccination (Specified Facilities) Order 2022 (No. 4) added ""A worker who was unable to become fully vaccinated (boosted) before their booster deadline due to being in self-quarantine or self-isolation may attend the premises of a specified facility if they\nhave a booking to receive a booster vaccine within a specified period.""\n11/02/22- Pandemic COVID-19 Mandatory Vaccination (Specified Facilities) Order 2022 (No. 5) changed booster deadline from 12/02/22 booster deadline to 12/03/22. The definition of healthcare worker for the purposes of this order is amended to exclude healthcare workers to the extent that they are employed at an education facility.\n22/04/22: Revoked by Pandemic (Workplace) Order 2022 (No. 8) to combine Specified Facilities, General Workers, Specified Workers and Open Premises into one order"		163	For workers that became fully vaccinated on or before 12/09/21, the deadline is 12/02/22.\nFor workers that became fully vaccinated after 12/09/21, the\ndeadline is 1/03/22.\n11/02/22 order update: Deadline extended to 12/03/22	(a) a worker that is required to perform work or duties at the work premises that are necessary to provide for urgent specialist clinical or medical care at the work premises due to an emergency situation or a critical unforeseen circumstance; or (b) a worker that is deployed to fill a vacancy to provide urgent care, to maintain quality of care and/or continue essential operations at the work premises due to an emergency situation or a critical unforeseen circumstance; or (c) a worker who is required to attend the premises to respond to an emergency at the work premises; or (d) a worker who is required to perform urgent and essential work at the work premises to protect the health and safety of workers or members of the public, or to protect assets and infrastructure.\n	COVID-19 Mandatory Vaccination Directions (No 2)\nCOVID-19 Mandatory Vaccination (Specified Facilities)\nDirections (No 10)	An operator of a residential aged care facility must request, collect and store information about workers' vaccination statuses and whether bookings have been made to receive partial and full vaccines\nA person must not refuse or fail to comply with a direction given to the person, or a requirement made of the person, in the exercise of a power under an authorisation given under section 199.\nIn the case of a natural person, 120 penalty units; In the case of a body corporate, 600 penalty units.\n(2) A person is not guilty of an offence against subsection (1) if the person had a reasonable excuse for refusing or failing to comply with the direction or requirement.	Minister for Health								Pandemic Order	VICERACT1V2	
116	VIC	COVID-19 Mandatory Vaccination (Workers) Directions	Employment	Meat and seafood processing worker	2021-10-01	2021-10-07	2021-10-22	2022-06-26	Not included in Pandemic (Workplace) Order 2022 (No. 9)	7/10/21-15/12/21: COVID-19 Mandatory Vaccination (Workers) Directions No.1-No.8\n15/12/21: Pandemic COVID-19 Mandatory Vaccination (Specified Workers) Order 2021 (No 1) revoked previous order\n12/01/22: Vaccination (Specified Workers) Order 2022 (No 2) introduced booster dose \n04/02/22: Vaccination (Specified Workers) Order 2022 (No 3) added booster exemption for people under 18\n11/02/22: Vaccination (Specified Workers) Order 2022 (No 4) booster deadline is extended to 12/03/22, provided that: By 12/03/22 the worker has a booking to receive their booster vaccine dose on or before 12/0322; and the worker has provided evidence of that booster dose to the operator of workplace.\n25/02/22: Vaccination (Specified Workers) Order 2022 (No 5). Booster requirements have been included to allow specified workers who are fully\nvaccinated but not yet boosted, 18 years and over and not excepted persons to work onsite in the\nfollowing limited circumstances including working on site for up to 3 months and 14 days\n22/04/22: Specified Workers Order 2022 (No 6) was revoked by Pandemic (Workplace) Order 2022 (No. 8) to combine Specified Facilities, General Workers, Specified Workers and Open Premises into one order	118	268	From 15/10/21, employees must provide vaccination information including bookings to receive doses\nFirst dose by 22/10/21\nSecond dose by 26/11/22 in order to work outside their place of residence	if a worker has a booking to receive, by the first dose deadline, they are exempted\nThe exceptional circumstances are:\n(a) a worker is required to perform work or duties that is or are necessary to provide for urgent specialist clinical or medical care due to an emergency situation or a critical unforeseen circumstance; or (b) a worker is required to fill a vacancy to provide urgent care, to maintain quality of care and/or to continue essential operations due to an emergency situation or a critical unforeseen circumstance; or a worker is required to respond to an emergency; or (d) a worker is required to perform urgent and essential work to protect\nthe health and safety of workers or members of the public, or to protect assets and infrastructure; or (e) an education worker that is required to: (i) carry out assessments of an oral or performance examination; or (ii) work as a venue coordinator for those examinations.	COVID-19 Mandatory Vaccination (Workers) Directions	A person must not refuse or fail to comply with a direction given to the person, or a requirement made of the person, in the exercise of a power under an authorisation given under section 199.\nIn the case of a natural person, 120 penalty units; In the case of a body corporate, 600 penalty units.\nGiving false and misleading information to an authorised officer. In the case of a natural person, 60 penalty units;In the case of a body corporate, 300 penalty units.	Minister for Health								Pandemic Order	VICEMIW00V1	
117	VIC	(BOOSTER) Pandemic COVID-19 Mandatory Vaccination (Specified Workers) Order 2022 (No. 2)	Employment	food distribution worker booster dose		2022-01-12	2022-02-12	2022-06-26	Not included in Pandemic (Workplace) Order 2022 (No. 9)	7/10/21-15/12/21: COVID-19 Mandatory Vaccination (Workers) Directions No.1-No.8\n15/12/21: Pandemic COVID-19 Mandatory Vaccination (Specified Workers) Order 2021 (No 1) revoked previous order\n12/01/22: Vaccination (Specified Workers) Order 2022 (No 2) introduced booster dose \n04/02/22: Vaccination (Specified Workers) Order 2022 (No 3) added booster exemption for people under 18\n11/02/22: Vaccination (Specified Workers) Order 2022 (No 4) booster deadline is extended to 12/03/22, provided that by 12/03/22 the worker has a booking to receive their booster vaccine dose on or before 12/03/22; and the worker has provided evidence of that booster dose to the operator of workplace.\n25/02/22: Vaccination (Specified Workers) Order 2022 (No 5). Booster requirements have been included to allow specified workers who are fully\nvaccinated but not yet boosted, 18 years and over and not excepted persons to work onsite in the\nfollowing limited circumstances including working on site for up to 3 months and 14 days\n22/04/22: Specified Workers Order 2022 (No 6) was revoked by Pandemic (Workplace) Order 2022 (No. 8) to combine Specified Facilities, General Workers, Specified Workers and Open Premises into one order		165	12/02/22- Booster dose deadline for workers that became fully vaccinated by 12/09/21\n12/03/22- Booster dose deadline for workers that became fully vaccinated after 12/09/21\n\n11/02/22: extended booster deadline is to 12/03/22, provided that by 12/03/22 the worker has a booking to receive their booster on or before 12/03/22	if a worker has a booking to receive, by the first dose deadline, they are exempted\nThe exceptional circumstances are:\n(a) a worker is required to perform work or duties that is or are necessary to provide for urgent specialist clinical or medical care due to an emergency situation or a critical unforeseen circumstance; or (b) a worker is required to fill a vacancy to provide urgent care, to maintain quality of care and/or to continue essential operations due to an emergency situation or a critical unforeseen circumstance; or a worker is required to respond to an emergency; or (d) a worker is required to perform urgent and essential work to protect\nthe health and safety of workers or members of the public, or to protect assets and infrastructure; or (e) an education worker that is required to: (i) carry out assessments of an oral or performance examination; or (ii) work as a venue coordinator for those examinations.\n04/02/22: added booster exemption for people under 18\n25/02/22:Booster requirements have been included to allow specified workers who are fully vaccinated but not yet boosted, 18 years and over and not excepted persons to work onsite in the following limited circumstances including working on site for up to 3 months and 14 days	Pandemic COVID-19 Mandatory\nVaccination (Specified Workers) Order 2022 (No. 2)	A person must not refuse or fail to comply with a direction given to the person, or a requirement made of the person, in the exercise of a power under an authorisation given under section 199.\nIn the case of a natural person, 120 penalty units; In the case of a body corporate, 600 penalty units.\nGiving false and misleading information to an authorised officer. In the case of a natural person, 60 penalty units;In the case of a body corporate, 300 penalty units.	Minister for Health								Pandemic Order	VICEFAD00V2	
118	VIC	(BOOSTER) Pandemic COVID-19 Mandatory Vaccination (Specified Workers) Order 2022 (No. 2)	Employment	meat and seafood\nprocessing worker booster dose		2022-01-12	2022-02-12	2022-06-26	Not included in Pandemic (Workplace) Order 2022 (No. 9)	7/10/21-15/12/21: COVID-19 Mandatory Vaccination (Workers) Directions No.1-No.8\n15/12/21: Pandemic COVID-19 Mandatory Vaccination (Specified Workers) Order 2021 (No 1) revoked previous order\n12/01/22: Vaccination (Specified Workers) Order 2022 (No 2) introduced booster dose \n04/02/22: Vaccination (Specified Workers) Order 2022 (No 3) added booster exemption for people under 18\n11/02/22: Vaccination (Specified Workers) Order 2022 (No 4) booster deadline is extended to 12/03/22, provided that by 12/03/22 the worker has a booking to receive their booster vaccine dose on or before 12/03/22; and the worker has provided evidence of that booster dose to the operator of workplace.\n25/02/22: Vaccination (Specified Workers) Order 2022 (No 5). Booster requirements have been included to allow specified workers who are fully\nvaccinated but not yet boosted, 18 years and over and not excepted persons to work onsite in the\nfollowing limited circumstances including working on site for up to 3 months and 14 days\n22/04/22: Specified Workers Order 2022 (No 6) was revoked by Pandemic (Workplace) Order 2022 (No. 8) to combine Specified Facilities, General Workers, Specified Workers and Open Premises into one order		165	12/02/22- Booster dose deadline for workers that became fully vaccinated by 12/09/21\n12/03/22- Booster dose deadline for workers that became fully vaccinated after 12/09/21\n\n11/02/22: extended booster deadline is to 12/03/22, provided that by 12/03/22 the worker has a booking to receive their booster on or before 12/03/22	if a worker has a booking to receive, by the first dose deadline, they are exempted\nThe exceptional circumstances are:\n(a) a worker is required to perform work or duties that is or are necessary to provide for urgent specialist clinical or medical care due to an emergency situation or a critical unforeseen circumstance; or (b) a worker is required to fill a vacancy to provide urgent care, to maintain quality of care and/or to continue essential operations due to an emergency situation or a critical unforeseen circumstance; or a worker is required to respond to an emergency; or (d) a worker is required to perform urgent and essential work to protect\nthe health and safety of workers or members of the public, or to protect assets and infrastructure; or (e) an education worker that is required to: (i) carry out assessments of an oral or performance examination; or (ii) work as a venue coordinator for those examinations.\n04/02/22: added booster exemption for people under 18\n25/02/22:Booster requirements have been included to allow specified workers who are fully vaccinated but not yet boosted, 18 years and over and not excepted persons to work onsite in the following limited circumstances including working on site for up to 3 months and 14 days	Pandemic COVID-19 Mandatory\nVaccination (Specified Workers) Order 2022 (No. 2)	A person must not refuse or fail to comply with a direction given to the person, or a requirement made of the person, in the exercise of a power under an authorisation given under section 199.\nIn the case of a natural person, 120 penalty units; In the case of a body corporate, 600 penalty units.\nGiving false and misleading information to an authorised officer. In the case of a natural person, 60 penalty units;In the case of a body corporate, 300 penalty units.	Minister for Health								Pandemic Order	VICEMIW00V2	
119	VIC	COVID-19 Mandatory Vaccination Directions	Employment	residential aged care facilities		2021-09-17	2021-10-01	2022-10-12	Pandemic (Workplace) Order 2022 (No. 10) expired	"12/01/22 - Pandemic COVID-19 Mandatory Vaccination (Specified Facilities) Order 2022 (No. 2) introduced booster doses\n04/02/22 - Pandemic COVID-19 Mandatory Vaccination (Specified Facilities) Order 2022 (No. 4) added ""A worker who was unable to become fully vaccinated (boosted) before their booster deadline due to being in self-quarantine or self-isolation may attend the premises of a specified facility if they\nhave a booking to receive a booster vaccine within a specified period.""\n11/02/22- Pandemic COVID-19 Mandatory Vaccination (Specified Facilities) Order 2022 (No. 5) changed booster deadline from 12/02/22 booster deadline to 12/03/22. The booster deadline for residential aged care facility workers that became fully vaccinated after 12/09/22 whose current booster deadline is 1/0322 is amended to 12/3/22.\n66 The definition of healthcare worker for the purposes of this order is amended to exclude healthcare workers to the extent that they are employed at an education facility.\n22/04/22: Revoked by Pandemic (Workplace) Order 2022 (No. 8) to combine Specified Facilities, General Workers, Specified Workers and Open Premises into one order"	115	390	First dose by 1/10/21\nSecond dose by 15/11/21\n\nBetween 17/09-30/09, unvaccinated must wear masks\nRelevant date: From 30/09, workers must provide the operator with vaccination status and booking information	(a) a worker that is required to perform work or duties at the work premises that are necessary to provide for urgent specialist clinical or medical care at the work premises due to an emergency situation or a critical unforeseen circumstance; or (b) a worker that is deployed to fill a vacancy to provide urgent care, to maintain quality of care and/or continue essential operations at the work premises due to an emergency situation or a critical unforeseen circumstance; or (c) a worker who is required to attend the premises to respond to an emergency at the work premises; or (d) a worker who is required to perform urgent and essential work at the work premises to protect the health and safety of workers or members of the public, or to protect assets and infrastructure.\n	COVID-19 Mandatory Vaccination Directions (No 2)\nCOVID-19 Mandatory Vaccination (Specified Facilities)\nDirections (No 10)	An operator of a residential aged care facility must request, collect and store information about workers' vaccination statuses and whether bookings have been made to receive partial and full vaccines\nA person must not refuse or fail to comply with a direction given to the person, or a requirement made of the person, in the exercise of a power under an authorisation given under section 199.\nIn the case of a natural person, 120 penalty units; In the case of a body corporate, 600 penalty units.\n(2) A person is not guilty of an offence against subsection (1) if the person had a reasonable excuse for refusing or failing to comply with the direction or requirement.	Minister for Health								Pandemic Order	VICERACT1V1	
120	VIC	COVID-19 Mandatory Vaccination Directions	Employment	construction sites		2021-09-17	2021-10-02	2022-10-12	Pandemic (Workplace) Order 2022 (No. 10) expired	22/04/22: Revoked by Pandemic (Workplace) Order 2022 (No. 8) to combine Specified Facilities, General Workers, Specified Workers and Open Premises into one order		390	First dose by 2/10/21\n\nRelevant date: From 24/09/21 workers who have not booked their first dose cannot enter the premises	(a) a worker that is required to perform work or duties at the work premises that are necessary to provide for urgent specialist clinical or medical care at the work premises due to an emergency situation or a critical unforeseen circumstance; or (b) a worker that is deployed to fill a vacancy to provide urgent care, to maintain quality of care and/or continue essential operations at the work premises due to an emergency situation or a critical unforeseen circumstance; or (c) a worker who is required to attend the premises to respond to an emergency at the work premises; or (d) a worker who is required to perform urgent and essential work at the work premises to protect the health and safety of workers or members of the public, or to protect assets and infrastructure.\n	COVID-19 Mandatory Vaccination Directions (No 2)\nCOVID-19 Mandatory Vaccination (Specified Facilities)\nDirections (No 10)	A person must not refuse or fail to comply with a direction given to the person, or a requirement made of the person, in the exercise of a power under an authorisation given under section 199.\nIn the case of a natural person, 120 penalty units; In the case of a body corporate, 600 penalty units.\n(2) A person is not guilty of an offence against subsection (1) if the person had a reasonable excuse for refusing or failing to comply with the direction or requirement.	Minister for Health						21/09/21: The country has so far recorded just over 87,000 cases of Covid-19, and 1,167 coronavirus-related deaths, according to the latest Johns Hopkins University data.\nHowever, about half the population has recently been placed in lockdown due to outbreaks in the cities of Melbourne, Sydney and Canberra, with the Delta variant causing cases to rise more rapidly.	[Source date unresolved: VIC!A21 / announcement_date]\nEarlier than 21/09/21 as there was a violent vaccine mandate protest then https://www.bbc.com/news/world-australia-58628629 	Pandemic Order	VICEBCW0000	
121	VIC	COVID-19 Mandatory Vaccination Directions	Employment	commercial freight workers		2021-09-23	2021-10-07	2022-10-12	Pandemic (Workplace) Order 2022 (No. 10) expired	22/04/22: Revoked by Pandemic (Workplace) Order 2022 (No. 8) to combine Specified Facilities, General Workers, Specified Workers and Open Premises into one order		384	From 24/09/21, workers must provide evidence that they have received a partial or full COVID-19 vaccination; or they have made a booking to receive a dose by 7 October 2021	(a) a worker that is required to perform work or duties at the work premises that are necessary to provide for urgent specialist clinical or medical care at the work premises due to an emergency situation or a critical unforeseen circumstance; or (b) a worker that is deployed to fill a vacancy to provide urgent care, to maintain quality of care and/or continue essential operations at the work premises due to an emergency situation or a critical unforeseen circumstance; or (c) a worker who is required to attend the premises to respond to an emergency at the work premises; or (d) a worker who is required to perform urgent and essential work at the work premises to protect the health and safety of workers or members of the public, or to protect assets and infrastructure.\n	COVID-19 Mandatory Vaccination Directions (No 3)\n	A person must not refuse or fail to comply with a direction given to the person, or a requirement made of the person, in the exercise of a power under an authorisation given under section 199.\nIn the case of a natural person, 120 penalty units; In the case of a body corporate, 600 penalty units.\n(2) A person is not guilty of an offence against subsection (1) if the person had a reasonable excuse for refusing or failing to comply with the direction or requirement.	Minister for Health								Pandemic Order	VICETFL0000	
122	VIC	COVID-19 Mandatory Vaccination (Workers) Directions	Employment	accommodation worker	2021-10-01	2021-10-07	2021-10-22	2022-10-12	Pandemic (Workplace) Order 2022 (No. 10) expired	7/10/21-15/12/21: COVID-19 Mandatory Vaccination (Workers) Directions No.1-No.8\n15/12/21: Pandemic COVID-19 Mandatory Vaccination (Specified Workers) Order 2021 (No 1) revoked previous order\n12/01/22: Vaccination (Specified Workers) Order 2022 (No 2) introduced booster dose \n04/02/22: Vaccination (Specified Workers) Order 2022 (No 3) added booster exemption for people under 18\n11/02/22: Vaccination (Specified Workers) Order 2022 (No 4) booster deadline is extended to 12/03/22, provided that: By 12/03/22 the worker has a booking to receive their booster vaccine dose on or before 12/0322; and the worker has provided evidence of that booster dose to the operator of workplace.\n25/02/22: Vaccination (Specified Workers) Order 2022 (No 5). Booster requirements have been included to allow specified workers who are fully\nvaccinated but not yet boosted, 18 years and over and not excepted persons to work onsite in the\nfollowing limited circumstances including working on site for up to 3 months and 14 days\n22/04/22: Specified Workers Order 2022 (No 6) was revoked by Pandemic (Workplace) Order 2022 (No. 8) to combine Specified Facilities, General Workers, Specified Workers and Open Premises into one order	162	376	From 15/10/21, employees must provide vaccination information including bookings to receive doses\nFirst dose by 22/10/21\nSecond dose by 26/11/21	if a worker has a booking to receive, by the first dose deadline, they are exempted\nThe exceptional circumstances are:\n(a) a worker is required to perform work or duties that is or are necessary to provide for urgent specialist clinical or medical care due to an emergency situation or a critical unforeseen circumstance; or (b) a worker is required to fill a vacancy to provide urgent care, to maintain quality of care and/or to continue essential operations due to an emergency situation or a critical unforeseen circumstance; or a worker is required to respond to an emergency; or (d) a worker is required to perform urgent and essential work to protect\nthe health and safety of workers or members of the public, or to protect assets and infrastructure; or (e) an education worker that is required to: (i) carry out assessments of an oral or performance examination; or (ii) work as a venue coordinator for those examinations.	COVID-19 Mandatory Vaccination (Workers) Directions	A person must not refuse or fail to comply with a direction given to the person, or a requirement made of the person, in the exercise of a power under an authorisation given under section 199.\nIn the case of a natural person, 120 penalty units; In the case of a body corporate, 600 penalty units.\nGiving false and misleading information to an authorised officer. In the case of a natural person, 60 penalty units;In the case of a body corporate, 300 penalty units.	Minister for Health								Pandemic Order	VICEOTHT200	
123	VIC	COVID-19 Mandatory Vaccination (Workers) Directions	Employment	agricultural and forestry worker	2021-10-01	2021-10-07	2021-10-22	2022-10-12	Pandemic (Workplace) Order 2022 (No. 10) expired	7/10/21-15/12/21: COVID-19 Mandatory Vaccination (Workers) Directions No.1-No.8\n15/12/21: Pandemic COVID-19 Mandatory Vaccination (Specified Workers) Order 2021 (No 1) revoked previous order\n12/01/22: Vaccination (Specified Workers) Order 2022 (No 2) introduced booster dose \n04/02/22: Vaccination (Specified Workers) Order 2022 (No 3) added booster exemption for people under 18\n11/02/22: Vaccination (Specified Workers) Order 2022 (No 4) booster deadline is extended to 12/03/22, provided that: By 12/03/22 the worker has a booking to receive their booster vaccine dose on or before 12/0322; and the worker has provided evidence of that booster dose to the operator of workplace.\n25/02/22: Vaccination (Specified Workers) Order 2022 (No 5). Booster requirements have been included to allow specified workers who are fully\nvaccinated but not yet boosted, 18 years and over and not excepted persons to work onsite in the\nfollowing limited circumstances including working on site for up to 3 months and 14 days\n22/04/22: Specified Workers Order 2022 (No 6) was revoked by Pandemic (Workplace) Order 2022 (No. 8) to combine Specified Facilities, General Workers, Specified Workers and Open Premises into one order		376	From 15/10/21, employees must provide vaccination information including bookings to receive doses\nFirst dose by 22/10/21\nSecond dose by 26/11/22 in order to work outside their place of residence	(a) is unvaccinated or partially vaccinated; and\n(b) is employed or engaged by the employer through the Pacific Australia Labour Mobility scheme; and (c) has a booking to receive a dose of a COVID-19 vaccine that will cause the worker to become partially vaccinated or fully vaccinated within 4 weeks of arriving in Australia.\nif a worker has a booking to receive, by the first dose deadline, they are exempted\nThe exceptional circumstances are:\n(a) a worker is required to perform work or duties that is or are necessary to provide for urgent specialist clinical or medical care due to an emergency situation or a critical unforeseen circumstance; or (b) a worker is required to fill a vacancy to provide urgent care, to maintain quality of care and/or to continue essential operations due to an emergency situation or a critical unforeseen circumstance; or a worker is required to respond to an emergency; or (d) a worker is required to perform urgent and essential work to protect\nthe health and safety of workers or members of the public, or to protect assets and infrastructure; or (e) an education worker that is required to: (i) carry out assessments of an oral or performance examination; or (ii) work as a venue coordinator for those examinations.	COVID-19 Mandatory Vaccination (Workers) Directions	A person must not refuse or fail to comply with a direction given to the person, or a requirement made of the person, in the exercise of a power under an authorisation given under section 199.\nIn the case of a natural person, 120 penalty units; In the case of a body corporate, 600 penalty units.\nGiving false and misleading information to an authorised officer. In the case of a natural person, 60 penalty units;In the case of a body corporate, 300 penalty units.	Minister for Health								Pandemic Order	VICEOTHT300	
124	VIC	COVID-19 Mandatory Vaccination (Workers) Directions	Employment	airport worker	2021-10-01	2021-10-07	2021-10-22	2022-10-12	Pandemic (Workplace) Order 2022 (No. 10) expired	7/10/21-15/12/21: COVID-19 Mandatory Vaccination (Workers) Directions No.1-No.8\n15/12/21: Pandemic COVID-19 Mandatory Vaccination (Specified Workers) Order 2021 (No 1) revoked previous order\n12/01/22: Vaccination (Specified Workers) Order 2022 (No 2) introduced booster dose \n04/02/22: Vaccination (Specified Workers) Order 2022 (No 3) added booster exemption for people under 18\n11/02/22: Vaccination (Specified Workers) Order 2022 (No 4) booster deadline is extended to 12/03/22, provided that: By 12/03/22 the worker has a booking to receive their booster vaccine dose on or before 12/0322; and the worker has provided evidence of that booster dose to the operator of workplace.\n25/02/22: Vaccination (Specified Workers) Order 2022 (No 5). Booster requirements have been included to allow specified workers who are fully\nvaccinated but not yet boosted, 18 years and over and not excepted persons to work onsite in the\nfollowing limited circumstances including working on site for up to 3 months and 14 days\n22/04/22: Specified Workers Order 2022 (No 6) was revoked by Pandemic (Workplace) Order 2022 (No. 8) to combine Specified Facilities, General Workers, Specified Workers and Open Premises into one order		376	From 15/10/21, employees must provide vaccination information including bookings to receive doses\nFirst dose by 22/10/21\nSecond dose by 26/11/22 in order to work outside their place of residence	if a worker has a booking to receive, by the first dose deadline, they are exempted\nThe exceptional circumstances are:\n(a) a worker is required to perform work or duties that is or are necessary to provide for urgent specialist clinical or medical care due to an emergency situation or a critical unforeseen circumstance; or (b) a worker is required to fill a vacancy to provide urgent care, to maintain quality of care and/or to continue essential operations due to an emergency situation or a critical unforeseen circumstance; or a worker is required to respond to an emergency; or (d) a worker is required to perform urgent and essential work to protect\nthe health and safety of workers or members of the public, or to protect assets and infrastructure; or (e) an education worker that is required to: (i) carry out assessments of an oral or performance examination; or (ii) work as a venue coordinator for those examinations.	COVID-19 Mandatory Vaccination (Workers) Directions	A person must not refuse or fail to comply with a direction given to the person, or a requirement made of the person, in the exercise of a power under an authorisation given under section 199.\nIn the case of a natural person, 120 penalty units; In the case of a body corporate, 600 penalty units.\nGiving false and misleading information to an authorised officer. In the case of a natural person, 60 penalty units;In the case of a body corporate, 300 penalty units.	Minister for Health								Pandemic Order	VICEOTHT400	
125	VIC	COVID-19 Mandatory Vaccination (Workers) Directions	Employment	ancillary, support and welfare worker	2021-10-01	2021-10-07	2021-10-22	2022-10-12	Pandemic (Workplace) Order 2022 (No. 10) expired	7/10/21-15/12/21: COVID-19 Mandatory Vaccination (Workers) Directions No.1-No.8\n15/12/21: Pandemic COVID-19 Mandatory Vaccination (Specified Workers) Order 2021 (No 1) revoked previous order\n12/01/22: Vaccination (Specified Workers) Order 2022 (No 2) introduced booster dose \n04/02/22: Vaccination (Specified Workers) Order 2022 (No 3) added booster exemption for people under 18\n11/02/22: Vaccination (Specified Workers) Order 2022 (No 4) booster deadline is extended to 12/03/22, provided that: By 12/03/22 the worker has a booking to receive their booster vaccine dose on or before 12/0322; and the worker has provided evidence of that booster dose to the operator of workplace.\n25/02/22: Vaccination (Specified Workers) Order 2022 (No 5). Booster requirements have been included to allow specified workers who are fully\nvaccinated but not yet boosted, 18 years and over and not excepted persons to work onsite in the\nfollowing limited circumstances including working on site for up to 3 months and 14 days\n22/04/22: Specified Workers Order 2022 (No 6) was revoked by Pandemic (Workplace) Order 2022 (No. 8) to combine Specified Facilities, General Workers, Specified Workers and Open Premises into one order		376	From 15/10/21, employees must provide vaccination information including bookings to receive doses\nFirst dose by 22/10/21\nSecond dose by 26/11/22 in order to work outside their place of residence	if a worker has a booking to receive, by the first dose deadline, they are exempted\nThe exceptional circumstances are:\n(a) a worker is required to perform work or duties that is or are necessary to provide for urgent specialist clinical or medical care due to an emergency situation or a critical unforeseen circumstance; or (b) a worker is required to fill a vacancy to provide urgent care, to maintain quality of care and/or to continue essential operations due to an emergency situation or a critical unforeseen circumstance; or a worker is required to respond to an emergency; or (d) a worker is required to perform urgent and essential work to protect\nthe health and safety of workers or members of the public, or to protect assets and infrastructure; or (e) an education worker that is required to: (i) carry out assessments of an oral or performance examination; or (ii) work as a venue coordinator for those examinations.	COVID-19 Mandatory Vaccination (Workers) Directions	A person must not refuse or fail to comply with a direction given to the person, or a requirement made of the person, in the exercise of a power under an authorisation given under section 199.\nIn the case of a natural person, 120 penalty units; In the case of a body corporate, 600 penalty units.\nGiving false and misleading information to an authorised officer. In the case of a natural person, 60 penalty units;In the case of a body corporate, 300 penalty units.	Minister for Health								Pandemic Order	VICEOTHT500	
126	VIC	COVID-19 Mandatory Vaccination (Workers) Directions	Employment	authorised officer	2021-10-01	2021-10-07	2021-10-22	2022-10-12	Pandemic (Workplace) Order 2022 (No. 10) expired	7/10/21-15/12/21: COVID-19 Mandatory Vaccination (Workers) Directions No.1-No.8\n15/12/21: Pandemic COVID-19 Mandatory Vaccination (Specified Workers) Order 2021 (No 1) revoked previous order\n12/01/22: Vaccination (Specified Workers) Order 2022 (No 2) introduced booster dose \n04/02/22: Vaccination (Specified Workers) Order 2022 (No 3) added booster exemption for people under 18\n11/02/22: Vaccination (Specified Workers) Order 2022 (No 4) booster deadline is extended to 12/03/22, provided that: By 12/03/22 the worker has a booking to receive their booster vaccine dose on or before 12/0322; and the worker has provided evidence of that booster dose to the operator of workplace.\n25/02/22: Vaccination (Specified Workers) Order 2022 (No 5). Booster requirements have been included to allow specified workers who are fully\nvaccinated but not yet boosted, 18 years and over and not excepted persons to work onsite in the\nfollowing limited circumstances including working on site for up to 3 months and 14 days\n22/04/22: Specified Workers Order 2022 (No 6) was revoked by Pandemic (Workplace) Order 2022 (No. 8) to combine Specified Facilities, General Workers, Specified Workers and Open Premises into one order		376	From 15/10/21, employees must provide vaccination information including bookings to receive doses\nFirst dose by 22/10/21\nSecond dose by 26/11/22 in order to work outside their place of residence	if a worker has a booking to receive, by the first dose deadline, they are exempted\nThe exceptional circumstances are:\n(a) a worker is required to perform work or duties that is or are necessary to provide for urgent specialist clinical or medical care due to an emergency situation or a critical unforeseen circumstance; or (b) a worker is required to fill a vacancy to provide urgent care, to maintain quality of care and/or to continue essential operations due to an emergency situation or a critical unforeseen circumstance; or a worker is required to respond to an emergency; or (d) a worker is required to perform urgent and essential work to protect\nthe health and safety of workers or members of the public, or to protect assets and infrastructure; or (e) an education worker that is required to: (i) carry out assessments of an oral or performance examination; or (ii) work as a venue coordinator for those examinations.	COVID-19 Mandatory Vaccination (Workers) Directions	A person must not refuse or fail to comply with a direction given to the person, or a requirement made of the person, in the exercise of a power under an authorisation given under section 199.\nIn the case of a natural person, 120 penalty units; In the case of a body corporate, 600 penalty units.\nGiving false and misleading information to an authorised officer. In the case of a natural person, 60 penalty units;In the case of a body corporate, 300 penalty units.	Minister for Health								Pandemic Order	VICEOTHT600	
127	VIC	COVID-19 Mandatory Vaccination (Workers) Directions	Employment	care worker	2021-10-01	2021-10-07	2021-10-22	2022-10-12	Pandemic (Workplace) Order 2022 (No. 10) expired	7/10/21-15/12/21: COVID-19 Mandatory Vaccination (Workers) Directions No.1-No.8\n15/12/21: Pandemic COVID-19 Mandatory Vaccination (Specified Workers) Order 2021 (No 1) revoked previous order\n12/01/22: Vaccination (Specified Workers) Order 2022 (No 2) introduced booster dose \n04/02/22: Vaccination (Specified Workers) Order 2022 (No 3) added booster exemption for people under 18\n11/02/22: Vaccination (Specified Workers) Order 2022 (No 4) booster deadline is extended to 12/03/22, provided that: By 12/03/22 the worker has a booking to receive their booster vaccine dose on or before 12/0322; and the worker has provided evidence of that booster dose to the operator of workplace.\n25/02/22: Vaccination (Specified Workers) Order 2022 (No 5). Booster requirements have been included to allow specified workers who are fully\nvaccinated but not yet boosted, 18 years and over and not excepted persons to work onsite in the\nfollowing limited circumstances including working on site for up to 3 months and 14 days\n22/04/22: Specified Workers Order 2022 (No 6) was revoked by Pandemic (Workplace) Order 2022 (No. 8) to combine Specified Facilities, General Workers, Specified Workers and Open Premises into one order	183	376	From 15/10/21, employees must provide vaccination information including bookings to receive doses\nFirst dose by 22/10/21\nSecond dose by 26/11/22 in order to work outside their place of residence\nMust not enter\nthe care facility where:\n(a) the employee or contractor has, on or after 4/10/20, worked at another care facility at the time a confirmed case was present at that other facility unless they are fully vaccinated and 7 days has passed. For unvaccinated workers, it is 14 days	if a worker has a booking to receive, by the first dose deadline, they are exempted\nThe exceptional circumstances are:\n(a) a worker is required to perform work or duties that is or are necessary to provide for urgent specialist clinical or medical care due to an emergency situation or a critical unforeseen circumstance; or (b) a worker is required to fill a vacancy to provide urgent care, to maintain quality of care and/or to continue essential operations due to an emergency situation or a critical unforeseen circumstance; or a worker is required to respond to an emergency; or (d) a worker is required to perform urgent and essential work to protect\nthe health and safety of workers or members of the public, or to protect assets and infrastructure; or (e) an education worker that is required to: (i) carry out assessments of an oral or performance examination; or (ii) work as a venue coordinator for those examinations.	COVID-19 Mandatory Vaccination (Workers) Directions\nGuidance for the Pandemic (Additional Industry Obligations) Order 2021 (No. 1)	A person must not refuse or fail to comply with a direction given to the person, or a requirement made of the person, in the exercise of a power under an authorisation given under section 199.\nIn the case of a natural person, 120 penalty units; In the case of a body corporate, 600 penalty units.\nGiving false and misleading information to an authorised officer. In the case of a natural person, 60 penalty units;In the case of a body corporate, 300 penalty units.	Minister for Health								Pandemic Order	VICEOTHT700	
128	VIC	COVID-19 Mandatory Vaccination (Workers) Directions	Employment	community worker	2021-10-01	2021-10-07	2021-10-22	2022-10-12	Pandemic (Workplace) Order 2022 (No. 10) expired	7/10/21-15/12/21: COVID-19 Mandatory Vaccination (Workers) Directions No.1-No.8\n15/12/21: Pandemic COVID-19 Mandatory Vaccination (Specified Workers) Order 2021 (No 1) revoked previous order\n12/01/22: Vaccination (Specified Workers) Order 2022 (No 2) introduced booster dose \n04/02/22: Vaccination (Specified Workers) Order 2022 (No 3) added booster exemption for people under 18\n11/02/22: Vaccination (Specified Workers) Order 2022 (No 4) booster deadline is extended to 12/03/22, provided that: By 12/03/22 the worker has a booking to receive their booster vaccine dose on or before 12/0322; and the worker has provided evidence of that booster dose to the operator of workplace.\n25/02/22: Vaccination (Specified Workers) Order 2022 (No 5). Booster requirements have been included to allow specified workers who are fully\nvaccinated but not yet boosted, 18 years and over and not excepted persons to work onsite in the\nfollowing limited circumstances including working on site for up to 3 months and 14 days\n22/04/22: Specified Workers Order 2022 (No 6) was revoked by Pandemic (Workplace) Order 2022 (No. 8) to combine Specified Facilities, General Workers, Specified Workers and Open Premises into one order		376	From 15/10/21, employees must provide vaccination information including bookings to receive doses\nFirst dose by 22/10/21\nSecond dose by 26/11/22 in order to work outside their place of residence	if a worker has a booking to receive, by the first dose deadline, they are exempted\nThe exceptional circumstances are:\n(a) a worker is required to perform work or duties that is or are necessary to provide for urgent specialist clinical or medical care due to an emergency situation or a critical unforeseen circumstance; or (b) a worker is required to fill a vacancy to provide urgent care, to maintain quality of care and/or to continue essential operations due to an emergency situation or a critical unforeseen circumstance; or a worker is required to respond to an emergency; or (d) a worker is required to perform urgent and essential work to protect\nthe health and safety of workers or members of the public, or to protect assets and infrastructure; or (e) an education worker that is required to: (i) carry out assessments of an oral or performance examination; or (ii) work as a venue coordinator for those examinations.	COVID-19 Mandatory Vaccination (Workers) Directions	A person must not refuse or fail to comply with a direction given to the person, or a requirement made of the person, in the exercise of a power under an authorisation given under section 199.\nIn the case of a natural person, 120 penalty units; In the case of a body corporate, 600 penalty units.\nGiving false and misleading information to an authorised officer. In the case of a natural person, 60 penalty units;In the case of a body corporate, 300 penalty units.	Minister for Health								Pandemic Order	VICEOTHT800	
129	VIC	COVID-19 Mandatory Vaccination (Workers) Directions	Employment	creative arts worker	2021-10-01	2021-10-07	2021-10-22	2022-10-12	Pandemic (Workplace) Order 2022 (No. 10) expired	7/10/21-15/12/21: COVID-19 Mandatory Vaccination (Workers) Directions No.1-No.8\n15/12/21: Pandemic COVID-19 Mandatory Vaccination (Specified Workers) Order 2021 (No 1) revoked previous order\n12/01/22: Vaccination (Specified Workers) Order 2022 (No 2) introduced booster dose \n04/02/22: Vaccination (Specified Workers) Order 2022 (No 3) added booster exemption for people under 18\n11/02/22: Vaccination (Specified Workers) Order 2022 (No 4) booster deadline is extended to 12/03/22, provided that: By 12/03/22 the worker has a booking to receive their booster vaccine dose on or before 12/0322; and the worker has provided evidence of that booster dose to the operator of workplace.\n25/02/22: Vaccination (Specified Workers) Order 2022 (No 5). Booster requirements have been included to allow specified workers who are fully\nvaccinated but not yet boosted, 18 years and over and not excepted persons to work onsite in the\nfollowing limited circumstances including working on site for up to 3 months and 14 days		376	From 15/10/21, employees must provide vaccination information including bookings to receive doses\nFirst dose by 22/10/21\nSecond dose by 26/11/22 in order to work outside their place of residence	if a worker has a booking to receive, by the first dose deadline, they are exempted\nThe exceptional circumstances are:\n(a) a worker is required to perform work or duties that is or are necessary to provide for urgent specialist clinical or medical care due to an emergency situation or a critical unforeseen circumstance; or (b) a worker is required to fill a vacancy to provide urgent care, to maintain quality of care and/or to continue essential operations due to an emergency situation or a critical unforeseen circumstance; or a worker is required to respond to an emergency; or (d) a worker is required to perform urgent and essential work to protect\nthe health and safety of workers or members of the public, or to protect assets and infrastructure; or (e) an education worker that is required to: (i) carry out assessments of an oral or performance examination; or (ii) work as a venue coordinator for those examinations.	COVID-19 Mandatory Vaccination (Workers) Directions	A person must not refuse or fail to comply with a direction given to the person, or a requirement made of the person, in the exercise of a power under an authorisation given under section 199.\nIn the case of a natural person, 120 penalty units; In the case of a body corporate, 600 penalty units.\nGiving false and misleading information to an authorised officer. In the case of a natural person, 60 penalty units;In the case of a body corporate, 300 penalty units.	Minister for Health								Pandemic Order	VICEOTHT900	
130	VIC	COVID-19 Mandatory Vaccination (Workers) Directions	Employment	custodial worker	2021-10-01	2021-10-07	2021-10-22	2022-10-12	Pandemic (Workplace) Order 2022 (No. 10) expired	7/10/21-15/12/21: COVID-19 Mandatory Vaccination (Workers) Directions No.1-No.8\n15/12/21: Pandemic COVID-19 Mandatory Vaccination (Specified Workers) Order 2021 (No 1) revoked previous order\n12/01/22: Vaccination (Specified Workers) Order 2022 (No 2) introduced booster dose \n04/02/22: Vaccination (Specified Workers) Order 2022 (No 3) added booster exemption for people under 18\n11/02/22: Vaccination (Specified Workers) Order 2022 (No 4) booster deadline is extended to 12/03/22, provided that: By 12/03/22 the worker has a booking to receive their booster vaccine dose on or before 12/0322; and the worker has provided evidence of that booster dose to the operator of workplace.\n25/02/22: Vaccination (Specified Workers) Order 2022 (No 5). Booster requirements have been included to allow specified workers who are fully\nvaccinated but not yet boosted, 18 years and over and not excepted persons to work onsite in the\nfollowing limited circumstances including working on site for up to 3 months and 14 days\n22/04/22: Specified Workers Order 2022 (No 6) was revoked by Pandemic (Workplace) Order 2022 (No. 8) to combine Specified Facilities, General Workers, Specified Workers and Open Premises into one order	159	376	From 15/10/21, employees must provide vaccination information including bookings to receive doses\nFirst dose by 22/10/21\nSecond dose by 26/11/22 in order to work outside their place of residence	if a worker has a booking to receive, by the first dose deadline, they are exempted\nThe exceptional circumstances are:\n(a) a worker is required to perform work or duties that is or are necessary to provide for urgent specialist clinical or medical care due to an emergency situation or a critical unforeseen circumstance; or (b) a worker is required to fill a vacancy to provide urgent care, to maintain quality of care and/or to continue essential operations due to an emergency situation or a critical unforeseen circumstance; or a worker is required to respond to an emergency; or (d) a worker is required to perform urgent and essential work to protect\nthe health and safety of workers or members of the public, or to protect assets and infrastructure; or (e) an education worker that is required to: (i) carry out assessments of an oral or performance examination; or (ii) work as a venue coordinator for those examinations.	COVID-19 Mandatory Vaccination (Workers) Directions	A person must not refuse or fail to comply with a direction given to the person, or a requirement made of the person, in the exercise of a power under an authorisation given under section 199.\nIn the case of a natural person, 120 penalty units; In the case of a body corporate, 600 penalty units.\nGiving false and misleading information to an authorised officer. In the case of a natural person, 60 penalty units;In the case of a body corporate, 300 penalty units.	Minister for Health								Pandemic Order	VICEOTHT1V1	
131	VIC	COVID-19 Mandatory Vaccination (Workers) Directions	Employment	emergency service worker (including police, firefighters)	2021-10-01	2021-10-07	2021-10-22	2022-10-12	Pandemic (Workplace) Order 2022 (No. 10) expired	7/10/21-15/12/21: COVID-19 Mandatory Vaccination (Workers) Directions No.1-No.8\n15/12/21: Pandemic COVID-19 Mandatory Vaccination (Specified Workers) Order 2021 (No 1) revoked previous order\n12/01/22: Vaccination (Specified Workers) Order 2022 (No 2) introduced booster dose \n04/02/22: Vaccination (Specified Workers) Order 2022 (No 3) added booster exemption for people under 18\n11/02/22: Vaccination (Specified Workers) Order 2022 (No 4) booster deadline is extended to 12/03/22, provided that: By 12/03/22 the worker has a booking to receive their booster vaccine dose on or before 12/0322; and the worker has provided evidence of that booster dose to the operator of workplace.\n25/02/22: Vaccination (Specified Workers) Order 2022 (No 5). Booster requirements have been included to allow specified workers who are fully\nvaccinated but not yet boosted, 18 years and over and not excepted persons to work onsite in the\nfollowing limited circumstances including working on site for up to 3 months and 14 days\n22/04/22: Specified Workers Order 2022 (No 6) was revoked by Pandemic (Workplace) Order 2022 (No. 8) to combine Specified Facilities, General Workers, Specified Workers and Open Premises into one order	161	376	From 15/10/21, employees must provide vaccination information including bookings to receive doses\nFirst dose by 22/10/21\nSecond dose by 26/11/22 in order to work outside their place of residence	if a worker has a booking to receive, by the first dose deadline, they are exempted\nThe exceptional circumstances are:\n(a) a worker is required to perform work or duties that is or are necessary to provide for urgent specialist clinical or medical care due to an emergency situation or a critical unforeseen circumstance; or (b) a worker is required to fill a vacancy to provide urgent care, to maintain quality of care and/or to continue essential operations due to an emergency situation or a critical unforeseen circumstance; or a worker is required to respond to an emergency; or (d) a worker is required to perform urgent and essential work to protect\nthe health and safety of workers or members of the public, or to protect assets and infrastructure; or (e) an education worker that is required to: (i) carry out assessments of an oral or performance examination; or (ii) work as a venue coordinator for those examinations.	COVID-19 Mandatory Vaccination (Workers) Directions	A person must not refuse or fail to comply with a direction given to the person, or a requirement made of the person, in the exercise of a power under an authorisation given under section 199.\nIn the case of a natural person, 120 penalty units; In the case of a body corporate, 600 penalty units.\nGiving false and misleading information to an authorised officer. In the case of a natural person, 60 penalty units;In the case of a body corporate, 300 penalty units.	Minister for Health								Pandemic Order	VICEFES00V1	
132	VIC	COVID-19 Mandatory Vaccination (Workers) Directions	Employment	entertainment and function worker	2021-10-01	2021-10-07	2021-10-22	2022-10-12	Pandemic (Workplace) Order 2022 (No. 10) expired	7/10/21-15/12/21: COVID-19 Mandatory Vaccination (Workers) Directions No.1-No.8\n15/12/21: Pandemic COVID-19 Mandatory Vaccination (Specified Workers) Order 2021 (No 1) revoked previous order\n12/01/22: Vaccination (Specified Workers) Order 2022 (No 2) introduced booster dose \n04/02/22: Vaccination (Specified Workers) Order 2022 (No 3) added booster exemption for people under 18\n11/02/22: Vaccination (Specified Workers) Order 2022 (No 4) booster deadline is extended to 12/03/22, provided that: By 12/03/22 the worker has a booking to receive their booster vaccine dose on or before 12/0322; and the worker has provided evidence of that booster dose to the operator of workplace.\n25/02/22: Vaccination (Specified Workers) Order 2022 (No 5). Booster requirements have been included to allow specified workers who are fully\nvaccinated but not yet boosted, 18 years and over and not excepted persons to work onsite in the\nfollowing limited circumstances including working on site for up to 3 months and 14 days\n22/04/22: Specified Workers Order 2022 (No 6) was revoked by Pandemic (Workplace) Order 2022 (No. 8) to combine Specified Facilities, General Workers, Specified Workers and Open Premises into one order		376	From 15/10/21, employees must provide vaccination information including bookings to receive doses\nFirst dose by 22/10/21\nSecond dose by 26/11/22 in order to work outside their place of residence	if a worker has a booking to receive, by the first dose deadline, they are exempted\nThe exceptional circumstances are:\n(a) a worker is required to perform work or duties that is or are necessary to provide for urgent specialist clinical or medical care due to an emergency situation or a critical unforeseen circumstance; or (b) a worker is required to fill a vacancy to provide urgent care, to maintain quality of care and/or to continue essential operations due to an emergency situation or a critical unforeseen circumstance; or a worker is required to respond to an emergency; or (d) a worker is required to perform urgent and essential work to protect\nthe health and safety of workers or members of the public, or to protect assets and infrastructure; or (e) an education worker that is required to: (i) carry out assessments of an oral or performance examination; or (ii) work as a venue coordinator for those examinations.	COVID-19 Mandatory Vaccination (Workers) Directions	A person must not refuse or fail to comply with a direction given to the person, or a requirement made of the person, in the exercise of a power under an authorisation given under section 199.\nIn the case of a natural person, 120 penalty units; In the case of a body corporate, 600 penalty units.\nGiving false and misleading information to an authorised officer. In the case of a natural person, 60 penalty units;In the case of a body corporate, 300 penalty units.	Minister for Health								Pandemic Order	VICEOTHT110	
133	VIC	COVID-19 Mandatory Vaccination (Workers) Directions	Employment	funeral worker	2021-10-01	2021-10-07	2021-10-22	2022-10-12	Pandemic (Workplace) Order 2022 (No. 10) expired	7/10/21-15/12/21: COVID-19 Mandatory Vaccination (Workers) Directions No.1-No.8\n15/12/21: Pandemic COVID-19 Mandatory Vaccination (Specified Workers) Order 2021 (No 1) revoked previous order\n12/01/22: Vaccination (Specified Workers) Order 2022 (No 2) introduced booster dose \n04/02/22: Vaccination (Specified Workers) Order 2022 (No 3) added booster exemption for people under 18\n11/02/22: Vaccination (Specified Workers) Order 2022 (No 4) booster deadline is extended to 12/03/22, provided that: By 12/03/22 the worker has a booking to receive their booster vaccine dose on or before 12/0322; and the worker has provided evidence of that booster dose to the operator of workplace.\n25/02/22: Vaccination (Specified Workers) Order 2022 (No 5). Booster requirements have been included to allow specified workers who are fully\nvaccinated but not yet boosted, 18 years and over and not excepted persons to work onsite in the\nfollowing limited circumstances including working on site for up to 3 months and 14 days\n22/04/22: Specified Workers Order 2022 (No 6) was revoked by Pandemic (Workplace) Order 2022 (No. 8) to combine Specified Facilities, General Workers, Specified Workers and Open Premises into one order		376	From 15/10/21, employees must provide vaccination information including bookings to receive doses\nFirst dose by 22/10/21\nSecond dose by 26/11/22 in order to work outside their place of residence	if a worker has a booking to receive, by the first dose deadline, they are exempted\nThe exceptional circumstances are:\n(a) a worker is required to perform work or duties that is or are necessary to provide for urgent specialist clinical or medical care due to an emergency situation or a critical unforeseen circumstance; or (b) a worker is required to fill a vacancy to provide urgent care, to maintain quality of care and/or to continue essential operations due to an emergency situation or a critical unforeseen circumstance; or a worker is required to respond to an emergency; or (d) a worker is required to perform urgent and essential work to protect\nthe health and safety of workers or members of the public, or to protect assets and infrastructure; or (e) an education worker that is required to: (i) carry out assessments of an oral or performance examination; or (ii) work as a venue coordinator for those examinations.	COVID-19 Mandatory Vaccination (Workers) Directions	A person must not refuse or fail to comply with a direction given to the person, or a requirement made of the person, in the exercise of a power under an authorisation given under section 199.\nIn the case of a natural person, 120 penalty units; In the case of a body corporate, 600 penalty units.\nGiving false and misleading information to an authorised officer. In the case of a natural person, 60 penalty units;In the case of a body corporate, 300 penalty units.	Minister for Health								Pandemic Order	VICEOTHT120	
134	VIC	COVID-19 Mandatory Vaccination (Workers) Directions	Employment	higher education worker	2021-10-01	2021-10-07	2021-10-22	2022-10-12	Pandemic (Workplace) Order 2022 (No. 10) expired	7/10/21-15/12/21: COVID-19 Mandatory Vaccination (Workers) Directions No.1-No.8\n15/12/21: Pandemic COVID-19 Mandatory Vaccination (Specified Workers) Order 2021 (No 1) revoked previous order\n12/01/22: Vaccination (Specified Workers) Order 2022 (No 2) introduced booster dose \n04/02/22: Vaccination (Specified Workers) Order 2022 (No 3) added booster exemption for people under 18\n11/02/22: Vaccination (Specified Workers) Order 2022 (No 4) booster deadline is extended to 12/03/22, provided that: By 12/03/22 the worker has a booking to receive their booster vaccine dose on or before 12/0322; and the worker has provided evidence of that booster dose to the operator of workplace.\n25/02/22: Vaccination (Specified Workers) Order 2022 (No 5). Booster requirements have been included to allow specified workers who are fully\nvaccinated but not yet boosted, 18 years and over and not excepted persons to work onsite in the\nfollowing limited circumstances including working on site for up to 3 months and 14 days\n22/04/22: Specified Workers Order 2022 (No 6) was revoked by Pandemic (Workplace) Order 2022 (No. 8) to combine Specified Facilities, General Workers, Specified Workers and Open Premises into one order	163	376	From 15/10/21, employees must provide vaccination information including bookings to receive doses\nFirst dose by 22/10/21\nSecond dose by 26/11/22 in order to work outside their place of residence	if a worker has a booking to receive, by the first dose deadline, they are exempted\nThe exceptional circumstances are:\n(a) a worker is required to perform work or duties that is or are necessary to provide for urgent specialist clinical or medical care due to an emergency situation or a critical unforeseen circumstance; or (b) a worker is required to fill a vacancy to provide urgent care, to maintain quality of care and/or to continue essential operations due to an emergency situation or a critical unforeseen circumstance; or a worker is required to respond to an emergency; or (d) a worker is required to perform urgent and essential work to protect\nthe health and safety of workers or members of the public, or to protect assets and infrastructure; or (e) an education worker that is required to: (i) carry out assessments of an oral or performance examination; or (ii) work as a venue coordinator for those examinations.	COVID-19 Mandatory Vaccination (Workers) Directions	A person must not refuse or fail to comply with a direction given to the person, or a requirement made of the person, in the exercise of a power under an authorisation given under section 199.\nIn the case of a natural person, 120 penalty units; In the case of a body corporate, 600 penalty units.\nGiving false and misleading information to an authorised officer. In the case of a natural person, 60 penalty units;In the case of a body corporate, 300 penalty units.	Minister for Health								Pandemic Order	VICEOTHT130	
135	VIC	COVID-19 Mandatory Vaccination (Workers) Directions	Employment	justice worker	2021-10-01	2021-10-07	2021-10-22	2022-10-12	Pandemic (Workplace) Order 2022 (No. 10) expired	7/10/21-15/12/21: COVID-19 Mandatory Vaccination (Workers) Directions No.1-No.8\n15/12/21: Pandemic COVID-19 Mandatory Vaccination (Specified Workers) Order 2021 (No 1) revoked previous order\n12/01/22: Vaccination (Specified Workers) Order 2022 (No 2) introduced booster dose \n04/02/22: Vaccination (Specified Workers) Order 2022 (No 3) added booster exemption for people under 18\n11/02/22: Vaccination (Specified Workers) Order 2022 (No 4) booster deadline is extended to 12/03/22, provided that: By 12/03/22 the worker has a booking to receive their booster vaccine dose on or before 12/0322; and the worker has provided evidence of that booster dose to the operator of workplace.\n25/02/22: Vaccination (Specified Workers) Order 2022 (No 5). Booster requirements have been included to allow specified workers who are fully\nvaccinated but not yet boosted, 18 years and over and not excepted persons to work onsite in the\nfollowing limited circumstances including working on site for up to 3 months and 14 days\n22/04/22: Specified Workers Order 2022 (No 6) was revoked by Pandemic (Workplace) Order 2022 (No. 8) to combine Specified Facilities, General Workers, Specified Workers and Open Premises into one order		376	From 15/10/21, employees must provide vaccination information including bookings to receive doses\nFirst dose by 22/10/21\nSecond dose by 26/11/22 in order to work outside their place of residence	if a worker has a booking to receive, by the first dose deadline, they are exempted\nThe exceptional circumstances are:\n(a) a worker is required to perform work or duties that is or are necessary to provide for urgent specialist clinical or medical care due to an emergency situation or a critical unforeseen circumstance; or (b) a worker is required to fill a vacancy to provide urgent care, to maintain quality of care and/or to continue essential operations due to an emergency situation or a critical unforeseen circumstance; or a worker is required to respond to an emergency; or (d) a worker is required to perform urgent and essential work to protect\nthe health and safety of workers or members of the public, or to protect assets and infrastructure; or (e) an education worker that is required to: (i) carry out assessments of an oral or performance examination; or (ii) work as a venue coordinator for those examinations.	COVID-19 Mandatory Vaccination (Workers) Directions	A person must not refuse or fail to comply with a direction given to the person, or a requirement made of the person, in the exercise of a power under an authorisation given under section 199.\nIn the case of a natural person, 120 penalty units; In the case of a body corporate, 600 penalty units.\nGiving false and misleading information to an authorised officer. In the case of a natural person, 60 penalty units;In the case of a body corporate, 300 penalty units.	Minister for Health								Pandemic Order	VICEOTHT140	
136	VIC	COVID-19 Mandatory Vaccination (Workers) Directions	Employment	manufacturing worker	2021-10-01	2021-10-07	2021-10-22	2022-10-12	Pandemic (Workplace) Order 2022 (No. 10) expired	7/10/21-15/12/21: COVID-19 Mandatory Vaccination (Workers) Directions No.1-No.8\n15/12/21: Pandemic COVID-19 Mandatory Vaccination (Specified Workers) Order 2021 (No 1) revoked previous order\n12/01/22: Vaccination (Specified Workers) Order 2022 (No 2) introduced booster dose \n04/02/22: Vaccination (Specified Workers) Order 2022 (No 3) added booster exemption for people under 18\n11/02/22: Vaccination (Specified Workers) Order 2022 (No 4) booster deadline is extended to 12/03/22, provided that: By 12/03/22 the worker has a booking to receive their booster vaccine dose on or before 12/0322; and the worker has provided evidence of that booster dose to the operator of workplace.\n25/02/22: Vaccination (Specified Workers) Order 2022 (No 5). Booster requirements have been included to allow specified workers who are fully\nvaccinated but not yet boosted, 18 years and over and not excepted persons to work onsite in the\nfollowing limited circumstances including working on site for up to 3 months and 14 days\n22/04/22: Specified Workers Order 2022 (No 6) was revoked by Pandemic (Workplace) Order 2022 (No. 8) to combine Specified Facilities, General Workers, Specified Workers and Open Premises into one order		376	From 15/10/21, employees must provide vaccination information including bookings to receive doses\nFirst dose by 22/10/21\nSecond dose by 26/11/22 in order to work outside their place of residence	if a worker has a booking to receive, by the first dose deadline, they are exempted\nThe exceptional circumstances are:\n(a) a worker is required to perform work or duties that is or are necessary to provide for urgent specialist clinical or medical care due to an emergency situation or a critical unforeseen circumstance; or (b) a worker is required to fill a vacancy to provide urgent care, to maintain quality of care and/or to continue essential operations due to an emergency situation or a critical unforeseen circumstance; or a worker is required to respond to an emergency; or (d) a worker is required to perform urgent and essential work to protect\nthe health and safety of workers or members of the public, or to protect assets and infrastructure; or (e) an education worker that is required to: (i) carry out assessments of an oral or performance examination; or (ii) work as a venue coordinator for those examinations.	COVID-19 Mandatory Vaccination (Workers) Directions	A person must not refuse or fail to comply with a direction given to the person, or a requirement made of the person, in the exercise of a power under an authorisation given under section 199.\nIn the case of a natural person, 120 penalty units; In the case of a body corporate, 600 penalty units.\nGiving false and misleading information to an authorised officer. In the case of a natural person, 60 penalty units;In the case of a body corporate, 300 penalty units.	Minister for Health								Pandemic Order	VICEOTHT150	
137	VIC	COVID-19 Mandatory Vaccination (Workers) Directions	Employment	Media and film production worker	2021-10-01	2021-10-07	2021-10-22	2022-10-12	Pandemic (Workplace) Order 2022 (No. 10) expired	7/10/21-15/12/21: COVID-19 Mandatory Vaccination (Workers) Directions No.1-No.8\n15/12/21: Pandemic COVID-19 Mandatory Vaccination (Specified Workers) Order 2021 (No 1) revoked previous order\n12/01/22: Vaccination (Specified Workers) Order 2022 (No 2) introduced booster dose \n04/02/22: Vaccination (Specified Workers) Order 2022 (No 3) added booster exemption for people under 18\n11/02/22: Vaccination (Specified Workers) Order 2022 (No 4) booster deadline is extended to 12/03/22, provided that: By 12/03/22 the worker has a booking to receive their booster vaccine dose on or before 12/0322; and the worker has provided evidence of that booster dose to the operator of workplace.\n25/02/22: Vaccination (Specified Workers) Order 2022 (No 5). Booster requirements have been included to allow specified workers who are fully\nvaccinated but not yet boosted, 18 years and over and not excepted persons to work onsite in the\nfollowing limited circumstances including working on site for up to 3 months and 14 days		376	From 15/10/21, employees must provide vaccination information including bookings to receive doses\nFirst dose by 22/10/21\nSecond dose by 26/11/22 in order to work outside their place of residence	if a worker has a booking to receive, by the first dose deadline, they are exempted\nThe exceptional circumstances are:\n(a) a worker is required to perform work or duties that is or are necessary to provide for urgent specialist clinical or medical care due to an emergency situation or a critical unforeseen circumstance; or (b) a worker is required to fill a vacancy to provide urgent care, to maintain quality of care and/or to continue essential operations due to an emergency situation or a critical unforeseen circumstance; or a worker is required to respond to an emergency; or (d) a worker is required to perform urgent and essential work to protect\nthe health and safety of workers or members of the public, or to protect assets and infrastructure; or (e) an education worker that is required to: (i) carry out assessments of an oral or performance examination; or (ii) work as a venue coordinator for those examinations.	COVID-19 Mandatory Vaccination (Workers) Directions	A person must not refuse or fail to comply with a direction given to the person, or a requirement made of the person, in the exercise of a power under an authorisation given under section 199.\nIn the case of a natural person, 120 penalty units; In the case of a body corporate, 600 penalty units.\nGiving false and misleading information to an authorised officer. In the case of a natural person, 60 penalty units;In the case of a body corporate, 300 penalty units.	Minister for Health								Pandemic Order	VICEOTHT160	
138	VIC	COVID-19 Mandatory Vaccination (Workers) Directions	Employment	mining worker 	2021-10-01	2021-10-07	2021-10-22	2022-10-12	Pandemic (Workplace) Order 2022 (No. 10) expired	7/10/21-15/12/21: COVID-19 Mandatory Vaccination (Workers) Directions No.1-No.8\n15/12/21: Pandemic COVID-19 Mandatory Vaccination (Specified Workers) Order 2021 (No 1) revoked previous order\n12/01/22: Vaccination (Specified Workers) Order 2022 (No 2) introduced booster dose \n04/02/22: Vaccination (Specified Workers) Order 2022 (No 3) added booster exemption for people under 18\n11/02/22: Vaccination (Specified Workers) Order 2022 (No 4) booster deadline is extended to 12/03/22, provided that: By 12/03/22 the worker has a booking to receive their booster vaccine dose on or before 12/0322; and the worker has provided evidence of that booster dose to the operator of workplace.\n25/02/22: Vaccination (Specified Workers) Order 2022 (No 5). Booster requirements have been included to allow specified workers who are fully\nvaccinated but not yet boosted, 18 years and over and not excepted persons to work onsite in the\nfollowing limited circumstances including working on site for up to 3 months and 14 days\n22/04/22: Specified Workers Order 2022 (No 6) was revoked by Pandemic (Workplace) Order 2022 (No. 8) to combine Specified Facilities, General Workers, Specified Workers and Open Premises into one order		376	From 15/10/21, employees must provide vaccination information including bookings to receive doses\nFirst dose by 22/10/21\nSecond dose by 26/11/22 in order to work outside their place of residence	if a worker has a booking to receive, by the first dose deadline, they are exempted\nThe exceptional circumstances are:\n(a) a worker is required to perform work or duties that is or are necessary to provide for urgent specialist clinical or medical care due to an emergency situation or a critical unforeseen circumstance; or (b) a worker is required to fill a vacancy to provide urgent care, to maintain quality of care and/or to continue essential operations due to an emergency situation or a critical unforeseen circumstance; or a worker is required to respond to an emergency; or (d) a worker is required to perform urgent and essential work to protect\nthe health and safety of workers or members of the public, or to protect assets and infrastructure; or (e) an education worker that is required to: (i) carry out assessments of an oral or performance examination; or (ii) work as a venue coordinator for those examinations.	COVID-19 Mandatory Vaccination (Workers) Directions	A person must not refuse or fail to comply with a direction given to the person, or a requirement made of the person, in the exercise of a power under an authorisation given under section 199.\nIn the case of a natural person, 120 penalty units; In the case of a body corporate, 600 penalty units.\nGiving false and misleading information to an authorised officer. In the case of a natural person, 60 penalty units;In the case of a body corporate, 300 penalty units.	Minister for Health								Pandemic Order	VICEOTHT160	
139	VIC	COVID-19 Mandatory Vaccination (Workers) Directions	Employment	physical recreation worker	2021-10-01	2021-10-07	2021-10-22	2022-10-12	Pandemic (Workplace) Order 2022 (No. 10) expired	7/10/21-15/12/21: COVID-19 Mandatory Vaccination (Workers) Directions No.1-No.8\n15/12/21: Pandemic COVID-19 Mandatory Vaccination (Specified Workers) Order 2021 (No 1) revoked previous order\n12/01/22: Vaccination (Specified Workers) Order 2022 (No 2) introduced booster dose \n04/02/22: Vaccination (Specified Workers) Order 2022 (No 3) added booster exemption for people under 18\n11/02/22: Vaccination (Specified Workers) Order 2022 (No 4) booster deadline is extended to 12/03/22, provided that: By 12/03/22 the worker has a booking to receive their booster vaccine dose on or before 12/0322; and the worker has provided evidence of that booster dose to the operator of workplace.\n25/02/22: Vaccination (Specified Workers) Order 2022 (No 5). Booster requirements have been included to allow specified workers who are fully\nvaccinated but not yet boosted, 18 years and over and not excepted persons to work onsite in the\nfollowing limited circumstances including working on site for up to 3 months and 14 days\n22/04/22: Specified Workers Order 2022 (No 6) was revoked by Pandemic (Workplace) Order 2022 (No. 8) to combine Specified Facilities, General Workers, Specified Workers and Open Premises into one order		376	From 15/10/21, employees must provide vaccination information including bookings to receive doses\nFirst dose by 22/10/21\nSecond dose by 26/11/22 in order to work outside their place of residence	if a worker has a booking to receive, by the first dose deadline, they are exempted\nThe exceptional circumstances are:\n(a) a worker is required to perform work or duties that is or are necessary to provide for urgent specialist clinical or medical care due to an emergency situation or a critical unforeseen circumstance; or (b) a worker is required to fill a vacancy to provide urgent care, to maintain quality of care and/or to continue essential operations due to an emergency situation or a critical unforeseen circumstance; or a worker is required to respond to an emergency; or (d) a worker is required to perform urgent and essential work to protect\nthe health and safety of workers or members of the public, or to protect assets and infrastructure; or (e) an education worker that is required to: (i) carry out assessments of an oral or performance examination; or (ii) work as a venue coordinator for those examinations.	COVID-19 Mandatory Vaccination (Workers) Directions	A person must not refuse or fail to comply with a direction given to the person, or a requirement made of the person, in the exercise of a power under an authorisation given under section 199.\nIn the case of a natural person, 120 penalty units; In the case of a body corporate, 600 penalty units.\nGiving false and misleading information to an authorised officer. In the case of a natural person, 60 penalty units;In the case of a body corporate, 300 penalty units.	Minister for Health								Pandemic Order	VICEOTHT170	
140	VIC	COVID-19 Mandatory Vaccination (Workers) Directions	Employment	port or freight worker	2021-10-01	2021-10-07	2021-10-22	2022-10-12	Pandemic (Workplace) Order 2022 (No. 10) expired	7/10/21-15/12/21: COVID-19 Mandatory Vaccination (Workers) Directions No.1-No.8\n15/12/21: Pandemic COVID-19 Mandatory Vaccination (Specified Workers) Order 2021 (No 1) revoked previous order\n12/01/22: Vaccination (Specified Workers) Order 2022 (No 2) introduced booster dose \n04/02/22: Vaccination (Specified Workers) Order 2022 (No 3) added booster exemption for people under 18\n11/02/22: Vaccination (Specified Workers) Order 2022 (No 4) booster deadline is extended to 12/03/22, provided that: By 12/03/22 the worker has a booking to receive their booster vaccine dose on or before 12/0322; and the worker has provided evidence of that booster dose to the operator of workplace.\n25/02/22: Vaccination (Specified Workers) Order 2022 (No 5). Booster requirements have been included to allow specified workers who are fully\nvaccinated but not yet boosted, 18 years and over and not excepted persons to work onsite in the\nfollowing limited circumstances including working on site for up to 3 months and 14 days\n22/04/22: Specified Workers Order 2022 (No 6) was revoked by Pandemic (Workplace) Order 2022 (No. 8) to combine Specified Facilities, General Workers, Specified Workers and Open Premises into one order		376	From 15/10/21, employees must provide vaccination information including bookings to receive doses\nFirst dose by 22/10/21\nSecond dose by 26/11/22 in order to work outside their place of residence	if a worker has a booking to receive, by the first dose deadline, they are exempted\nThe exceptional circumstances are:\n(a) a worker is required to perform work or duties that is or are necessary to provide for urgent specialist clinical or medical care due to an emergency situation or a critical unforeseen circumstance; or (b) a worker is required to fill a vacancy to provide urgent care, to maintain quality of care and/or to continue essential operations due to an emergency situation or a critical unforeseen circumstance; or a worker is required to respond to an emergency; or (d) a worker is required to perform urgent and essential work to protect\nthe health and safety of workers or members of the public, or to protect assets and infrastructure; or (e) an education worker that is required to: (i) carry out assessments of an oral or performance examination; or (ii) work as a venue coordinator for those examinations.	COVID-19 Mandatory Vaccination (Workers) Directions	A person must not refuse or fail to comply with a direction given to the person, or a requirement made of the person, in the exercise of a power under an authorisation given under section 199.\nIn the case of a natural person, 120 penalty units; In the case of a body corporate, 600 penalty units.\nGiving false and misleading information to an authorised officer. In the case of a natural person, 60 penalty units;In the case of a body corporate, 300 penalty units.	Minister for Health								Pandemic Order	VICEOTHT180	
141	VIC	COVID-19 Mandatory Vaccination (Workers) Directions	Employment	professional sports, high performance sports or racing person	2021-10-01	2021-10-07	2021-10-22	2022-10-12	Pandemic (Workplace) Order 2022 (No. 10) expired	7/10/21-15/12/21: COVID-19 Mandatory Vaccination (Workers) Directions No.1-No.8\n15/12/21: Pandemic COVID-19 Mandatory Vaccination (Specified Workers) Order 2021 (No 1) revoked previous order\n12/01/22: Vaccination (Specified Workers) Order 2022 (No 2) introduced booster dose \n04/02/22: Vaccination (Specified Workers) Order 2022 (No 3) added booster exemption for people under 18\n11/02/22: Vaccination (Specified Workers) Order 2022 (No 4) booster deadline is extended to 12/03/22, provided that: By 12/03/22 the worker has a booking to receive their booster vaccine dose on or before 12/0322; and the worker has provided evidence of that booster dose to the operator of workplace.\n25/02/22: Vaccination (Specified Workers) Order 2022 (No 5). Booster requirements have been included to allow specified workers who are fully\nvaccinated but not yet boosted, 18 years and over and not excepted persons to work onsite in the\nfollowing limited circumstances including working on site for up to 3 months and 14 days\n22/04/22: Specified Workers Order 2022 (No 6) was revoked by Pandemic (Workplace) Order 2022 (No. 8) to combine Specified Facilities, General Workers, Specified Workers and Open Premises into one order		376	From 15/10/21, employees must provide vaccination information including bookings to receive doses\nFirst dose by 22/10/21\nSecond dose by 26/11/22 in order to work outside their place of residence	if a worker has a booking to receive, by the first dose deadline, they are exempted\nThe exceptional circumstances are:\n(a) a worker is required to perform work or duties that is or are necessary to provide for urgent specialist clinical or medical care due to an emergency situation or a critical unforeseen circumstance; or (b) a worker is required to fill a vacancy to provide urgent care, to maintain quality of care and/or to continue essential operations due to an emergency situation or a critical unforeseen circumstance; or a worker is required to respond to an emergency; or (d) a worker is required to perform urgent and essential work to protect\nthe health and safety of workers or members of the public, or to protect assets and infrastructure; or (e) an education worker that is required to: (i) carry out assessments of an oral or performance examination; or (ii) work as a venue coordinator for those examinations.	COVID-19 Mandatory Vaccination (Workers) Directions	A person must not refuse or fail to comply with a direction given to the person, or a requirement made of the person, in the exercise of a power under an authorisation given under section 199.\nIn the case of a natural person, 120 penalty units; In the case of a body corporate, 600 penalty units.\nGiving false and misleading information to an authorised officer. In the case of a natural person, 60 penalty units;In the case of a body corporate, 300 penalty units.	Minister for Health								Pandemic Order	VICEOTHT190	
142	VIC	COVID-19 Mandatory Vaccination (Workers) Directions	Employment	professional services worker	2021-10-01	2021-10-07	2021-10-22	2022-10-12	Pandemic (Workplace) Order 2022 (No. 10) expired	7/10/21-15/12/21: COVID-19 Mandatory Vaccination (Workers) Directions No.1-No.8\n15/12/21: Pandemic COVID-19 Mandatory Vaccination (Specified Workers) Order 2021 (No 1) revoked previous order\n12/01/22: Vaccination (Specified Workers) Order 2022 (No 2) introduced booster dose \n04/02/22: Vaccination (Specified Workers) Order 2022 (No 3) added booster exemption for people under 18\n11/02/22: Vaccination (Specified Workers) Order 2022 (No 4) booster deadline is extended to 12/03/22, provided that: By 12/03/22 the worker has a booking to receive their booster vaccine dose on or before 12/0322; and the worker has provided evidence of that booster dose to the operator of workplace.\n25/02/22: Vaccination (Specified Workers) Order 2022 (No 5). Booster requirements have been included to allow specified workers who are fully\nvaccinated but not yet boosted, 18 years and over and not excepted persons to work onsite in the\nfollowing limited circumstances including working on site for up to 3 months and 14 days\n22/04/22: Specified Workers Order 2022 (No 6) was revoked by Pandemic (Workplace) Order 2022 (No. 8) to combine Specified Facilities, General Workers, Specified Workers and Open Premises into one order		376	From 15/10/21, employees must provide vaccination information including bookings to receive doses\nFirst dose by 22/10/21\nSecond dose by 26/11/22 in order to work outside their place of residence	if a worker has a booking to receive, by the first dose deadline, they are exempted\nThe exceptional circumstances are:\n(a) a worker is required to perform work or duties that is or are necessary to provide for urgent specialist clinical or medical care due to an emergency situation or a critical unforeseen circumstance; or (b) a worker is required to fill a vacancy to provide urgent care, to maintain quality of care and/or to continue essential operations due to an emergency situation or a critical unforeseen circumstance; or a worker is required to respond to an emergency; or (d) a worker is required to perform urgent and essential work to protect\nthe health and safety of workers or members of the public, or to protect assets and infrastructure; or (e) an education worker that is required to: (i) carry out assessments of an oral or performance examination; or (ii) work as a venue coordinator for those examinations.	COVID-19 Mandatory Vaccination (Workers) Directions	A person must not refuse or fail to comply with a direction given to the person, or a requirement made of the person, in the exercise of a power under an authorisation given under section 199.\nIn the case of a natural person, 120 penalty units; In the case of a body corporate, 600 penalty units.\nGiving false and misleading information to an authorised officer. In the case of a natural person, 60 penalty units;In the case of a body corporate, 300 penalty units.	Minister for Health								Pandemic Order	VICEOTHT320	
143	VIC	COVID-19 Mandatory Vaccination (Workers) Directions	Employment	public sector worker	2021-10-01	2021-10-07	2021-10-22	2022-10-12	Pandemic (Workplace) Order 2022 (No. 10) expired	7/10/21-15/12/21: COVID-19 Mandatory Vaccination (Workers) Directions No.1-No.8\n15/12/21: Pandemic COVID-19 Mandatory Vaccination (Specified Workers) Order 2021 (No 1) revoked previous order\n12/01/22: Vaccination (Specified Workers) Order 2022 (No 2) introduced booster dose \n04/02/22: Vaccination (Specified Workers) Order 2022 (No 3) added booster exemption for people under 18\n11/02/22: Vaccination (Specified Workers) Order 2022 (No 4) booster deadline is extended to 12/03/22, provided that: By 12/03/22 the worker has a booking to receive their booster vaccine dose on or before 12/0322; and the worker has provided evidence of that booster dose to the operator of workplace.\n25/02/22: Vaccination (Specified Workers) Order 2022 (No 5). Booster requirements have been included to allow specified workers who are fully\nvaccinated but not yet boosted, 18 years and over and not excepted persons to work onsite in the\nfollowing limited circumstances including working on site for up to 3 months and 14 days		376	From 15/10/21, employees must provide vaccination information including bookings to receive doses\nFirst dose by 22/10/21\nSecond dose by 26/11/22 in order to work outside their place of residence	if a worker has a booking to receive, by the first dose deadline, they are exempted\nThe exceptional circumstances are:\n(a) a worker is required to perform work or duties that is or are necessary to provide for urgent specialist clinical or medical care due to an emergency situation or a critical unforeseen circumstance; or (b) a worker is required to fill a vacancy to provide urgent care, to maintain quality of care and/or to continue essential operations due to an emergency situation or a critical unforeseen circumstance; or a worker is required to respond to an emergency; or (d) a worker is required to perform urgent and essential work to protect\nthe health and safety of workers or members of the public, or to protect assets and infrastructure; or (e) an education worker that is required to: (i) carry out assessments of an oral or performance examination; or (ii) work as a venue coordinator for those examinations.	COVID-19 Mandatory Vaccination (Workers) Directions	A person must not refuse or fail to comply with a direction given to the person, or a requirement made of the person, in the exercise of a power under an authorisation given under section 199.\nIn the case of a natural person, 120 penalty units; In the case of a body corporate, 600 penalty units.\nGiving false and misleading information to an authorised officer. In the case of a natural person, 60 penalty units;In the case of a body corporate, 300 penalty units.	Minister for Health								Pandemic Order	VICEOTHT210	
144	VIC	COVID-19 Mandatory Vaccination (Workers) Directions	Employment	real estate worker	2021-10-01	2021-10-07	2021-10-22	2022-10-12	Pandemic (Workplace) Order 2022 (No. 10) expired	7/10/21-15/12/21: COVID-19 Mandatory Vaccination (Workers) Directions No.1-No.8\n15/12/21: Pandemic COVID-19 Mandatory Vaccination (Specified Workers) Order 2021 (No 1) revoked previous order\n12/01/22: Vaccination (Specified Workers) Order 2022 (No 2) introduced booster dose \n04/02/22: Vaccination (Specified Workers) Order 2022 (No 3) added booster exemption for people under 18\n11/02/22: Vaccination (Specified Workers) Order 2022 (No 4) booster deadline is extended to 12/03/22, provided that: By 12/03/22 the worker has a booking to receive their booster vaccine dose on or before 12/0322; and the worker has provided evidence of that booster dose to the operator of workplace.\n25/02/22: Vaccination (Specified Workers) Order 2022 (No 5). Booster requirements have been included to allow specified workers who are fully\nvaccinated but not yet boosted, 18 years and over and not excepted persons to work onsite in the\nfollowing limited circumstances including working on site for up to 3 months and 14 days\n22/04/22: Specified Workers Order 2022 (No 6) was revoked by Pandemic (Workplace) Order 2022 (No. 8) to combine Specified Facilities, General Workers, Specified Workers and Open Premises into one order		376	From 15/10/21, employees must provide vaccination information including bookings to receive doses\nFirst dose by 22/10/21\nSecond dose by 26/11/22 in order to work outside their place of residence	if a worker has a booking to receive, by the first dose deadline, they are exempted\nThe exceptional circumstances are:\n(a) a worker is required to perform work or duties that is or are necessary to provide for urgent specialist clinical or medical care due to an emergency situation or a critical unforeseen circumstance; or (b) a worker is required to fill a vacancy to provide urgent care, to maintain quality of care and/or to continue essential operations due to an emergency situation or a critical unforeseen circumstance; or a worker is required to respond to an emergency; or (d) a worker is required to perform urgent and essential work to protect\nthe health and safety of workers or members of the public, or to protect assets and infrastructure; or (e) an education worker that is required to: (i) carry out assessments of an oral or performance examination; or (ii) work as a venue coordinator for those examinations.	COVID-19 Mandatory Vaccination (Workers) Directions	A person must not refuse or fail to comply with a direction given to the person, or a requirement made of the person, in the exercise of a power under an authorisation given under section 199.\nIn the case of a natural person, 120 penalty units; In the case of a body corporate, 600 penalty units.\nGiving false and misleading information to an authorised officer. In the case of a natural person, 60 penalty units;In the case of a body corporate, 300 penalty units.	Minister for Health								Pandemic Order	VICEOTHT220	
145	VIC	COVID-19 Mandatory Vaccination (Workers) Directions	Employment	religious worker	2021-10-01	2021-10-07	2021-10-22	2022-10-12	Pandemic (Workplace) Order 2022 (No. 10) expired	7/10/21-15/12/21: COVID-19 Mandatory Vaccination (Workers) Directions No.1-No.8\n15/12/21: Pandemic COVID-19 Mandatory Vaccination (Specified Workers) Order 2021 (No 1) revoked previous order\n12/01/22: Vaccination (Specified Workers) Order 2022 (No 2) introduced booster dose \n04/02/22: Vaccination (Specified Workers) Order 2022 (No 3) added booster exemption for people under 18\n11/02/22: Vaccination (Specified Workers) Order 2022 (No 4) booster deadline is extended to 12/03/22, provided that: By 12/03/22 the worker has a booking to receive their booster vaccine dose on or before 12/0322; and the worker has provided evidence of that booster dose to the operator of workplace.\n25/02/22: Vaccination (Specified Workers) Order 2022 (No 5). Booster requirements have been included to allow specified workers who are fully\nvaccinated but not yet boosted, 18 years and over and not excepted persons to work onsite in the\nfollowing limited circumstances including working on site for up to 3 months and 14 days		376	From 15/10/21, employees must provide vaccination information including bookings to receive doses\nFirst dose by 22/10/21\nSecond dose by 26/11/22 in order to work outside their place of residence	if a worker has a booking to receive, by the first dose deadline, they are exempted\nThe exceptional circumstances are:\n(a) a worker is required to perform work or duties that is or are necessary to provide for urgent specialist clinical or medical care due to an emergency situation or a critical unforeseen circumstance; or (b) a worker is required to fill a vacancy to provide urgent care, to maintain quality of care and/or to continue essential operations due to an emergency situation or a critical unforeseen circumstance; or a worker is required to respond to an emergency; or (d) a worker is required to perform urgent and essential work to protect\nthe health and safety of workers or members of the public, or to protect assets and infrastructure; or (e) an education worker that is required to: (i) carry out assessments of an oral or performance examination; or (ii) work as a venue coordinator for those examinations.	COVID-19 Mandatory Vaccination (Workers) Directions	A person must not refuse or fail to comply with a direction given to the person, or a requirement made of the person, in the exercise of a power under an authorisation given under section 199.\nIn the case of a natural person, 120 penalty units; In the case of a body corporate, 600 penalty units.\nGiving false and misleading information to an authorised officer. In the case of a natural person, 60 penalty units;In the case of a body corporate, 300 penalty units.	Minister for Health								Pandemic Order	VICEOTHT230	
146	VIC	COVID-19 Mandatory Vaccination (Workers) Directions	Employment	repair and maintenance worker	2021-10-01	2021-10-07	2021-10-22	2022-10-12	Pandemic (Workplace) Order 2022 (No. 10) expired	7/10/21-15/12/21: COVID-19 Mandatory Vaccination (Workers) Directions No.1-No.8\n15/12/21: Pandemic COVID-19 Mandatory Vaccination (Specified Workers) Order 2021 (No 1) revoked previous order\n12/01/22: Vaccination (Specified Workers) Order 2022 (No 2) introduced booster dose \n04/02/22: Vaccination (Specified Workers) Order 2022 (No 3) added booster exemption for people under 18\n11/02/22: Vaccination (Specified Workers) Order 2022 (No 4) booster deadline is extended to 12/03/22, provided that: By 12/03/22 the worker has a booking to receive their booster vaccine dose on or before 12/0322; and the worker has provided evidence of that booster dose to the operator of workplace.\n25/02/22: Vaccination (Specified Workers) Order 2022 (No 5). Booster requirements have been included to allow specified workers who are fully\nvaccinated but not yet boosted, 18 years and over and not excepted persons to work onsite in the\nfollowing limited circumstances including working on site for up to 3 months and 14 days\n22/04/22: Specified Workers Order 2022 (No 6) was revoked by Pandemic (Workplace) Order 2022 (No. 8) to combine Specified Facilities, General Workers, Specified Workers and Open Premises into one order		376	From 15/10/21, employees must provide vaccination information including bookings to receive doses\nFirst dose by 22/10/21\nSecond dose by 26/11/22 in order to work outside their place of residence	if a worker has a booking to receive, by the first dose deadline, they are exempted\nThe exceptional circumstances are:\n(a) a worker is required to perform work or duties that is or are necessary to provide for urgent specialist clinical or medical care due to an emergency situation or a critical unforeseen circumstance; or (b) a worker is required to fill a vacancy to provide urgent care, to maintain quality of care and/or to continue essential operations due to an emergency situation or a critical unforeseen circumstance; or a worker is required to respond to an emergency; or (d) a worker is required to perform urgent and essential work to protect\nthe health and safety of workers or members of the public, or to protect assets and infrastructure; or (e) an education worker that is required to: (i) carry out assessments of an oral or performance examination; or (ii) work as a venue coordinator for those examinations.	COVID-19 Mandatory Vaccination (Workers) Directions	A person must not refuse or fail to comply with a direction given to the person, or a requirement made of the person, in the exercise of a power under an authorisation given under section 199.\nIn the case of a natural person, 120 penalty units; In the case of a body corporate, 600 penalty units.\nGiving false and misleading information to an authorised officer. In the case of a natural person, 60 penalty units;In the case of a body corporate, 300 penalty units.	Minister for Health								Pandemic Order	VICEOTHT240	
147	VIC	COVID-19 Mandatory Vaccination (Workers) Directions	Employment	retail worker	2021-10-01	2021-10-07	2021-10-22	2022-10-12	Pandemic (Workplace) Order 2022 (No. 10) expired	7/10/21-15/12/21: COVID-19 Mandatory Vaccination (Workers) Directions No.1-No.8\n15/12/21: Pandemic COVID-19 Mandatory Vaccination (Specified Workers) Order 2021 (No 1) revoked previous order\n12/01/22: Vaccination (Specified Workers) Order 2022 (No 2) introduced booster dose \n04/02/22: Vaccination (Specified Workers) Order 2022 (No 3) added booster exemption for people under 18\n11/02/22: Vaccination (Specified Workers) Order 2022 (No 4) booster deadline is extended to 12/03/22, provided that: By 12/03/22 the worker has a booking to receive their booster vaccine dose on or before 12/0322; and the worker has provided evidence of that booster dose to the operator of workplace.\n25/02/22: Vaccination (Specified Workers) Order 2022 (No 5). Booster requirements have been included to allow specified workers who are fully\nvaccinated but not yet boosted, 18 years and over and not excepted persons to work onsite in the\nfollowing limited circumstances including working on site for up to 3 months and 14 days		376	From 15/10/21, employees must provide vaccination information including bookings to receive doses\nFirst dose by 22/10/21\nSecond dose by 26/11/22 in order to work outside their place of residence	if a worker has a booking to receive, by the first dose deadline, they are exempted\nThe exceptional circumstances are:\n(a) a worker is required to perform work or duties that is or are necessary to provide for urgent specialist clinical or medical care due to an emergency situation or a critical unforeseen circumstance; or (b) a worker is required to fill a vacancy to provide urgent care, to maintain quality of care and/or to continue essential operations due to an emergency situation or a critical unforeseen circumstance; or a worker is required to respond to an emergency; or (d) a worker is required to perform urgent and essential work to protect\nthe health and safety of workers or members of the public, or to protect assets and infrastructure; or (e) an education worker that is required to: (i) carry out assessments of an oral or performance examination; or (ii) work as a venue coordinator for those examinations.	COVID-19 Mandatory Vaccination (Workers) Directions	A person must not refuse or fail to comply with a direction given to the person, or a requirement made of the person, in the exercise of a power under an authorisation given under section 199.\nIn the case of a natural person, 120 penalty units; In the case of a body corporate, 600 penalty units.\nGiving false and misleading information to an authorised officer. In the case of a natural person, 60 penalty units;In the case of a body corporate, 300 penalty units.	Minister for Health								Pandemic Order	VICEOTHT250	
148	VIC	COVID-19 Mandatory Vaccination (Workers) Directions	Employment	science and technology worker	2021-10-01	2021-10-07	2021-10-22	2022-10-12	Pandemic (Workplace) Order 2022 (No. 10) expired	7/10/21-15/12/21: COVID-19 Mandatory Vaccination (Workers) Directions No.1-No.8\n15/12/21: Pandemic COVID-19 Mandatory Vaccination (Specified Workers) Order 2021 (No 1) revoked previous order\n12/01/22: Vaccination (Specified Workers) Order 2022 (No 2) introduced booster dose \n04/02/22: Vaccination (Specified Workers) Order 2022 (No 3) added booster exemption for people under 18\n11/02/22: Vaccination (Specified Workers) Order 2022 (No 4) booster deadline is extended to 12/03/22, provided that: By 12/03/22 the worker has a booking to receive their booster vaccine dose on or before 12/0322; and the worker has provided evidence of that booster dose to the operator of workplace.\n25/02/22: Vaccination (Specified Workers) Order 2022 (No 5). Booster requirements have been included to allow specified workers who are fully\nvaccinated but not yet boosted, 18 years and over and not excepted persons to work onsite in the\nfollowing limited circumstances including working on site for up to 3 months and 14 days\n22/04/22: Specified Workers Order 2022 (No 6) was revoked by Pandemic (Workplace) Order 2022 (No. 8) to combine Specified Facilities, General Workers, Specified Workers and Open Premises into one order		376	From 15/10/21, employees must provide vaccination information including bookings to receive doses\nFirst dose by 22/10/21\nSecond dose by 26/11/22 in order to work outside their place of residence	if a worker has a booking to receive, by the first dose deadline, they are exempted\nThe exceptional circumstances are:\n(a) a worker is required to perform work or duties that is or are necessary to provide for urgent specialist clinical or medical care due to an emergency situation or a critical unforeseen circumstance; or (b) a worker is required to fill a vacancy to provide urgent care, to maintain quality of care and/or to continue essential operations due to an emergency situation or a critical unforeseen circumstance; or a worker is required to respond to an emergency; or (d) a worker is required to perform urgent and essential work to protect\nthe health and safety of workers or members of the public, or to protect assets and infrastructure; or (e) an education worker that is required to: (i) carry out assessments of an oral or performance examination; or (ii) work as a venue coordinator for those examinations.	COVID-19 Mandatory Vaccination (Workers) Directions	A person must not refuse or fail to comply with a direction given to the person, or a requirement made of the person, in the exercise of a power under an authorisation given under section 199.\nIn the case of a natural person, 120 penalty units; In the case of a body corporate, 600 penalty units.\nGiving false and misleading information to an authorised officer. In the case of a natural person, 60 penalty units;In the case of a body corporate, 300 penalty units.	Minister for Health								Pandemic Order	VICEOTHT260	
149	VIC	COVID-19 Mandatory Vaccination (Workers) Directions	Employment	social and community service worker	2021-10-01	2021-10-07	2021-10-22	2022-10-12	Pandemic (Workplace) Order 2022 (No. 10) expired	7/10/21-15/12/21: COVID-19 Mandatory Vaccination (Workers) Directions No.1-No.8\n15/12/21: Pandemic COVID-19 Mandatory Vaccination (Specified Workers) Order 2021 (No 1) revoked previous order\n12/01/22: Vaccination (Specified Workers) Order 2022 (No 2) introduced booster dose \n04/02/22: Vaccination (Specified Workers) Order 2022 (No 3) added booster exemption for people under 18\n11/02/22: Vaccination (Specified Workers) Order 2022 (No 4) booster deadline is extended to 12/03/22, provided that: By 12/03/22 the worker has a booking to receive their booster vaccine dose on or before 12/0322; and the worker has provided evidence of that booster dose to the operator of workplace.\n25/02/22: Vaccination (Specified Workers) Order 2022 (No 5). Booster requirements have been included to allow specified workers who are fully\nvaccinated but not yet boosted, 18 years and over and not excepted persons to work onsite in the\nfollowing limited circumstances including working on site for up to 3 months and 14 days\n22/04/22: Specified Workers Order 2022 (No 6) was revoked by Pandemic (Workplace) Order 2022 (No. 8) to combine Specified Facilities, General Workers, Specified Workers and Open Premises into one order		376	From 15/10/21, employees must provide vaccination information including bookings to receive doses\nFirst dose by 22/10/21\nSecond dose by 26/11/22 in order to work outside their place of residence	if a worker has a booking to receive, by the first dose deadline, they are exempted\nThe exceptional circumstances are:\n(a) a worker is required to perform work or duties that is or are necessary to provide for urgent specialist clinical or medical care due to an emergency situation or a critical unforeseen circumstance; or (b) a worker is required to fill a vacancy to provide urgent care, to maintain quality of care and/or to continue essential operations due to an emergency situation or a critical unforeseen circumstance; or a worker is required to respond to an emergency; or (d) a worker is required to perform urgent and essential work to protect\nthe health and safety of workers or members of the public, or to protect assets and infrastructure; or (e) an education worker that is required to: (i) carry out assessments of an oral or performance examination; or (ii) work as a venue coordinator for those examinations.	COVID-19 Mandatory Vaccination (Workers) Directions	A person must not refuse or fail to comply with a direction given to the person, or a requirement made of the person, in the exercise of a power under an authorisation given under section 199.\nIn the case of a natural person, 120 penalty units; In the case of a body corporate, 600 penalty units.\nGiving false and misleading information to an authorised officer. In the case of a natural person, 60 penalty units;In the case of a body corporate, 300 penalty units.	Minister for Health								Pandemic Order	VICEOTHT270	
150	VIC	COVID-19 Mandatory Vaccination (Workers) Directions	Employment	transport worker	2021-10-01	2021-10-07	2021-10-22	2022-10-12	Pandemic (Workplace) Order 2022 (No. 10) expired	7/10/21-15/12/21: COVID-19 Mandatory Vaccination (Workers) Directions No.1-No.8\n15/12/21: Pandemic COVID-19 Mandatory Vaccination (Specified Workers) Order 2021 (No 1) revoked previous order\n12/01/22: Vaccination (Specified Workers) Order 2022 (No 2) introduced booster dose \n04/02/22: Vaccination (Specified Workers) Order 2022 (No 3) added booster exemption for people under 18\n11/02/22: Vaccination (Specified Workers) Order 2022 (No 4) booster deadline is extended to 12/03/22, provided that: By 12/03/22 the worker has a booking to receive their booster vaccine dose on or before 12/0322; and the worker has provided evidence of that booster dose to the operator of workplace.\n25/02/22: Vaccination (Specified Workers) Order 2022 (No 5). Booster requirements have been included to allow specified workers who are fully\nvaccinated but not yet boosted, 18 years and over and not excepted persons to work onsite in the\nfollowing limited circumstances including working on site for up to 3 months and 14 days\n22/04/22: Specified Workers Order 2022 (No 6) was revoked by Pandemic (Workplace) Order 2022 (No. 8) to combine Specified Facilities, General Workers, Specified Workers and Open Premises into one order		376	From 15/10/21, employees must provide vaccination information including bookings to receive doses\nFirst dose by 22/10/21\nSecond dose by 26/11/22 in order to work outside their place of residence	if a worker has a booking to receive, by the first dose deadline, they are exempted\nThe exceptional circumstances are:\n(a) a worker is required to perform work or duties that is or are necessary to provide for urgent specialist clinical or medical care due to an emergency situation or a critical unforeseen circumstance; or (b) a worker is required to fill a vacancy to provide urgent care, to maintain quality of care and/or to continue essential operations due to an emergency situation or a critical unforeseen circumstance; or a worker is required to respond to an emergency; or (d) a worker is required to perform urgent and essential work to protect\nthe health and safety of workers or members of the public, or to protect assets and infrastructure; or (e) an education worker that is required to: (i) carry out assessments of an oral or performance examination; or (ii) work as a venue coordinator for those examinations.	COVID-19 Mandatory Vaccination (Workers) Directions	A person must not refuse or fail to comply with a direction given to the person, or a requirement made of the person, in the exercise of a power under an authorisation given under section 199.\nIn the case of a natural person, 120 penalty units; In the case of a body corporate, 600 penalty units.\nGiving false and misleading information to an authorised officer. In the case of a natural person, 60 penalty units;In the case of a body corporate, 300 penalty units.	Minister for Health								Pandemic Order	VICEOTHT280	
151	VIC	COVID-19 Mandatory Vaccination (Workers) Directions	Employment	utility and urban worker	2021-10-01	2021-10-07	2021-10-22	2022-10-12	Pandemic (Workplace) Order 2022 (No. 10) expired	7/10/21-15/12/21: COVID-19 Mandatory Vaccination (Workers) Directions No.1-No.8\n15/12/21: Pandemic COVID-19 Mandatory Vaccination (Specified Workers) Order 2021 (No 1) revoked previous order\n12/01/22: Vaccination (Specified Workers) Order 2022 (No 2) introduced booster dose \n04/02/22: Vaccination (Specified Workers) Order 2022 (No 3) added booster exemption for people under 18\n11/02/22: Vaccination (Specified Workers) Order 2022 (No 4) booster deadline is extended to 12/03/22, provided that: By 12/03/22 the worker has a booking to receive their booster vaccine dose on or before 12/0322; and the worker has provided evidence of that booster dose to the operator of workplace.\n25/02/22: Vaccination (Specified Workers) Order 2022 (No 5). Booster requirements have been included to allow specified workers who are fully\nvaccinated but not yet boosted, 18 years and over and not excepted persons to work onsite in the\nfollowing limited circumstances including working on site for up to 3 months and 14 days\n22/04/22: Specified Workers Order 2022 (No 6) was revoked by Pandemic (Workplace) Order 2022 (No. 8) to combine Specified Facilities, General Workers, Specified Workers and Open Premises into one order		376	From 15/10/21, employees must provide vaccination information including bookings to receive doses\nFirst dose by 22/10/21\nSecond dose by 26/11/22 in order to work outside their place of residence	if a worker has a booking to receive, by the first dose deadline, they are exempted\nThe exceptional circumstances are:\n(a) a worker is required to perform work or duties that is or are necessary to provide for urgent specialist clinical or medical care due to an emergency situation or a critical unforeseen circumstance; or (b) a worker is required to fill a vacancy to provide urgent care, to maintain quality of care and/or to continue essential operations due to an emergency situation or a critical unforeseen circumstance; or a worker is required to respond to an emergency; or (d) a worker is required to perform urgent and essential work to protect\nthe health and safety of workers or members of the public, or to protect assets and infrastructure; or (e) an education worker that is required to: (i) carry out assessments of an oral or performance examination; or (ii) work as a venue coordinator for those examinations.	COVID-19 Mandatory Vaccination (Workers) Directions	A person must not refuse or fail to comply with a direction given to the person, or a requirement made of the person, in the exercise of a power under an authorisation given under section 199.\nIn the case of a natural person, 120 penalty units; In the case of a body corporate, 600 penalty units.\nGiving false and misleading information to an authorised officer. In the case of a natural person, 60 penalty units;In the case of a body corporate, 300 penalty units.	Minister for Health								Pandemic Order	VICEOTHT290	
152	VIC	COVID-19 Mandatory Vaccination (Workers) Directions	Employment	Veterinary and pet/animal care worker	2021-10-01	2021-10-07	2021-10-22	2022-10-12	Pandemic (Workplace) Order 2022 (No. 10) expired	7/10/21-15/12/21: COVID-19 Mandatory Vaccination (Workers) Directions No.1-No.8\n15/12/21: Pandemic COVID-19 Mandatory Vaccination (Specified Workers) Order 2021 (No 1) revoked previous order\n12/01/22: Vaccination (Specified Workers) Order 2022 (No 2) introduced booster dose \n04/02/22: Vaccination (Specified Workers) Order 2022 (No 3) added booster exemption for people under 18\n11/02/22: Vaccination (Specified Workers) Order 2022 (No 4) booster deadline is extended to 12/03/22, provided that: By 12/03/22 the worker has a booking to receive their booster vaccine dose on or before 12/0322; and the worker has provided evidence of that booster dose to the operator of workplace.\n25/02/22: Vaccination (Specified Workers) Order 2022 (No 5). Booster requirements have been included to allow specified workers who are fully\nvaccinated but not yet boosted, 18 years and over and not excepted persons to work onsite in the\nfollowing limited circumstances including working on site for up to 3 months and 14 days\n22/04/22: Specified Workers Order 2022 (No 6) was revoked by Pandemic (Workplace) Order 2022 (No. 8) to combine Specified Facilities, General Workers, Specified Workers and Open Premises into one order		376	From 15/10/21, employees must provide vaccination information including bookings to receive doses\nFirst dose by 22/10/21\nSecond dose by 26/11/22 in order to work outside their place of residence	if a worker has a booking to receive, by the first dose deadline, they are exempted\nThe exceptional circumstances are:\n(a) a worker is required to perform work or duties that is or are necessary to provide for urgent specialist clinical or medical care due to an emergency situation or a critical unforeseen circumstance; or (b) a worker is required to fill a vacancy to provide urgent care, to maintain quality of care and/or to continue essential operations due to an emergency situation or a critical unforeseen circumstance; or a worker is required to respond to an emergency; or (d) a worker is required to perform urgent and essential work to protect\nthe health and safety of workers or members of the public, or to protect assets and infrastructure; or (e) an education worker that is required to: (i) carry out assessments of an oral or performance examination; or (ii) work as a venue coordinator for those examinations.	COVID-19 Mandatory Vaccination (Workers) Directions	A person must not refuse or fail to comply with a direction given to the person, or a requirement made of the person, in the exercise of a power under an authorisation given under section 199.\nIn the case of a natural person, 120 penalty units; In the case of a body corporate, 600 penalty units.\nGiving false and misleading information to an authorised officer. In the case of a natural person, 60 penalty units;In the case of a body corporate, 300 penalty units.	Minister for Health								Pandemic Order	VICEOTHT310	
153	VIC	COVID-19 Mandatory Vaccination (General Workers) Directions	Employment	outside their ordinary place of residence		2021-10-29	2021-10-29	2022-10-12	Pandemic (Workplace) Order 2022 (No. 10) expired	12/01/22 - Pandemic COVID-19 Mandatory Vaccination (General Workers) Order 2022 (No. 2) revoked previous order\n04/02/22- Pandemic COVID-19 Mandatory Vaccination (General Workers) Order 2022 (No. 3) revoked previous order\n22/04/22: Revoked by Pandemic (Workplace) Order 2022 (No. 8) to combine Specified Facilities, General Workers, Specified Workers and Open Premises into one order		348	Must be fully vaccinated to work\noutside the person's ordinary place of residence	Workers that are under 12 years of age, under another vaccine mandate direction or Commonwealth employees, members of State Parliament and religious workers who are not covered by this Order.\nif the person holds acceptable certification\nfrom a medical practitioner that the person is unable to receive a dose, or a further dose, of a COVID-19 vaccine due to:\n(a) a medical contraindication; or\n(b) an acute medical illness (including where the person has been diagnosed with SARS-CoV-2).	Pandemic COVID-19 Mandatory Vaccination\n(General Workers) Order 2021 (No. 1)	A person must not refuse or fail to comply with a direction given to the person, or a requirement made of the person, in the exercise of a power under an authorisation given under section 199.\nIn the case of a natural person, 120 penalty units; In the case of a body corporate, 600 penalty units.\nGiving false and misleading information to an authorised officer. In the case of a natural person, 60 penalty units;In the case of a body corporate, 300 penalty units.	Minister for Health								Pandemic Order	VICEALL0000	
154	VIC	Pandemic COVID-19 Mandatory Vaccination (Specified Workers) Order	Employment	disability worker		2021-12-15	2021-12-15	2022-10-12	Pandemic (Workplace) Order 2022 (No. 10) expired	7/10/21-15/12/21: COVID-19 Mandatory Vaccination (Workers) Directions No.1-No.8\n15/12/21: Pandemic COVID-19 Mandatory Vaccination (Specified Workers) Order 2021 (No 1) revoked previous order\n12/01/22: Vaccination (Specified Workers) Order 2022 (No 2) introduced booster dose \n04/02/22: Vaccination (Specified Workers) Order 2022 (No 3) added booster exemption for people under 18\n11/02/22: Vaccination (Specified Workers) Order 2022 (No 4) booster deadline is extended to 12/03/22, provided that: By 12/03/22 the worker has a booking to receive their booster vaccine dose on or before 12/0322; and the worker has provided evidence of that booster dose to the operator of workplace.\n25/02/22: Vaccination (Specified Workers) Order 2022 (No 5). Booster requirements have been included to allow specified workers who are fully\nvaccinated but not yet boosted, 18 years and over and not excepted persons to work onsite in the\nfollowing limited circumstances including working on site for up to 3 months and 14 days\n22/04/22: Specified Workers Order 2022 (No 6) was revoked by Pandemic (Workplace) Order 2022 (No. 8) to combine Specified Facilities, General Workers, Specified Workers and Open Premises into one order	160	301		if a worker has a booking to receive, by the first dose deadline, they are exempted\nThe exceptional circumstances are:\n(a) a worker is required to perform work or duties that is or are necessary to provide for urgent specialist clinical or medical care due to an emergency situation or a critical unforeseen circumstance; or (b) a worker is required to fill a vacancy to provide urgent care, to maintain quality of care and/or to continue essential operations due to an emergency situation or a critical unforeseen circumstance; or a worker is required to respond to an emergency; or (d) a worker is required to perform urgent and essential work to protect\nthe health and safety of workers or members of the public, or to protect assets and infrastructure; or (e) an education worker that is required to: (i) carry out assessments of an oral or performance examination; or (ii) work as a venue coordinator for those examinations.	Pandemic COVID-19 Mandatory Vaccination\n(Specified Workers) Order 2021 (No. 1)	A person must not refuse or fail to comply with a direction given to the person, or a requirement made of the person, in the exercise of a power under an authorisation given under section 199.\nIn the case of a natural person, 120 penalty units; In the case of a body corporate, 600 penalty units.\nGiving false and misleading information to an authorised officer. In the case of a natural person, 60 penalty units;In the case of a body corporate, 300 penalty units.	Minister for Health							  	Pandemic Order	VICEDSW00V1	
155	VIC	Open Premises Directions	Public Space	adult education or\nhigher education\npremises		2021-12-15	2021-12-15	2022-10-12	Pandemic (Workplace) Order 2022 (No. 10) expired	22/04/22: Specified Workers Order 2022 (No 6) was revoked by Pandemic (Workplace) Order 2022 (No. 8) to combine Specified Facilities, General Workers, Specified Workers and Open Premises into one order		301	workers and visitors must be fully vaccinated and 18 or above to access open premises in Metropolitan Melbourne and\nRegional Victoria\n15/12/21: changed to all of VIC	do not apply to the operator of an adult education or higher education premises in relation to patrons attending the premises for the purpose of receiving or providing higher\neducation services, that: cannot be conducted remotely, including attending assessments and classes; or involve secondary school subjects.\nExemptions also include access to bathrooms, severe weather, education and childcare services, public event framework; emegency use and opeations; 12/4/22 added: state or federal elections\na worker is required to perform work or duties that is or are necessary to provide for urgent specialist clinical or medical care due to an emergency situation or a critical unforeseen circumstance; or a worker is required to fill a vacancy to provide urgent care, to maintain quality of care and/or to continue essential operations due to an emergency situation or a critical unforeseen circumstance; or\na worker is required to respond to an emergency; or\na worker is required to perform urgent and essential work to protect the health and safety of workers or members of the public, or to protect assets and infrastructure.	Open Premises Order (No.2)	A person must not refuse or fail to comply with a direction given to the person, or a requirement made of the person, in the exercise of a power under an authorisation given under section 199.\nIn the case of a natural person, 120 penalty units; In the case of a body corporate, 600 penalty units.\nGiving false and misleading information to an authorised officer. In the case of a natural person, 60 penalty units;In the case of a body corporate, 300 penalty units.	Minister for Health							Enforcement date is some time between 23/10 and 15/12/21 but the specific date is unknown as the directions cannot be found online	Pandemic Order	VICPEDU0000	
156	VIC	Pandemic Open Premises Order	Public Space	amusement parks		2021-12-15	2021-12-15	2022-10-12	Pandemic (Workplace) Order 2022 (No. 10) expired	22/04/22: Specified Workers Order 2022 (No 6) was revoked by Pandemic (Workplace) Order 2022 (No. 8) to combine Specified Facilities, General Workers, Specified Workers and Open Premises into one order		301	workers and visitors must be fully vaccinated and 18 or above to access open premises\n6/1/22: workers above 12 years and 2 months of age must be fully vaccinated	Exemptions include access to bathrooms, severe weather, education and childcare services, public event framework; emegency use and opeations; 12/4/22 added: state or federal elections\na worker is required to perform work or duties that is or are necessary to provide for urgent specialist clinical or medical care due to an emergency situation or a critical unforeseen circumstance; or a worker is required to fill a vacancy to provide urgent care, to maintain quality of care and/or to continue essential operations due to an emergency situation or a critical unforeseen circumstance; or\na worker is required to respond to an emergency; or\na worker is required to perform urgent and essential work to protect the health and safety of workers or members of the public, or to protect assets and infrastructure.	Pandemic Open Premises Order (No.1) 2021	A person must not refuse or fail to comply with a direction given to the person, or a requirement made of the person, in the exercise of a power under an authorisation given under section 199.\nIn the case of a natural person, 120 penalty units; In the case of a body corporate, 600 penalty units.\nGiving false and misleading information to an authorised officer. In the case of a natural person, 60 penalty units;In the case of a body corporate, 300 penalty units.	Minister for Health							Enforcement date is some time between 23/10 and 15/12/21 but the specific date is unknown as the directions cannot be found online	Pandemic Order	VICPOTHT1000	
157	VIC	Pandemic (Visitors to Hospitals and Care Facilities) Order	Public Space	Hospitals		2022-01-10	2022-01-12	2022-10-12	Pandemic (Workplace) Order 2022 (No. 10) expired			275	only patients, hospital workers and visitors of patients can visit the hospital. For specifics, see directions.\nfor visitors who are aged 18 years or over:\n(a) they are fully vaccinated; or\n(b) they are not fully vaccinated and:\n(i) present a negative RAT on the same day and (ii) wear an N95 face covering for the duration of their visit; or\n(2) for visitors who are aged under 18 years:\n(a) they are fully vaccinated; or\n(b) they are not fully vaccinated and present a negative RAT on the same day 	excepted person means a person who holds acceptable certification that the person is unable to receive a dose, or a further dose, of any COVID-19 vaccine that is available\nin Australia due to: (1) a medical contraindication; or (2) an acute medical illness\n(a) a person who is visiting for the purpose of providing end-of-life support to a patient of the hospital; or\n(b) a person who is an essential carer of a patient, where undertaking a COVID-19 rapid antigen test prior to entry is not practicable; or\n(c) a person who has undertaken a COVID-19 PCR test within 24 hours prior to visiting the hospital and provided acceptable evidence of a negative result from that test to the operator of the hospital; or (d) a person providing professional patient care, including but not limited to:\n(i) emergency workers in the event of an emergency; and\n(ii) ambulance workers; and (iii) visiting healthcare professionals; or\n(e) a person who has a physical or mental health illness or condition, or disability, which makes both vaccination and COVID-19 rapid antigen testing unsuitable; or\n(f) a person for whom both vaccination and COVID-19 rapid antigen testing are not safe in all the circumstances.\n(a) the parent, carer or guardian of the patient, or has temporary care of the patient, and the purpose of the visit is to breastfeed the patient; or\n(ii) a person whose presence at the hospital is for the purposes of end of life support for a patient of the hospital; or\n(iii) an immediate family member of a patient whose medical\ncondition is life threatening; and (b) the person is authorised to enter or remain at the hospital\n(i) the parent, carer or guardian of the patient, or has temporary care of the patient; or\n(ii) the partner or support person of a pregnant patient of the hospital, and the purpose of the visit is to attend the birth of the patient's child; or\n(iii) a person whose presence at the hospital is for the purposes of end of life support for a patient of the hospital; or\n(iv) an immediate family member of a patient whose medical\ncondition is life threatening; and the person is authorised	Pandemic (Visitors to Hospitals and Care Facilities) Order 2022 (No. 2)	The operator of a hospital must take all reasonable steps to facilitate telephone, video\nor other means of electronic communication with the parents, guardians, partners,\ncarers, support persons and family members of patients to support the physical,\nemotional and social wellbeing (including mental health) of patients.	Minister for Health								Pandemic Order	VICPHCW0000	
158	VIC	Pandemic (Visitors to Hospitals and Care Facilities) Order	Public Space	Care facilities		2022-01-10	2022-01-12	2022-10-12	Pandemic (Workplace) Order 2022 (No. 10) expired			275	NOT A VACCINE MANDATE\nonly residents, workers,  visitors of residents and visitors of prospective residents can visit the care facility\nMust present a negative RAT on the same day they are visiting 	excepted person means a person who holds acceptable certification that the person is unable to receive a dose, or a further dose, of any COVID-19 vaccine that is available\nin Australia due to: (1) a medical contraindication; or (2) an acute medical illness\nPerson may enter, or remain on, the premises of the care\nfacility if: (a) the person's presence at the facility is for the purposes of providing end of life support to a resident of the care facility; and (b) the person is authorised to enter or remain at the care facility	Pandemic (Visitors to Hospitals and Care Facilities) Order 2022 (No. 2)	The operator of a care facility must take all reasonable steps to ensure that:\n(1) a person does not enter or remain on the premises of the care facility if the person\nis prohibited from doing so by clause 18; and\n(2) the care facility facilitates telephone, video or other means of electronic\ncommunication with the parents, guardians, partners, carers, support persons\nand family members of residents to support the physical, emotional and social\nwellbeing (including mental health) of residents.	Minister for Health								Pandemic Order	VICPOTC0000	
159	VIC	(BOOSTER) Pandemic COVID-19 Mandatory Vaccination (Specified Workers) Order 2022 (No. 2)	Employment	custodial worker booster dose		2022-01-12	2022-02-12	2022-10-12	Pandemic (Workplace) Order 2022 (No. 10) expired	7/10/21-15/12/21: COVID-19 Mandatory Vaccination (Workers) Directions No.1-No.8\n15/12/21: Pandemic COVID-19 Mandatory Vaccination (Specified Workers) Order 2021 (No 1) revoked previous order\n12/01/22: Vaccination (Specified Workers) Order 2022 (No 2) introduced booster dose \n04/02/22: Vaccination (Specified Workers) Order 2022 (No 3) added booster exemption for people under 18\n11/02/22: Vaccination (Specified Workers) Order 2022 (No 4) booster deadline is extended to 12/03/22, provided that by 12/03/22 the worker has a booking to receive their booster vaccine dose on or before 12/03/22; and the worker has provided evidence of that booster dose to the operator of workplace.\n25/02/22: Vaccination (Specified Workers) Order 2022 (No 5). Booster requirements have been included to allow specified workers who are fully\nvaccinated but not yet boosted, 18 years and over and not excepted persons to work onsite in the\nfollowing limited circumstances including working on site for up to 3 months and 14 days\n22/04/22: Specified Workers Order 2022 (No 6) was revoked by Pandemic (Workplace) Order 2022 (No. 8) to combine Specified Facilities, General Workers, Specified Workers and Open Premises into one order		273	12/02/22- Booster dose deadline for workers that became fully vaccinated by 12/09/21\n12/03/22- Booster dose deadline for workers that became fully vaccinated after 12/09/21\n\n11/02/22: extended booster deadline is to 12/03/22, provided that by 12/03/22 the worker has a booking to receive their booster on or before 12/03/22	if a worker has a booking to receive, by the first dose deadline, they are exempted\nThe exceptional circumstances are:\n(a) a worker is required to perform work or duties that is or are necessary to provide for urgent specialist clinical or medical care due to an emergency situation or a critical unforeseen circumstance; or (b) a worker is required to fill a vacancy to provide urgent care, to maintain quality of care and/or to continue essential operations due to an emergency situation or a critical unforeseen circumstance; or a worker is required to respond to an emergency; or (d) a worker is required to perform urgent and essential work to protect\nthe health and safety of workers or members of the public, or to protect assets and infrastructure; or (e) an education worker that is required to: (i) carry out assessments of an oral or performance examination; or (ii) work as a venue coordinator for those examinations.\n04/02/22: added booster exemption for people under 18\n25/02/22:Booster requirements have been included to allow specified workers who are fully vaccinated but not yet boosted, 18 years and over and not excepted persons to work onsite in the following limited circumstances including working on site for up to 3 months and 14 days	Pandemic COVID-19 Mandatory\nVaccination (Specified Workers) Order 2022 (No. 2)	A person must not refuse or fail to comply with a direction given to the person, or a requirement made of the person, in the exercise of a power under an authorisation given under section 199.\nIn the case of a natural person, 120 penalty units; In the case of a body corporate, 600 penalty units.\nGiving false and misleading information to an authorised officer. In the case of a natural person, 60 penalty units;In the case of a body corporate, 300 penalty units.	Minister for Health								Pandemic Order	VICEOTHT1V2	
160	VIC	(BOOSTER) Pandemic COVID-19 Mandatory Vaccination (Specified Workers) Order 2022 (No. 2)	Employment	disability worker booster dose		2022-01-12	2022-02-12	2022-10-12	Pandemic (Workplace) Order 2022 (No. 10) expired	7/10/21-15/12/21: COVID-19 Mandatory Vaccination (Workers) Directions No.1-No.8\n15/12/21: Pandemic COVID-19 Mandatory Vaccination (Specified Workers) Order 2021 (No 1) revoked previous order\n12/01/22: Vaccination (Specified Workers) Order 2022 (No 2) introduced booster dose \n04/02/22: Vaccination (Specified Workers) Order 2022 (No 3) added booster exemption for people under 18\n11/02/22: Vaccination (Specified Workers) Order 2022 (No 4) booster deadline is extended to 12/03/22, provided that by 12/03/22 the worker has a booking to receive their booster vaccine dose on or before 12/03/22; and the worker has provided evidence of that booster dose to the operator of workplace.\n25/02/22: Vaccination (Specified Workers) Order 2022 (No 5). Booster requirements have been included to allow specified workers who are fully\nvaccinated but not yet boosted, 18 years and over and not excepted persons to work onsite in the\nfollowing limited circumstances including working on site for up to 3 months and 14 days\n22/04/22: Specified Workers Order 2022 (No 6) was revoked by Pandemic (Workplace) Order 2022 (No. 8) to combine Specified Facilities, General Workers, Specified Workers and Open Premises into one order		273	12/02/22- Booster dose deadline for workers that became fully vaccinated by 12/09/21\n12/03/22- Booster dose deadline for workers that became fully vaccinated after 12/09/21\n\n11/02/22: extended booster deadline is to 12/03/22, provided that by 12/03/22 the worker has a booking to receive their booster on or before 12/03/22	if a worker has a booking to receive, by the first dose deadline, they are exempted\nThe exceptional circumstances are:\n(a) a worker is required to perform work or duties that is or are necessary to provide for urgent specialist clinical or medical care due to an emergency situation or a critical unforeseen circumstance; or (b) a worker is required to fill a vacancy to provide urgent care, to maintain quality of care and/or to continue essential operations due to an emergency situation or a critical unforeseen circumstance; or a worker is required to respond to an emergency; or (d) a worker is required to perform urgent and essential work to protect\nthe health and safety of workers or members of the public, or to protect assets and infrastructure; or (e) an education worker that is required to: (i) carry out assessments of an oral or performance examination; or (ii) work as a venue coordinator for those examinations.\n04/02/22: added booster exemption for people under 18\n25/02/22:Booster requirements have been included to allow specified workers who are fully vaccinated but not yet boosted, 18 years and over and not excepted persons to work onsite in the following limited circumstances including working on site for up to 3 months and 14 days	Pandemic COVID-19 Mandatory\nVaccination (Specified Workers) Order 2022 (No. 2)	A person must not refuse or fail to comply with a direction given to the person, or a requirement made of the person, in the exercise of a power under an authorisation given under section 199.\nIn the case of a natural person, 120 penalty units; In the case of a body corporate, 600 penalty units.\nGiving false and misleading information to an authorised officer. In the case of a natural person, 60 penalty units;In the case of a body corporate, 300 penalty units.	Minister for Health								Pandemic Order	VICEDSW00V2	
161	VIC	(BOOSTER) Pandemic COVID-19 Mandatory Vaccination (Specified Workers) Order 2022 (No. 2)	Employment	emergency service worker (police, firefighters etc) booster dose		2022-01-12	2022-02-12	2022-10-12	Pandemic (Workplace) Order 2022 (No. 10) expired	7/10/21-15/12/21: COVID-19 Mandatory Vaccination (Workers) Directions No.1-No.8\n15/12/21: Pandemic COVID-19 Mandatory Vaccination (Specified Workers) Order 2021 (No 1) revoked previous order\n12/01/22: Vaccination (Specified Workers) Order 2022 (No 2) introduced booster dose \n04/02/22: Vaccination (Specified Workers) Order 2022 (No 3) added booster exemption for people under 18\n11/02/22: Vaccination (Specified Workers) Order 2022 (No 4) booster deadline is extended to 12/03/22, provided that by 12/03/22 the worker has a booking to receive their booster vaccine dose on or before 12/03/22; and the worker has provided evidence of that booster dose to the operator of workplace.\n25/02/22: Vaccination (Specified Workers) Order 2022 (No 5). Booster requirements have been included to allow specified workers who are fully\nvaccinated but not yet boosted, 18 years and over and not excepted persons to work onsite in the\nfollowing limited circumstances including working on site for up to 3 months and 14 days\n22/04/22: Specified Workers Order 2022 (No 6) was revoked by Pandemic (Workplace) Order 2022 (No. 8) to combine Specified Facilities, General Workers, Specified Workers and Open Premises into one order		273	12/02/22- Booster dose deadline for workers that became fully vaccinated by 12/09/21\n12/03/22- Booster dose deadline for workers that became fully vaccinated after 12/09/21\n\n11/02/22: extended booster deadline is to 12/03/22, provided that by 12/03/22 the worker has a booking to receive their booster on or before 12/03/22	if a worker has a booking to receive, by the first dose deadline, they are exempted\nThe exceptional circumstances are:\n(a) a worker is required to perform work or duties that is or are necessary to provide for urgent specialist clinical or medical care due to an emergency situation or a critical unforeseen circumstance; or (b) a worker is required to fill a vacancy to provide urgent care, to maintain quality of care and/or to continue essential operations due to an emergency situation or a critical unforeseen circumstance; or a worker is required to respond to an emergency; or (d) a worker is required to perform urgent and essential work to protect\nthe health and safety of workers or members of the public, or to protect assets and infrastructure; or (e) an education worker that is required to: (i) carry out assessments of an oral or performance examination; or (ii) work as a venue coordinator for those examinations.\n04/02/22: added booster exemption for people under 18\n25/02/22:Booster requirements have been included to allow specified workers who are fully vaccinated but not yet boosted, 18 years and over and not excepted persons to work onsite in the following limited circumstances including working on site for up to 3 months and 14 days	Pandemic COVID-19 Mandatory\nVaccination (Specified Workers) Order 2022 (No. 2)	A person must not refuse or fail to comply with a direction given to the person, or a requirement made of the person, in the exercise of a power under an authorisation given under section 199.\nIn the case of a natural person, 120 penalty units; In the case of a body corporate, 600 penalty units.\nGiving false and misleading information to an authorised officer. In the case of a natural person, 60 penalty units;In the case of a body corporate, 300 penalty units.	Minister for Health								Pandemic Order	VICEFES00V2	
162	VIC	(BOOSTER) Pandemic COVID-19 Mandatory Vaccination (Specified Workers) Order 2022 (No. 2)	Employment	quarantine\naccommodation\nworker booster dose		2022-01-12	2022-02-12	2022-10-12	Pandemic (Workplace) Order 2022 (No. 10) expired	7/10/21-15/12/21: COVID-19 Mandatory Vaccination (Workers) Directions No.1-No.8\n15/12/21: Pandemic COVID-19 Mandatory Vaccination (Specified Workers) Order 2021 (No 1) revoked previous order\n12/01/22: Vaccination (Specified Workers) Order 2022 (No 2) introduced booster dose \n04/02/22: Vaccination (Specified Workers) Order 2022 (No 3) added booster exemption for people under 18\n11/02/22: Vaccination (Specified Workers) Order 2022 (No 4) booster deadline is extended to 12/03/22, provided that by 12/03/22 the worker has a booking to receive their booster vaccine dose on or before 12/03/22; and the worker has provided evidence of that booster dose to the operator of workplace.\n25/02/22: Vaccination (Specified Workers) Order 2022 (No 5). Booster requirements have been included to allow specified workers who are fully\nvaccinated but not yet boosted, 18 years and over and not excepted persons to work onsite in the\nfollowing limited circumstances including working on site for up to 3 months and 14 days\n22/04/22: Specified Workers Order 2022 (No 6) was revoked by Pandemic (Workplace) Order 2022 (No. 8) to combine Specified Facilities, General Workers, Specified Workers and Open Premises into one order		273	12/02/22- Booster dose deadline for workers that became fully vaccinated by 12/09/21\n12/03/22- Booster dose deadline for workers that became fully vaccinated after 12/09/21\n\n11/02/22: extended booster deadline is to 12/03/22, provided that by 12/03/22 the worker has a booking to receive their booster on or before 12/03/22	if a worker has a booking to receive, by the first dose deadline, they are exempted\nThe exceptional circumstances are:\n(a) a worker is required to perform work or duties that is or are necessary to provide for urgent specialist clinical or medical care due to an emergency situation or a critical unforeseen circumstance; or (b) a worker is required to fill a vacancy to provide urgent care, to maintain quality of care and/or to continue essential operations due to an emergency situation or a critical unforeseen circumstance; or a worker is required to respond to an emergency; or (d) a worker is required to perform urgent and essential work to protect\nthe health and safety of workers or members of the public, or to protect assets and infrastructure; or (e) an education worker that is required to: (i) carry out assessments of an oral or performance examination; or (ii) work as a venue coordinator for those examinations.\n04/02/22: added booster exemption for people under 18\n25/02/22:Booster requirements have been included to allow specified workers who are fully vaccinated but not yet boosted, 18 years and over and not excepted persons to work onsite in the following limited circumstances including working on site for up to 3 months and 14 days	Pandemic COVID-19 Mandatory\nVaccination (Specified Workers) Order 2022 (No. 2)	A person must not refuse or fail to comply with a direction given to the person, or a requirement made of the person, in the exercise of a power under an authorisation given under section 199.\nIn the case of a natural person, 120 penalty units; In the case of a body corporate, 600 penalty units.\nGiving false and misleading information to an authorised officer. In the case of a natural person, 60 penalty units;In the case of a body corporate, 300 penalty units.	Minister for Health								Pandemic Order	VICEHQW00V2	
163	VIC	(BOOSTER) COVID-19 Mandatory Vaccination (Specified Facilities) Directions	Employment	education facility booster (including teachers, early childhood educators and educational support staff)		2022-01-25	2022-03-25	2022-10-12	Pandemic (Workplace) Order 2022 (No. 10) expired	"25/01/22 - Pandemic COVID-19 Mandatory Vaccination (Specified Facilities) Order 2022 (No. 3) introduced booster doses\n04/02/22 - Pandemic COVID-19 Mandatory Vaccination (Specified Facilities) Order 2022 (No. 4) added ""A worker who was unable to become fully vaccinated (boosted) before their booster deadline due to being in self-quarantine or self-isolation may attend the premises of a specified facility if they\nhave a booking to receive a booster vaccine within a specified period.""\n25/02/22: Pandemic COVID-19 Mandatory Vaccination (Specified Facilities) Order 2022 (No. 6) changed booster deadline from 25/02/22 booster to 25/03/22. An education facility worker that became fully vaccinated on or before 25 October 2021 and has not received a booster vaccine dose by 25/02/22 must not be allowed to work on the specified facility premises unless they have a booking to receive a booster vaccine dose on or before 25/03/22 and has provided evidence of that booster dose booking to their employer.\n22/04/22: Revoked by Pandemic (Workplace) Order 2022 (No. 8) to combine Specified Facilities, General Workers, Specified Workers and Open Premises into one order"		260	For workers that became fully vaccinated on or before 25/10/21, the deadline is 25/02/22.\nFor workers that became fully vaccinated after 25/10/21, the deadline is 15/03/22.\n25/02/22 order update: deadline extended to 25/03/22	Exception — booking by first dose deadline\n(a) a worker is required to perform work or duties at the facility that is or are necessary to provide for urgent specialist clinical or medical care due to an emergency situation or a critical unforeseen circumstance; or (b) a worker is required to fill a vacancy to provide urgent care, to maintain quality of care and/or continue essential operations at the facility due to an emergency situation or a critical unforeseen circumstance; or\n(c) a worker is required to attend the facility to respond to an emergency at the facility; or (d) a worker is required to perform urgent and essential work at the facility to protect the health and safety of workers or members of the public, or to protect assets and infrastructure; or (e) an education worker is required to: (i) carry out assessments of an oral or performance examination as part of the Victorian Certificate of Education or International Baccalaureate; or (ii) work as a venue coordinator for those examinations.	COVID-19 Mandatory Vaccination (Specified Facilities)\nDirections (No 10)	A person must not refuse or fail to comply with a direction given to the person, or a requirement made of the person, in the exercise of a power under an authorisation given under section 199.\nIn the case of a natural person, 120 penalty units; In the case of a body corporate, 600 penalty units.\n(2) A person is not guilty of an offence against subsection (1) if the person had a reasonable excuse for refusing or failing to comply with the direction or requirement.	Minister for Health					99.2% of public school teachers have had three doses of a Covid vaccine\n240 had failed to get a booster shot before the March deadline and have been placed on unauthorised leave\n180 failed to receive a first or second dose the year before\nhttps://www.theguardian.com/australia-news/2022/apr/28/victoria-stands-down-420-public-school-teachers-over-vaccine-mandates			Pandemic Order	VICEEDUT1V2	
164	VIC	Cruise Ships Protocol (No. 2)	Public Space	Cruise ship passengers		2022-06-10	2022-06-10	2022-10-12	Stated in the Order that it ends at the date and time the Pandemic (Workplace) Order is either:\n(a) amended to remove the power of the Chief Health Officer to make a\nprotocol that specifies requirements in relation to the use and operation\nof cruise ships; or (b) revoked and not immediately replaced.\nPandemic (Workplace) Order 2022 (No. 10) expired on 12/10/22			124	Must be fully vaccinated to embark\nA cruise ship operator must ensure that at least 95% of passengers travelling on a cruise ship are fully vaccinated at the point of embarkation. (Includes children and people with medical exemptions)		Cruise Ships Protocol (No. 2)	A person must not refuse or fail to comply with a direction given to the person, or a requirement made of the person, in the exercise of a power under an authorisation given under section 199.\nIn the case of a natural person, 120 penalty units; In the case of a body corporate, 600 penalty units.\nGiving false and misleading information to an authorised officer. In the case of a natural person, 60 penalty units;In the case of a body corporate, 300 penalty units.	Minister for Health								Pandemic Order	VICEPOW0000	
165	VIC	(BOOSTER) Cruise Ships Protocol (No. 2)	Employment	Cruise ship crew members		2022-06-10	2022-06-10	2022-10-12	Stated in the Order that it ends at the date and time the Pandemic (Workplace) Order is either:\n(a) amended to remove the power of the Chief Health Officer to make a\nprotocol that specifies requirements in relation to the use and operation\nof cruise ships; or (b) revoked and not immediately replaced.\nPandemic (Workplace) Order 2022 (No. 10) expired on 12/10/22			124	Crew member can only work on a cruise ship in Victoria if they are fully vaccinated (boosted), unless the crew member is not eligible to be fully vaccinated (boosted) because less than 3 months ha passed since the worker became fully vaccinated.		Cruise Ships Protocol (No. 2)	A person must not refuse or fail to comply with a direction given to the person, or a requirement made of the person, in the exercise of a power under an authorisation given under section 199.\nIn the case of a natural person, 120 penalty units; In the case of a body corporate, 600 penalty units.\nGiving false and misleading information to an authorised officer. In the case of a natural person, 60 penalty units;In the case of a body corporate, 300 penalty units.	Minister for Health								Pandemic Order	VICPPOW0000	
166	VIC	Pandemic Open Premises Order	Public Space	arcades, escape rooms, bingo centres				2022-10-12	Pandemic (Workplace) Order 2022 (No. 10) expired	22/04/22: Specified Workers Order 2022 (No 6) was revoked by Pandemic (Workplace) Order 2022 (No. 8) to combine Specified Facilities, General Workers, Specified Workers and Open Premises into one order			workers and visitors must be fully vaccinated and 18 or above to access open premises\n6/1/22: workers above 12 years and 2 months of age must be fully vaccinated	Exemptions include access to bathrooms, severe weather, education and childcare services, public event framework; emegency use and opeations; 12/4/22 added: state or federal elections\na worker is required to perform work or duties that is or are necessary to provide for urgent specialist clinical or medical care due to an emergency situation or a critical unforeseen circumstance; or a worker is required to fill a vacancy to provide urgent care, to maintain quality of care and/or to continue essential operations due to an emergency situation or a critical unforeseen circumstance; or\na worker is required to respond to an emergency; or\na worker is required to perform urgent and essential work to protect the health and safety of workers or members of the public, or to protect assets and infrastructure.	Pandemic Open Premises Order (No.1) 2021	A person must not refuse or fail to comply with a direction given to the person, or a requirement made of the person, in the exercise of a power under an authorisation given under section 199.\nIn the case of a natural person, 120 penalty units; In the case of a body corporate, 600 penalty units.\nGiving false and misleading information to an authorised officer. In the case of a natural person, 60 penalty units;In the case of a body corporate, 300 penalty units.	Minister for Health							Enforcement date is some time between 23/10 and 15/12/21 but the specific date is unknown as the directions cannot be found online\n\n[Source date unresolved: VIC!A67 / announcement_date]\n70% easing of restrictions 16/09/2021\n\n[Source date unresolved: VIC!C67 / enforcement_date]\nEarlier than 17/09/2021\n\n23/10/2021	Pandemic Order	VICPOTHT2000	
167	VIC	Open Premises Directions	Public Space	casino operating as accommodation\npremises				2022-10-12	Pandemic (Workplace) Order 2022 (No. 10) expired	22/04/22: Specified Workers Order 2022 (No 6) was revoked by Pandemic (Workplace) Order 2022 (No. 8) to combine Specified Facilities, General Workers, Specified Workers and Open Premises into one order			visitors must be fully vaccinated and 18 or above to access open premises in Metropolitan Melbourne and\nRegional Victoria\n15/12/21: changed to all of VIC\n6/1/22: workers above 12 years and 2 months of age must be fully vaccinate	Exemptions include access to bathrooms, severe weather, education and childcare services, public event framework; emegency use and opeations; 12/4/22 added: state or federal elections\na worker is required to perform work or duties that is or are necessary to provide for urgent specialist clinical or medical care due to an emergency situation or a critical unforeseen circumstance; or a worker is required to fill a vacancy to provide urgent care, to maintain quality of care and/or to continue essential operations due to an emergency situation or a critical unforeseen circumstance; or\na worker is required to respond to an emergency; or\na worker is required to perform urgent and essential work to protect the health and safety of workers or members of the public, or to protect assets and infrastructure.	Open Premises Order (No.2)\nPandemic Open Premises Order (No.1) 2021	A person must not refuse or fail to comply with a direction given to the person, or a requirement made of the person, in the exercise of a power under an authorisation given under section 199.\nIn the case of a natural person, 120 penalty units; In the case of a body corporate, 600 penalty units.\nGiving false and misleading information to an authorised officer. In the case of a natural person, 60 penalty units;In the case of a body corporate, 300 penalty units.	Minister for Health							[Source date unresolved: VIC!A68 / announcement_date]\n70% easing of restrictions 16/09/2022\n\n[Source date unresolved: VIC!C68 / enforcement_date]\nEarlier than 17/09/2021\n\n23/10/2022	Pandemic Order	VICPOTHT4000	
168	VIC	Open Premises Directions	Public Space	casino operating as\nfood and drink\npremises				2022-10-12	Pandemic (Workplace) Order 2022 (No. 10) expired	22/04/22: Specified Workers Order 2022 (No 6) was revoked by Pandemic (Workplace) Order 2022 (No. 8) to combine Specified Facilities, General Workers, Specified Workers and Open Premises into one order			visitors must be fully vaccinated and 18 or above to access open premises in Metropolitan Melbourne and\nRegional Victoria\n15/12/21: changed to all of VIC\n6/1/22: workers above 12 years and 2 months of age must be fully vaccinate	Exemptions include access to bathrooms, severe weather, education and childcare services, public event framework; emegency use and opeations; 12/4/22 added: state or federal elections\na worker is required to perform work or duties that is or are necessary to provide for urgent specialist clinical or medical care due to an emergency situation or a critical unforeseen circumstance; or a worker is required to fill a vacancy to provide urgent care, to maintain quality of care and/or to continue essential operations due to an emergency situation or a critical unforeseen circumstance; or\na worker is required to respond to an emergency; or\na worker is required to perform urgent and essential work to protect the health and safety of workers or members of the public, or to protect assets and infrastructure.	Open Premises Order (No.2)\nPandemic Open Premises Order (No.1) 2021	A person must not refuse or fail to comply with a direction given to the person, or a requirement made of the person, in the exercise of a power under an authorisation given under section 199.\nIn the case of a natural person, 120 penalty units; In the case of a body corporate, 600 penalty units.\nGiving false and misleading information to an authorised officer. In the case of a natural person, 60 penalty units;In the case of a body corporate, 300 penalty units.	Minister for Health							[Source date unresolved: VIC!A69 / announcement_date]\n70% easing of restrictions 16/09/2023\n\n[Source date unresolved: VIC!C69 / enforcement_date]\nEarlier than 17/09/2021\n\n23/10/2023	Pandemic Order	VICPFADT100	
169	VIC	Open Premises Directions	Public Space	community premises				2022-10-12	Pandemic (Workplace) Order 2022 (No. 10) expired	22/04/22: Specified Workers Order 2022 (No 6) was revoked by Pandemic (Workplace) Order 2022 (No. 8) to combine Specified Facilities, General Workers, Specified Workers and Open Premises into one order			visitors must be fully vaccinated and 18 or above to access open premises in Metropolitan Melbourne and\nRegional Victoria\n15/12/21: changed to all of VIC\n6/1/22: workers above 12 years and 2 months of age must be fully vaccinate	do not apply in relation to an indoor space or an outdoor space at a community premises if that indoor space or outdoor space at the premises is operated only for the purposes of contactless collection or delivery of pre-ordered goods; providing essential public support services or essential health services; providing essential local government services or meetings, participating in essential training; a premises that has a playground, skatepark or outdoor communal exercise equipment or; providing early childhood education or care services.\nExemptions include access to bathrooms, severe weather, education and childcare services, public event framework; emegency use and opeations; 12/4/22 added: state or federal elections\na worker is required to perform work or duties that is or are necessary to provide for urgent specialist clinical or medical care due to an emergency situation or a critical unforeseen circumstance; or a worker is required to fill a vacancy to provide urgent care, to maintain quality of care and/or to continue essential operations due to an emergency situation or a critical unforeseen circumstance; or\na worker is required to respond to an emergency; or\na worker is required to perform urgent and essential work to protect the health and safety of workers or members of the public, or to protect assets and infrastructure.	Open Premises Order (No.2)\nPandemic Open Premises Order (No.1) 2021	A person must not refuse or fail to comply with a direction given to the person, or a requirement made of the person, in the exercise of a power under an authorisation given under section 199.\nIn the case of a natural person, 120 penalty units; In the case of a body corporate, 600 penalty units.\nGiving false and misleading information to an authorised officer. In the case of a natural person, 60 penalty units;In the case of a body corporate, 300 penalty units.	Minister for Health							[Source date unresolved: VIC!A70 / announcement_date]\n70% easing of restrictions 16/09/2025\n\n[Source date unresolved: VIC!C70 / enforcement_date]\nEarlier than 17/09/2021\n\n23/10/2025	Pandemic Order	VICPOTHT500	
170	VIC	Open Premises Directions	Public Space	creative arts premises				2022-10-12	Pandemic (Workplace) Order 2022 (No. 10) expired	22/04/22: Specified Workers Order 2022 (No 6) was revoked by Pandemic (Workplace) Order 2022 (No. 8) to combine Specified Facilities, General Workers, Specified Workers and Open Premises into one order			workers and visitors must be fully vaccinated and 18 or above to access open premises in Metropolitan Melbourne and\nRegional Victoria\n15/12/21: changed to all of VIC and removed the clause requiring equipment to be cleaned between users\n6/1/22: workers above 12 years and 2 months of age must be fully vaccinate	Exemptions include access to bathrooms, severe weather, education and childcare services, public event framework; emegency use and opeations; 12/4/22 added: state or federal elections\na worker is required to perform work or duties that is or are necessary to provide for urgent specialist clinical or medical care due to an emergency situation or a critical unforeseen circumstance; or a worker is required to fill a vacancy to provide urgent care, to maintain quality of care and/or to continue essential operations due to an emergency situation or a critical unforeseen circumstance; or\na worker is required to respond to an emergency; or\na worker is required to perform urgent and essential work to protect the health and safety of workers or members of the public, or to protect assets and infrastructure.	Open Premises Order (No.2)\nPandemic Open Premises Order (No.1) 2021	A person must not refuse or fail to comply with a direction given to the person, or a requirement made of the person, in the exercise of a power under an authorisation given under section 199.\nIn the case of a natural person, 120 penalty units; In the case of a body corporate, 600 penalty units.\nGiving false and misleading information to an authorised officer. In the case of a natural person, 60 penalty units;In the case of a body corporate, 300 penalty units.	Minister for Health							[Source date unresolved: VIC!A71 / announcement_date]\n70% easing of restrictions 16/09/2026\n\n[Source date unresolved: VIC!C71 / enforcement_date]\nEarlier than 17/09/2021\n\n23/10/2026	Pandemic Order	VICPOTHT600	
171	VIC	Open Premises Directions	Public Space	entertainment and\nfunction premises\nthat are not specified\nelsewhere				2022-10-12	Pandemic (Workplace) Order 2022 (No. 10) expired	22/04/22: Specified Workers Order 2022 (No 6) was revoked by Pandemic (Workplace) Order 2022 (No. 8) to combine Specified Facilities, General Workers, Specified Workers and Open Premises into one order			workers and visitors must be fully vaccinated and 18 or above to access open premises in Metropolitan Melbourne and\nRegional Victoria\n15/12/21: changed to all of VIC and added a requirement to publish a covid safe plan\n6/1/22: workers above 12 years and 2 months of age must be fully vaccinate	Exemptions include access to bathrooms, severe weather, education and childcare services, public event framework; emegency use and opeations; 12/4/22 added: state or federal elections\na worker is required to perform work or duties that is or are necessary to provide for urgent specialist clinical or medical care due to an emergency situation or a critical unforeseen circumstance; or a worker is required to fill a vacancy to provide urgent care, to maintain quality of care and/or to continue essential operations due to an emergency situation or a critical unforeseen circumstance; or\na worker is required to respond to an emergency; or\na worker is required to perform urgent and essential work to protect the health and safety of workers or members of the public, or to protect assets and infrastructure.	Open Premises Order (No.2)\nPandemic Open Premises Order (No.1) 2021	A person must not refuse or fail to comply with a direction given to the person, or a requirement made of the person, in the exercise of a power under an authorisation given under section 199.\nIn the case of a natural person, 120 penalty units; In the case of a body corporate, 600 penalty units.\nGiving false and misleading information to an authorised officer. In the case of a natural person, 60 penalty units;In the case of a body corporate, 300 penalty units.	Minister for Health							[Source date unresolved: VIC!A72 / announcement_date]\n70% easing of restrictions 16/09/2027\n\n[Source date unresolved: VIC!C72 / enforcement_date]\nEarlier than 17/09/2021\n\n23/10/2027	Pandemic Order	VICPOTHT700	
172	VIC	Open Premises Directions	Public Space	food and drink\npremises				2022-10-12	Pandemic (Workplace) Order 2022 (No. 10) expired	22/04/22: Specified Workers Order 2022 (No 6) was revoked by Pandemic (Workplace) Order 2022 (No. 8) to combine Specified Facilities, General Workers, Specified Workers and Open Premises into one order			visitors must be fully vaccinated and 18 or above to access open premises in Metropolitan Melbourne and\nRegional Victoria\n15/12/21: changed to all of VIC\n6/1/22: workers above 12 years and 2 months of age must be fully vaccinate	Doesn't apply to food courts or premises being operated only for the purposes of providing take-away goods or delivery of pre-ordered goods or if a patron attends only to take away food\nExemptions include access to bathrooms, severe weather, education and childcare services, public event framework; emegency use and opeations; 12/4/22 added: state or federal elections\na worker is required to perform work or duties that is or are necessary to provide for urgent specialist clinical or medical care due to an emergency situation or a critical unforeseen circumstance; or a worker is required to fill a vacancy to provide urgent care, to maintain quality of care and/or to continue essential operations due to an emergency situation or a critical unforeseen circumstance; or\na worker is required to respond to an emergency; or\na worker is required to perform urgent and essential work to protect the health and safety of workers or members of the public, or to protect assets and infrastructure.	Open Premises Order (No.2)\nPandemic Open Premises Order (No.1) 2021	A person must not refuse or fail to comply with a direction given to the person, or a requirement made of the person, in the exercise of a power under an authorisation given under section 199.\nIn the case of a natural person, 120 penalty units; In the case of a body corporate, 600 penalty units.\nGiving false and misleading information to an authorised officer. In the case of a natural person, 60 penalty units;In the case of a body corporate, 300 penalty units.	Minister for Health							[Source date unresolved: VIC!A73 / announcement_date]\n70% easing of restrictions 16/09/2028\n\n[Source date unresolved: VIC!C73 / enforcement_date]\nEarlier than 17/09/2021\n\n23/10/2028	Pandemic Order	VICPFADT200	
173	VIC	Open Premises Directions	Public Space	gaming machine premises				2022-10-12	Pandemic (Workplace) Order 2022 (No. 10) expired	22/04/22: Specified Workers Order 2022 (No 6) was revoked by Pandemic (Workplace) Order 2022 (No. 8) to combine Specified Facilities, General Workers, Specified Workers and Open Premises into one order			workers and visitors must be fully vaccinated and 18 or above to access open premises in Metropolitan Melbourne and\nRegional Victoria\n15/12/21: changed to all of VIC and removed the 1.5m spacing requirement\n6/1/22: workers above 12 years and 2 months of age must be fully vaccinate	21/10-15/12/21: doesn't apply to regional VIC if the number of patrons in an outdoor space is less than 20, and less than 10 for indoor spaces\nExemptions include access to bathrooms, severe weather, education and childcare services, public event framework; emegency use and opeations; 12/4/22 added: state or federal elections\na worker is required to perform work or duties that is or are necessary to provide for urgent specialist clinical or medical care due to an emergency situation or a critical unforeseen circumstance; or a worker is required to fill a vacancy to provide urgent care, to maintain quality of care and/or to continue essential operations due to an emergency situation or a critical unforeseen circumstance; or\na worker is required to respond to an emergency; or\na worker is required to perform urgent and essential work to protect the health and safety of workers or members of the public, or to protect assets and infrastructure.	Open Premises Order (No.2)\nPandemic Open Premises Order (No.1) 2021	A person must not refuse or fail to comply with a direction given to the person, or a requirement made of the person, in the exercise of a power under an authorisation given under section 199.\nIn the case of a natural person, 120 penalty units; In the case of a body corporate, 600 penalty units.\nGiving false and misleading information to an authorised officer. In the case of a natural person, 60 penalty units;In the case of a body corporate, 300 penalty units.	Minister for Health							[Source date unresolved: VIC!A74 / announcement_date]\n70% easing of restrictions 16/09/2030\n\n[Source date unresolved: VIC!C74 / enforcement_date]\nEarlier than 17/09/2021\n\n23/10/2030	Pandemic Order	VICPOTHT900	
174	VIC	Open Premises Directions	Public Space	karaoke and\nnightclubs operating\nas food and drink\npremises				2022-10-12	Pandemic (Workplace) Order 2022 (No. 10) expired	22/04/22: Specified Workers Order 2022 (No 6) was revoked by Pandemic (Workplace) Order 2022 (No. 8) to combine Specified Facilities, General Workers, Specified Workers and Open Premises into one order			workers and visitors must be fully vaccinated and 18 or above to access open premises in Metropolitan Melbourne and\nRegional Victoria\n15/12/21: changed to all of VIC\n6/1/22: workers above 12 years and 2 months of age must be fully vaccinate	Exemptions include access to bathrooms, severe weather, education and childcare services, public event framework; emegency use and opeations; 12/4/22 added: state or federal elections\na worker is required to perform work or duties that is or are necessary to provide for urgent specialist clinical or medical care due to an emergency situation or a critical unforeseen circumstance; or a worker is required to fill a vacancy to provide urgent care, to maintain quality of care and/or to continue essential operations due to an emergency situation or a critical unforeseen circumstance; or\na worker is required to respond to an emergency; or\na worker is required to perform urgent and essential work to protect the health and safety of workers or members of the public, or to protect assets and infrastructure.	Open Premises Order (No.2)\nPandemic Open Premises Order (No.1) 2021	A person must not refuse or fail to comply with a direction given to the person, or a requirement made of the person, in the exercise of a power under an authorisation given under section 199.\nIn the case of a natural person, 120 penalty units; In the case of a body corporate, 600 penalty units.\nGiving false and misleading information to an authorised officer. In the case of a natural person, 60 penalty units;In the case of a body corporate, 300 penalty units.	Minister for Health							[Source date unresolved: VIC!A75 / announcement_date]\n70% easing of restrictions 16/09/2032\n\n[Source date unresolved: VIC!C75 / enforcement_date]\nEarlier than 17/09/2021\n\n23/10/2032	Pandemic Order	VIDPFADT300	
175	VIC	Open Premises Directions	Public Space	physical recreation\npremises				2022-10-12	Pandemic (Workplace) Order 2022 (No. 10) expired	22/04/22: Specified Workers Order 2022 (No 6) was revoked by Pandemic (Workplace) Order 2022 (No. 8) to combine Specified Facilities, General Workers, Specified Workers and Open Premises into one order			workers and visitors must be fully vaccinated and 18 or above to access open premises in Metropolitan Melbourne and\nRegional Victoria\n15/12/21: changed to all of VIC\n6/1/22: workers above 12 years and 2 months of age must be fully vaccinate	Exceptions for community sports; professional or high performance sport; broadcasting; authorised worker; hydrotherapy services\nExemptions include access to bathrooms, severe weather, education and childcare services, public event framework; emegency use and opeations; 12/4/22 added: state or federal elections\na worker is required to perform work or duties that is or are necessary to provide for urgent specialist clinical or medical care due to an emergency situation or a critical unforeseen circumstance; or a worker is required to fill a vacancy to provide urgent care, to maintain quality of care and/or to continue essential operations due to an emergency situation or a critical unforeseen circumstance; or\na worker is required to respond to an emergency; or\na worker is required to perform urgent and essential work to protect the health and safety of workers or members of the public, or to protect assets and infrastructure.	Open Premises Order (No.2)\nPandemic Open Premises Order (No.1) 2021	A person must not refuse or fail to comply with a direction given to the person, or a requirement made of the person, in the exercise of a power under an authorisation given under section 199.\nIn the case of a natural person, 120 penalty units; In the case of a body corporate, 600 penalty units.\nGiving false and misleading information to an authorised officer. In the case of a natural person, 60 penalty units;In the case of a body corporate, 300 penalty units.	Minister for Health							[Source date unresolved: VIC!A76 / announcement_date]\n70% easing of restrictions 16/09/2034\n\n[Source date unresolved: VIC!C76 / enforcement_date]\nEarlier than 17/09/2021\n\n23/10/2034	Pandemic Order	VICPOTHT120	
176	VIC	Open Premises Directions	Public Space	sex on premises,\nbrothels and\nsexually explicit\nvenues				2022-10-12	Pandemic (Workplace) Order 2022 (No. 10) expired	22/04/22: Specified Workers Order 2022 (No 6) was revoked by Pandemic (Workplace) Order 2022 (No. 8) to combine Specified Facilities, General Workers, Specified Workers and Open Premises into one order			workers and visitors must be fully vaccinated and 18 or above to access open premises in Metropolitan Melbourne and\nRegional Victoria\n15/12/21: changed to all of VIC\n6/1/22: workers above 12 years and 2 months of age must be fully vaccinate	Exemptions include access to bathrooms, severe weather, education and childcare services, public event framework; emegency use and opeations; 12/4/22 added: state or federal elections\na worker is required to perform work or duties that is or are necessary to provide for urgent specialist clinical or medical care due to an emergency situation or a critical unforeseen circumstance; or a worker is required to fill a vacancy to provide urgent care, to maintain quality of care and/or to continue essential operations due to an emergency situation or a critical unforeseen circumstance; or\na worker is required to respond to an emergency; or\na worker is required to perform urgent and essential work to protect the health and safety of workers or members of the public, or to protect assets and infrastructure.	Open Premises Order (No.2)\nPandemic Open Premises Order (No.1) 2021	A person must not refuse or fail to comply with a direction given to the person, or a requirement made of the person, in the exercise of a power under an authorisation given under section 199.\nIn the case of a natural person, 120 penalty units; In the case of a body corporate, 600 penalty units.\nGiving false and misleading information to an authorised officer. In the case of a natural person, 60 penalty units;In the case of a body corporate, 300 penalty units.	Minister for Health							[Source date unresolved: VIC!A77 / announcement_date]\n70% easing of restrictions 16/09/2037\n\n[Source date unresolved: VIC!C77 / enforcement_date]\nEarlier than 17/09/2021\n\n23/10/2037	Pandemic Order	VICPOTHT150	
177	VIC	Open Premises Directions	Public Space	swimming pools,\nspas, saunas,\nsteam rooms and\nsprings				2022-10-12	Pandemic (Workplace) Order 2022 (No. 10) expired	22/04/22: Specified Workers Order 2022 (No 6) was revoked by Pandemic (Workplace) Order 2022 (No. 8) to combine Specified Facilities, General Workers, Specified Workers and Open Premises into one order			workers and visitors must be fully vaccinated and 18 or above to access open premises in Metropolitan Melbourne and\nRegional Victoria\n15/12/21: changed to all of VIC\n6/1/22: workers above 12 years and 2 months of age must be fully vaccinate	Exemptions include access to bathrooms, severe weather, education and childcare services, public event framework; emegency use and opeations; 12/4/22 added: state or federal elections\na worker is required to perform work or duties that is or are necessary to provide for urgent specialist clinical or medical care due to an emergency situation or a critical unforeseen circumstance; or a worker is required to fill a vacancy to provide urgent care, to maintain quality of care and/or to continue essential operations due to an emergency situation or a critical unforeseen circumstance; or\na worker is required to respond to an emergency; or\na worker is required to perform urgent and essential work to protect the health and safety of workers or members of the public, or to protect assets and infrastructure.	Open Premises Order (No.2)\nPandemic Open Premises Order (No.1) 2021	A person must not refuse or fail to comply with a direction given to the person, or a requirement made of the person, in the exercise of a power under an authorisation given under section 199.\nIn the case of a natural person, 120 penalty units; In the case of a body corporate, 600 penalty units.\nGiving false and misleading information to an authorised officer. In the case of a natural person, 60 penalty units;In the case of a body corporate, 300 penalty units.	Minister for Health							[Source date unresolved: VIC!A78 / announcement_date]\n70% easing of restrictions 16/09/2038\n\n[Source date unresolved: VIC!C78 / enforcement_date]\nEarlier than 17/09/2021\n\n23/10/2038	Pandemic Order	VICPOTHT160	
178	VIC	Open Premises Directions	Public Space	restricted retail\npremises				2022-10-12	Pandemic (Workplace) Order 2022 (No. 10) expired	22/04/22: Specified Workers Order 2022 (No 6) was revoked by Pandemic (Workplace) Order 2022 (No. 8) to combine Specified Facilities, General Workers, Specified Workers and Open Premises into one order			workers and visitors must be fully vaccinated and 18 or above to access open premises in Metropolitan Melbourne and\nRegional Victoria\n15/12/21: changed to all of VIC\n6/1/22: workers above 12 years and 2 months of age must be fully vaccinate	Exceptions (21/10-15/12/21): Essential retail premises and general retail premises; online auction houses\nExemptions include access to bathrooms, severe weather, education and childcare services, public event framework; emegency use and opeations; 12/4/22 added: state or federal elections\na worker is required to perform work or duties that is or are necessary to provide for urgent specialist clinical or medical care due to an emergency situation or a critical unforeseen circumstance; or a worker is required to fill a vacancy to provide urgent care, to maintain quality of care and/or to continue essential operations due to an emergency situation or a critical unforeseen circumstance; or\na worker is required to respond to an emergency; or\na worker is required to perform urgent and essential work to protect the health and safety of workers or members of the public, or to protect assets and infrastructure.	Open Premises Order (No.2)\nPandemic Open Premises Order (No.1) 2021	A person must not refuse or fail to comply with a direction given to the person, or a requirement made of the person, in the exercise of a power under an authorisation given under section 199.\nIn the case of a natural person, 120 penalty units; In the case of a body corporate, 600 penalty units.\nGiving false and misleading information to an authorised officer. In the case of a natural person, 60 penalty units;In the case of a body corporate, 300 penalty units.	Minister for Health							[Source date unresolved: VIC!A79 / announcement_date]\n70% easing of restrictions 16/09/2039\n\n[Source date unresolved: VIC!C79 / enforcement_date]\nEarlier than 17/09/2021\n\n23/10/2039	Pandemic Order	VICPOTHT170	
179	VIC	Open Premises Directions	Public Space	tours (walking or\ncycling)				2022-10-12	Pandemic (Workplace) Order 2022 (No. 10) expired	22/04/22: Specified Workers Order 2022 (No 6) was revoked by Pandemic (Workplace) Order 2022 (No. 8) to combine Specified Facilities, General Workers, Specified Workers and Open Premises into one order			workers and visitors must be fully vaccinated and 18 or above to access open premises in Metropolitan Melbourne and\nRegional Victoria\n15/12/21: changed to all of VIC\nmust ensure any shared\nequipment used is cleaned between users.\n6/1/22: workers above 12 years and 2 months of age must be fully vaccinate	premises used for tourism services if the tourism services are provided in a cruise ship, if the operator does not permit the total number of patrons on the vessel to exceed 99.\nExemptions include access to bathrooms, severe weather, education and childcare services, public event framework; emegency use and opeations; 12/4/22 added: state or federal elections\na worker is required to perform work or duties that is or are necessary to provide for urgent specialist clinical or medical care due to an emergency situation or a critical unforeseen circumstance; or a worker is required to fill a vacancy to provide urgent care, to maintain quality of care and/or to continue essential operations due to an emergency situation or a critical unforeseen circumstance; or\na worker is required to respond to an emergency; or\na worker is required to perform urgent and essential work to protect the health and safety of workers or members of the public, or to protect assets and infrastructure.	Open Premises Order (No.2)\nPandemic Open Premises Order (No.1) 2021	A person must not refuse or fail to comply with a direction given to the person, or a requirement made of the person, in the exercise of a power under an authorisation given under section 199.\nIn the case of a natural person, 120 penalty units; In the case of a body corporate, 600 penalty units.\nGiving false and misleading information to an authorised officer. In the case of a natural person, 60 penalty units;In the case of a body corporate, 300 penalty units.	Minister for Health							[Source date unresolved: VIC!A80 / announcement_date]\n70% easing of restrictions 16/09/2040\n\n[Source date unresolved: VIC!C80 / enforcement_date]\nEarlier than 17/09/2021\n\n23/10/2040	Pandemic Order	VICPOTHT180	
180	VIC	Open Premises Directions	Public Space	premises used for tourism\nservices				2022-10-12	Pandemic (Workplace) Order 2022 (No. 10) expired	22/04/22: Specified Workers Order 2022 (No 6) was revoked by Pandemic (Workplace) Order 2022 (No. 8) to combine Specified Facilities, General Workers, Specified Workers and Open Premises into one order			workers and visitors must be fully vaccinated and 18 or above to access open premises in Metropolitan Melbourne and\nRegional Victoria\n15/12/21: changed to all of VIC\n6/1/22: workers above 12 years and 2 months of age must be fully vaccinate	Exemptions include access to bathrooms, severe weather, education and childcare services, public event framework; emegency use and opeations; 12/4/22 added: state or federal elections\na worker is required to perform work or duties that is or are necessary to provide for urgent specialist clinical or medical care due to an emergency situation or a critical unforeseen circumstance; or a worker is required to fill a vacancy to provide urgent care, to maintain quality of care and/or to continue essential operations due to an emergency situation or a critical unforeseen circumstance; or\na worker is required to respond to an emergency; or\na worker is required to perform urgent and essential work to protect the health and safety of workers or members of the public, or to protect assets and infrastructure.	Open Premises Order (No.2)\nPandemic Open Premises Order (No.1) 2021	A person must not refuse or fail to comply with a direction given to the person, or a requirement made of the person, in the exercise of a power under an authorisation given under section 199.\nIn the case of a natural person, 120 penalty units; In the case of a body corporate, 600 penalty units.\nGiving false and misleading information to an authorised officer. In the case of a natural person, 60 penalty units;In the case of a body corporate, 300 penalty units.	Minister for Health							[Source date unresolved: VIC!A81 / announcement_date]\n70% easing of restrictions 16/09/2041\n\n[Source date unresolved: VIC!C81 / enforcement_date]\nEarlier than 17/09/2021\n\n23/10/2041	Pandemic Order	VICPOTHT190	
181	VIC	Victorian Border Crossing Permit Directions	Public Space,Travel	Prohibited persons\na person who has been in a red zone in a State, Territory or Green Zone Country in the 14 days prior to entry to Victoria but does not include:\n(a) a person described in clause 5(1)(b);\n(b) a Victorian resident described in clause 6(1); or\n(c) a Victorian resident described in clause 7(1);\n				2022-12-15	Removed before or on this date as it's not in the next order (Pandemic (Victorian Border Crossing) Order 2021 (No. 1))				Must not enter Victoria	A prohibited person must not enter Victoria unless the prohibited person:\n(a) is an aircrew services worker who is permitted to enter Victoria under clause 9; or\n(b) has a valid transit permit under clause 10; or\n(c) has a valid specified worker (other) permit under clause 11(1); or\n(d) has a valid specified worker (exclusive outdoor activities) permit under clause 11(2); or\n(e) has a valid specified worker (low workplace interaction) permit under clause 11(7); or\n(f) is an excepted person under clause 13; or\n(g) has a valid exemption under clause 3(5) or 14.	Victorian Border Crossing Permit Directions	A person who fails to comply with these directions is liable for an on-the-spot fine of:\ni. aged 18 years or older – $1,652; aged 15 years or older but under the age of 18 years – $660.80; aged under 15 years – $165.20; or\nin the case of a body corporate – $9,913; or\nRefusing or failing to comply with a requirement to self-isolate or self-quarantine:\ni. aged 18 years or older – $4,957; ii. aged 15 years or older but under the age of 18 years – $826.10; or\niii. under the age of 15 years – $165.20; \nRefusing or failing to comply with a requirement in relation to a person travelling from a restricted area (however described) and seeking to enter Victoria without a reasonable excuse or other valid reason or excuse, in the case of a natural person:\ni. aged 18 years or older – $4,957; ii. aged 15 years or older but under the age of 18 years – $826.10; iii. under the age of 15 years – $165.20.\nA person must not refuse or fail to comply with a direction given to the person, or a requirement made of the person, in the exercise of a power under an authorisation given under section 199.\nIn the case of a natural person, 120 penalty units; In the case of a body corporate, 600 penalty units.\nGiving false and misleading information to an authorised officer. In the case of a natural person, 60 penalty units;In the case of a body corporate, 300 penalty units.	Minister for Health								Pandemic Order	VICPIST0000	
182	VIC	COVID-19 Mandatory Vaccination Directions	Employment	healthcare workers 	2021-10-01	2021-10-01	2021-10-29	2024-10-04	Secretary Directions revoked	11/02/22- Pandemic COVID-19 Mandatory Vaccination (Specified Facilities) Order 2022 (No. 5) changed booster deadline from 12/02/22 to 12/03/22. The booster deadline for HCW that became fully vaccinated after 12/09/22 whose current booster deadline is 1/0322 is amended to 12/3/22. \nThe definition of healthcare worker for the purposes of this order is amended to exclude healthcare workers to the extent that they are employed at an education facility.\n22/04/22: Revoked by Pandemic (Workplace) Order 2022 (No. 8) to combine Specified Facilities, General Workers, Specified Workers and Open Premises into one order\n12/10/22: Pandemic (Workplace) Order 2022 (No. 10) expired and replaced by Secretary Directions on 13/10/22. Secretary Directions lifted / mandate removed  4 October 2024.		1099	workers must provide details by 15/10/21 and mandates the first dose by 29/10/21 and the second dose by 15/12/21	(a) a worker that is required to perform work or duties at the work premises that are necessary to provide for urgent specialist clinical or medical care at the work premises due to an emergency situation or a critical unforeseen circumstance; or (b) a worker that is deployed to fill a vacancy to provide urgent care, to maintain quality of care and/or continue essential operations at the work premises due to an emergency situation or a critical unforeseen circumstance; or (c) a worker who is required to attend the premises to respond to an emergency at the work premises; or (d) a worker who is required to perform urgent and essential work at the work premises to protect the health and safety of workers or members of the public, or to protect assets and infrastructure.\n	COVID-19 Mandatory Vaccination (Specified Facilities) Directions (No 10)\nVaccination of Health Care Workers (COVID-19) Directions – Health Services\nVaccination of Health Care Workers (COVID-19) Directions – Health Service Establishments\nVaccination of Health Care Workers (COVID-19) Directions – Ambulance Services	A person must not refuse or fail to comply with a direction given to the person, or a requirement made of the person, in the exercise of a power under an authorisation given under section 199.\nIn the case of a natural person, 120 penalty units; In the case of a body corporate, 600 penalty units.\n(2) A person is not guilty of an offence against subsection (1) if the person had a reasonable excuse for refusing or failing to comply with the direction or requirement.	Minister for Health							Useful resource for framing revocation (endnoted) https://www.health.vic.gov.au/immunisation/vaccination-for-healthcare-workers	Pandemic Order	VICEHCWT1V1	
183	VIC	(BOOSTER) COVID-19 Mandatory Vaccination Directions	Employment	healthcare workers booster		2022-01-12	2022-03-12	2024-10-04	Secretary Directions revoked	12/01/22 - Pandemic COVID-19 Mandatory Vaccination (Specified Facilities) Order 2022 (No. 2) introduced booster doses\n11/02/22- Pandemic COVID-19 Mandatory Vaccination (Specified Facilities) Order 2022 (No. 5) changed booster deadline from 12/02/22 booster deadline to 12/03/22. The booster deadline for HCWs that became fully vaccinated after 12/09/22 whose current booster deadline is 1/0322 is amended to 12/3/22. The definition of healthcare worker for the purposes of this order is amended to exclude healthcare workers to the extent that they are employed at an education facility.\n22/04/22: Revoked by Pandemic (Workplace) Order 2022 (No. 8) to combine Specified Facilities, General Workers, Specified Workers and Open Premises into one order\n12/10/22: Pandemic (Workplace) Order 2022 (No. 10) expired and replaced by Secretary Directions on 13/10/22		996	For workers that became fully vaccinated on or before\n12/09/21, the\ndeadline is 12/02/22.\nFor workers that became fully vaccinated after 12/09/21, the\ndeadline is 29/03/22.\n11/02/22 order update: Deadline extended to 12/03/22	(a) a worker that is required to perform work or duties at the work premises that are necessary to provide for urgent specialist clinical or medical care at the work premises due to an emergency situation or a critical unforeseen circumstance; or (b) a worker that is deployed to fill a vacancy to provide urgent care, to maintain quality of care and/or continue essential operations at the work premises due to an emergency situation or a critical unforeseen circumstance; or (c) a worker who is required to attend the premises to respond to an emergency at the work premises; or (d) a worker who is required to perform urgent and essential work at the work premises to protect the health and safety of workers or members of the public, or to protect assets and infrastructure.\n	COVID-19 Mandatory Vaccination Directions (No 3)\nCOVID-19 Mandatory Vaccination (Specified Facilities) Directions (No 10)\nVaccination of Health Care Workers (COVID-19) Directions – Health Services\nVaccination of Health Care Workers (COVID-19) Directions – Health Service Establishments\nVaccination of Health Care Workers (COVID-19) Directions – Ambulance Services	A person must not refuse or fail to comply with a direction given to the person, or a requirement made of the person, in the exercise of a power under an authorisation given under section 199.\nIn the case of a natural person, 120 penalty units; In the case of a body corporate, 600 penalty units.\n(2) A person is not guilty of an offence against subsection (1) if the person had a reasonable excuse for refusing or failing to comply with the direction or requirement.	Minister for Health								Pandemic Order	VICEHCWT1V2	
184	VIC	COVID-19 Mandatory Vaccination Directions	Employment	healthcare workers entering \nVictoria under a specified worker (multiple entry) permit		2021-09-23	2021-10-07	2024-10-04				1107	From 24/09/21, workers must provide evidence that they have received a partial or full COVID-19 vaccination; or they have made a booking to receive a dose by 7/10/21	(a) a worker that is required to perform work or duties at the work premises that are necessary to provide for urgent specialist clinical or medical care at the work premises due to an emergency situation or a critical unforeseen circumstance; or (b) a worker that is deployed to fill a vacancy to provide urgent care, to maintain quality of care and/or continue essential operations at the work premises due to an emergency situation or a critical unforeseen circumstance; or (c) a worker who is required to attend the premises to respond to an emergency at the work premises; or (d) a worker who is required to perform urgent and essential work at the work premises to protect the health and safety of workers or members of the public, or to protect assets and infrastructure.\n	COVID-19 Mandatory Vaccination Directions (No 3)	A person must not refuse or fail to comply with a direction given to the person, or a requirement made of the person, in the exercise of a power under an authorisation given under section 199.\nIn the case of a natural person, 120 penalty units; In the case of a body corporate, 600 penalty units.\n(2) A person is not guilty of an offence against subsection (1) if the person had a reasonable excuse for refusing or failing to comply with the direction or requirement.	Minister for Health								Pandemic Order	VICEHCWT200	
185	VIC	COVID-19 Vaccination Requirements Policy	Employment	all employees of the Department of Education and Training and its portfolio agencies		2022-02-10	2022-02-10	2024-06-24				865	are to attend the workplace only when they have up-to-date vaccination\nstatus against COVID-19	An employee or other Workplace Participant may be permitted to work outside their ordinary place\nof residence for the Department and its portfolio agencies if the employee is an Excepted Person\n(see definitions below) and has produced Acceptable Certification to the department or one of its\nportfolio agencies to substantiate that they are an Excepted Person.		Employees who do not comply with the directions outlined in this Policy may be subject to\ndisciplinary action, and/or to a show cause process relating to their capacity to undertake the role,\nwhich may result in termination of employment. Workplace Participants may have their contract for\nthe provision of services with the Employer terminated.\nFor Victorian Public Service Employees, compliance with this Policy will be managed in\naccordance with Vaccination requirements for Victorian public service employers guidance\nmaterials.	Department of Education and Training								Vaccination Policy	VICEDCJT200	
186	VIC	Covid-19 Vaccination Requirements Policy	Employment	all employees and other workplace participants of the Victorian Institute of Teaching (VIT)\n*Might not be a government mandate as they are not affiliated with the Department of Education		2022-09-17	2023-01-01	2022-10-12				25	only employees or other workplace participants with up to date vaccination status against COVID-19 and who provide evidence of their vaccination status are permitted to work for VIT outside their ordinary place of residence.			Employees who do not comply with the directions outlined in this Policy within a three-month period of this Policy’s implementation may be subject to disciplinary action, and/or to a show cause process relating to their capacity to undertake the role, and/or otherwise dealt with in accordance with the Management of Misconduct clause (Clause 24) of the Victorian Institute of Teaching Enterprise Agreement 2021. Workplace participants may have their contract for the provision of services with the VIT terminated.	Victorian Institute for Teaching								Vaccination Policy	VICEDCJT100	
