id,jurisdiction,name,type,target,target_category,effective_date,enforcement_date,removal_date,duration_days,date_uncertain,compliance,exemptions,enforcement_measures,executive_orders,removal_method,removal_details,authority,mandate_communications,ref_code,ongoing,visibility_level
ACT-001,ACT,Public Health (Aged Care Workers COVID-19 Vaccination) Emergency Direction,Employment,workers at residential aged care facilities,aged_care,2021-08-20,2021-09-16,,,False,"A worker at a residential aged care facility must not enter or remain on the premisesif they have not received at least one dose of a COVID-19 vaccination by 16/09/21
28/10/21: added that workers must have 2 doses of a COVID-19 vaccination from 01/12/21.","has a COVID-19 vaccine exemption
The Chief Health Officer or an authorised delegate may
provide an exemption from this Direction to:
a. a person who is unable, due to a medical contraindication, to receive a COVID- 19 vaccination; or b. a person for whom a COVID-19 vaccination is not reasonably available.
Or permitted persons including: an emergency services worker or volunteer, or an authorised person, who attends the residential aged care facility in the course of their official
duties; certain in-reach service providers or contractors (see directions for details); volunteers
04/04/22: added exemption to include ""or a diagnosed person within the previous 4 months.""","An authorised person may ask a person for any information necessary to determine
whether the person is complying with this Direction.
If a person fails to comply with this Direction, an authorised person may direct the
person to do such things as are reasonably necessary to comply with this Direction,
including, upon request, to produce proof of identification to the authorised person.
Maximum Penalty:
In the case of a natural person, $8,000 (50 penalty units). In the case of a body corporate, $40,500 (50 penalty units). In the case of a utility that is a body corporate, $1,620,000 (2000 penalty units).",Public Health (Aged Care Workers COVID-19 Vaccination) Emergency Direction 2022 (No 2),,"28/10/21: Public Health (Aged Care Workers and Visitors
COVID-19 Vaccination) Emergency Direction 2021 (No 3) added second dose requirement
15/03/22: Public Health (Aged Care Workers COVID-19
Vaccination) Emergency Direction 2022 (No 1) added booster dose requirement",,Prime Minister National Cabinet Statement,ACTERAC00V1,1,1
ACT-002,ACT,"Public Health (Aged Care Workers and Visitors
COVID-19 Vaccination) Emergency Direction
2021",Public Space,A visitor at a residential aged care facility,"aged_care, public_space",2021-10-14,2021-10-15,2021-11-11,28.0,False,"Visitors must have received two doses to remain on the premises of a residential aged care facility
may require a
visitor to produce evidence that they have received two
doses of a COVID-19 vaccination.","has a COVID-19 vaccine exemption
The Chief Health Officer or an authorised delegate may
provide an exemption from this Direction to:
a. a person who is unable, due to a medical contraindication, to receive a COVID- 19 vaccination; or b. a person for whom a COVID-19 vaccination is not reasonably available.
Or permitted people including: a person who visits a residential aged care facility as
part of the Community Visitors Scheme; or
(b) a person who is a family member or friend of a resident
of the residential aged care facility, including a participant of the Partners in Care Programme; or
(c) volunteers engaged outside of the residential aged care facility.","An authorised person may ask a person for any information necessary to determine
whether the person is complying with this Direction.
If a person fails to comply with this Direction, an authorised person may direct the
person to do such things as are reasonably necessary to comply with this Direction,
including, upon request, to produce proof of identification to the authorised person.
Maximum Penalty:
In the case of a natural person, $8,000 (50 penalty units). In the case of a body corporate, $40,500 (50 penalty units). In the case of a utility that is a body corporate, $1,620,000 (2000 penalty units).","Public Health (Aged Care Workers and Visitors
COVID-19 Vaccination) Emergency Direction
2021",Visitor requirements removed by Public Health (Aged Care Workers COVID-19 Vaccination) Emergency Direction 2021 (No. 2),"15/10/21: Public Health (Aged Care Workers and Visitors
COVID-19 Vaccination) Emergency Direction
2021 (No 2) enabled an authorised delegate of the CHO to
issue an exemption on the CHO’s behalf, and  amendment to the definition of ‘visitor’ to mean “a person who is a family member or friend of a resident of the residential aged care facility”.",,,ACTPRAC00V1,0,2
ACT-003,ACT,Public Health (Health Care and Support Workers COVID-19 Vaccination) Emergency Direction,Employment,"workers at health care facilities with means: a hospital, including a day hospital; or
a hospice; or all health care facilities operated by Canberra Health Services.",healthcare,2021-10-15,2021-10-29,2022-05-13,210.0,False,"First dose by 29/10/21
Second dose by 1/12/21
Must provide evidence of proof of vaccination if required
Either one dose of the Janssen COVID-19
vaccine or at least two doses of any other COVID-19 vaccine.","has a COVID-19 vaccine exemption
The Chief Health Officer may, in writing and subject to any conditions that the Chief Health Officer considers necessary, exempt a person from this Direction.
a. a person who is unable, due to a medical contraindication, to receive a COVID-19 vaccine; or
b. a person for whom a COVID-19 vaccine is not reasonably available.
04/04/22: added ""or a diagnosed person within the previous 4 months.""","An authorised person may ask a person for any information necessary to determine
whether the person is complying with this Direction.
If a person fails to comply with this Direction, an authorised person may direct the
person to do such things as are reasonably necessary to comply with this Direction,
including, upon request, to produce proof of identification to the authorised person.
Maximum Penalty:
In the case of a natural person, $8,000 (50 penalty units). In the case of a body corporate, $40,500 (50 penalty units). In the case of a utility that is a body corporate, $1,620,000 (2000 penalty units).","Public Health (Health Care and Support Workers COVID-19 Vaccination) Emergency Direction 2021 
Public Health (Health Care and Support Workers COVID-19 Vaccination) Emergency Direction 2022",Revoked by Public Health (Health Care and Support Workers COVID-19 Vaccination) Emergency Direction Revocation 2022,"4/04/2022: Public Health (Health Care and Support Workers COVID-19 Vaccination) Emergency Direction 2022 added added exemption to include ""or a diagnosed person within the previous 4 months.""
13/05/22: revoked mandate",,,ACTHCW0000,0,1
ACT-004,ACT,Public Health (ACT School or Early Childhood Education and Care Workers COVID-19 Vaccination) Emergency Direction,Employment,workers at ACT Schools or Early Childhood Education and Care facilities,education,2021-10-19,2021-11-01,2022-05-13,206.0,False,"First dose by 1/11/21
Second dose by 29/11/21
Must provide evidence of proof of vaccination if required
Either one dose of the Janssen COVID-19
vaccine or at least two doses of any other COVID-19 vaccine.","has a COVID-19 vaccine exemption
The Chief Health Officer or an authorised delegate may
provide an exemption from this Direction to:
a. a person who is unable, due to a medical contraindication, to receive a COVID-
19 vaccination; or
b. a person for whom a COVID-19 vaccination is not reasonably available.
04/04/22: added exemption to include ""or a diagnosed person within the previous 4 months.""","An authorised person may ask a person for any information necessary to determine
whether the person is complying with this Direction.
If a person fails to comply with this Direction, an authorised person may direct the
person to do such things as are reasonably necessary to comply with this Direction,
including, upon request, to produce proof of identification to the authorised person.
Maximum Penalty:
In the case of a natural person, $8,000 (50 penalty units). In the case of a body corporate, $40,500 (50 penalty units). In the case of a utility that is a body corporate, $1,620,000 (2000 penalty units).",Public Health (ACT School or Early Childhood Education and Care Workers COVID-19 Vaccination) Emergency Direction 2022,"Revoked by Public Health (ACT School or Early Childhood Education and Care Workers COVID-19 Vaccination) Emergency
Direction Revocation 2022","03/12/21: Public Health (ACT School or Early Childhood Education and Care Workers COVID-19 Vaccination) Emergency Direction 2021 (No 2) removed reference to a specific end date. The direction is “in force for the period ending on the day of the declared emergency (as extended or further extended) ends unless it is earlier revoked.”
Amended the scope of application from a school which
is “attended by children under 12 years of age” to a
school that “is a primary school” or has a primary
school”. Specialist schools and flexible education
programs remain [unchanged] in scope.
04/04/22: Updates to permissible evidence of vaccination status or exemption to include digital forms of evidence
issued by the Commonwealth",,,ACTEECF0000,0,2
ACT-005,ACT,Public Health (ACT School or Early Childhood Education and Care Workers COVID-19 Vaccination) Emergency Direction,Employment,adult residents at family day care residences,other,2021-10-19,2021-11-01,2022-05-13,206.0,False,"A family day care residence must not operate on or after 29 November 2021 unless
each adult resident has:
a. b. received 2 doses of a COVID-19 vaccine
Must provide evidence","has a COVID-19 vaccine exemption
The Chief Health Officer or an authorised delegate may
provide an exemption from this Direction to:
a. a person who is unable, due to a medical contraindication, to receive a COVID-
19 vaccination; or
b. a person for whom a COVID-19 vaccination is not reasonably available.
04/04/22: added exemption to include ""or a diagnosed person within the previous 4 months.""","An authorised person may ask a person for any information necessary to determine
whether the person is complying with this Direction.
If a person fails to comply with this Direction, an authorised person may direct the
person to do such things as are reasonably necessary to comply with this Direction,
including, upon request, to produce proof of identification to the authorised person.
Maximum Penalty:
In the case of a natural person, $8,000 (50 penalty units). In the case of a body corporate, $40,500 (50 penalty units). In the case of a utility that is a body corporate, $1,620,000 (2000 penalty units).",Public Health (ACT School or Early Childhood Education and Care Workers COVID-19 Vaccination) Emergency Direction 2022,"Revoked by Public Health (ACT School or Early Childhood Education and Care Workers COVID-19 Vaccination) Emergency
Direction Revocation 2022","03/12/21: Public Health (ACT School or Early Childhood Education and Care Workers COVID-19 Vaccination) Emergency Direction 2021 (No 2) removed reference to a specific end date. The direction is “in force for the period ending on the day of the declared emergency (as extended or further extended) ends unless it is earlier revoked.”
Amended the scope of application from a school which
is “attended by children under 12 years of age” to a
school that “is a primary school” or has a primary
school”. Specialist schools and flexible education
programs remain [unchanged] in scope.",,,ACTERSF0000,0,4
ACT-006,ACT,Public Health (Disability and Other Care Workers COVID-19 Vaccination) Emergency Direction,Employment,Disability worker or an in-home and community aged care worker,aged_care,2021-11-01,2021-11-15,2022-09-29,332.0,False,"First dose by 15/11/21
Second dose by 13/12/21
Must provide evidence of vaccination
28/03/22: Booster requirement added","has a COVID-19 vaccine exemption
The Chief Health Officer or an authorised delegate may
provide an exemption from this Direction to:
a. a person who is unable, due to a medical contraindication, to receive a COVID-
19 vaccination; or
b. a person for whom a COVID-19 vaccination is not reasonably available.
04/04/22: added exemption to include ""or a diagnosed person within the previous 4 months.""","An authorised person may ask a person for any information necessary to determine
whether the person is complying with this Direction.
If a person fails to comply with this Direction, an authorised person may direct the
person to do such things as are reasonably necessary to comply with this Direction,
including, upon request, to produce proof of identification to the authorised person.
Maximum Penalty:
In the case of a natural person, $8,000 (50 penalty units). In the case of a body corporate, $40,500 (50 penalty units). In the case of a utility that is a body corporate, $1,620,000 (2000 penalty units).","Public Health (Disability and Other Care Workers COVID-19 Vaccination) Emergency Direction 2021, 2022 (No 1), 2022 (No 2)",Listed as the effective end date in the ACT Legislation Register,"15/03/22: Public Health (Disability and Other Care Workers COVID-19 Vaccination) Emergency Direction 2022 (No 1) added a booster requirement 
04/04/22: Public Health (Disability and Other Care Workers COVID-19 Vaccination) Emergency Direction 2022 (No 2) added exemption to include ""or a diagnosed person within the previous 4 months.""",,,ACTEDSF00V1,0,3
ACT-007,ACT,Public Health (Aged Care Workers COVID-19 Vaccination) Emergency Direction,Employment,BOOSTER workers at residential aged care facilities,aged_care,2022-03-15,2022-03-28,2022-09-29,198.0,False,"is up to date with COVID-19 vaccinations: a person who has completed a primary course of vaccination and; has
received a COVID-19 booster; or is not yet
eligible for a COVID-19 booster; or has not
received a COVID-19 booster, but the person’s booster deadline date has not
yet passed","has a COVID-19 vaccine exemption
The Chief Health Officer or an authorised delegate may
provide an exemption from this Direction to:
a. a person who is unable, due to a medical contraindication, to receive a COVID-19 vaccine or COVID-19 booster; or
b. a person for whom a COVID-19 vaccine or COVID-19 booster is not reasonably available.
04/04/22: added exemption ""or was a diagnosed person within the previous 4 months.""","An authorised person may ask a person for any information necessary to determine
whether the person is complying with this Direction.
If a person fails to comply with this Direction, an authorised person may direct the
person to do such things as are reasonably necessary to comply with this Direction,
including, upon request, to produce proof of identification to the authorised person.
Maximum Penalty:
In the case of a natural person, $8,000 (50 penalty units). In the case of a body corporate, $40,500 (50 penalty units). In the case of a utility that is a body corporate, $1,620,000 (2000 penalty units).","Public Health (Aged Care Workers COVID-19
Vaccination) Emergency Direction 2022 (No 1)
Public Health (Aged Care Workers COVID-19 Vaccination) Emergency Direction 2022 (No 2)",Public Health Emergency removed,"04/04/22: Public Health (Aged Care Workers COVID-19
Vaccination) Emergency Direction 2022 (No 1) added exemption to include ""or a diagnosed person within the previous 4 months.""",,,ACTERAC00V2,0,3
ACT-008,ACT,Public Health (Disability and Other Care Workers COVID-19 Vaccination) Emergency Direction,Employment,"BOOSTER Disability
worker or an in-home and community aged care worker",aged_care,2022-03-15,2022-03-28,2022-09-29,198.0,False,"is up to date with COVID-19 vaccinations: a person who has completed a primary course of vaccination and; has
received a COVID-19 booster; or is not yet
eligible for a COVID-19 booster; or has not
received a COVID-19 booster, but the person’s booster deadline date has not
yet passed","has a COVID-19 vaccine exemption
The Chief Health Officer or an authorised delegate may
provide an exemption from this Direction to:
a. a person who is unable, due to a medical contraindication, to receive a COVID-19 vaccine or COVID-19 booster; or
b. a person for whom a COVID-19 vaccine or COVID-19 booster is not reasonably available.
04/04/22: added exemption ""or was a diagnosed person within the previous 4 months.""","An authorised person may ask a person for any information necessary to determine
whether the person is complying with this Direction.
If a person fails to comply with this Direction, an authorised person may direct the
person to do such things as are reasonably necessary to comply with this Direction,
including, upon request, to produce proof of identification to the authorised person.
Maximum Penalty:
In the case of a natural person, $8,000 (50 penalty units). In the case of a body corporate, $40,500 (50 penalty units). In the case of a utility that is a body corporate, $1,620,000 (2000 penalty units).","Public Health (Disability and Other Care Workers COVID-19 Vaccination) Emergency Direction 2022 (No 1), 2022 (No 2)",Public Health Emergency removed,"04/04/22: Public Health (Disability and Other Care Workers COVID-19 Vaccination) Emergency Direction 2022 (No 2) added exemption to include ""or a diagnosed person within the previous 4 months.""",,,ACTEDSF00V2,0,3
NSW-001,NSW,NSW Airport and Quarantine Workers Vaccination Program,Employment,Quarantine Workers,quarantine,2021-06-25,2021-06-25,2022-04-30,309.0,False,"Must have at least one dose of the COVID vaccine by 25/06/21
By 01/09/21, the person has received 2 doses of a COVID-19 vaccine, or
(b) the person has received 1 dose of a COVID-19 vaccine and receives the second dose of a COVID-19 vaccine—
(i) within 3 months of having received the first dose, or
(ii) within 28 days of the date of commencement of this Order.","does not apply if—
(a) a medical practitioner and the Chief Health Officer have certified that the nominated worker has a medical contraindication to the COVID-19 vaccine, or
(b) a nominated worker specified in clause (1)(b) is providing a declared flight crew member with a transportation service to or from the member’s residence for the purpose of obtaining urgent medical care or medical supplies.","Section 10 of the Public Health Act 2010 creates an offence if an individual fails to comply with a direction with a maximum penalty of imprisonment for 6 months or a fine of up to $11,000 (or both) plus a further $5,500 fine each day the offence continues. Corporations that fail to comply with a direction are liable to a fine of $55,000 and $27,500 each day the offence continues. The Public Health Regulation 2012 also enables authorised officers to issue penalty notices for offences against clause 6 by individuals for an amount of $4,000 and $1,000 in other cases.",Public Health (COVID-19 Air Transportation Quarantine) Order (No 2) Amendment (Transportation Providers) Order 2021,Removed by Public Health (COVID-19 Air and Maritime Arrivals) Order (No 1) Amendment (No 2) Order 2022 to remove the quarantine requirements for unvaccinated international air and maritime arrivals.,"31/08/21 Public Health (COVID-19 Air Transportation Quarantine) Order (No 3) 2021 repealed previous order and added clause on mandating a second dose for workers by 01/09/21
23/02/22: order title changed to Public Health (COVID-19 Air and Maritime Arrivals) Order (No 1) 2022",Minister for Health and Medical Research,NSW Government Gazette: the official notification of the making of statutory instruments,NSWEHQWT100,0,1
NSW-002,NSW,NSW Airport and Quarantine Workers Vaccination Program,Employment,Transportation Providers,transport,2021-06-25,2021-06-25,2022-04-30,309.0,False,"Must have at least one dose of the COVID vaccine by 25/06/21
By 01/09/21, the person has received 2 doses of a COVID-19 vaccine, or
(b) the person has received 1 dose of a COVID-19 vaccine and receives the second dose of a COVID-19 vaccine—
(i) within 3 months of having received the first dose, or
(ii) within 28 days of the date of commencement of this Order.","does not apply if—
(a) a medical practitioner and the Chief Health Officer have certified that the nominated worker has a medical contraindication to the COVID-19 vaccine, or
(b) a nominated worker specified in clause (1)(b) is providing a declared flight crew member with a transportation service to or from the member’s residence for the purpose of obtaining urgent medical care or medical supplies.","Section 10 of the Public Health Act 2010 creates an offence if an individual fails to comply with a direction with a maximum penalty of imprisonment for 6 months or a fine of up to $11,000 (or both) plus a further $5,500 fine each day the offence continues. Corporations that fail to comply with a direction are liable to a fine of $55,000 and $27,500 each day the offence continues. The Public Health Regulation 2012 also enables authorised officers to issue penalty notices for offences against clause 6 by individuals for an amount of $4,000 and $1,000 in other cases.",Public Health (COVID-19 Air Transportation Quarantine) Order (No 2) Amendment (Transportation Providers) Order 2021,Removed by Public Health (COVID-19 Air and Maritime Arrivals) Order (No 1) Amendment (No 2) Order 2022 to remove the quarantine requirements for unvaccinated international air and maritime arrivals.,"31/08/21 Public Health (COVID-19 Air Transportation Quarantine) Order (No 3) 2021 repealed previous order and added clause on mandating a second dose for workers by 01/09/21
23/02/22: order title changed to Public Health (COVID-19 Air and Maritime Arrivals) Order (No 1) 2022",Minister for Health and Medical Research,NSW Government Gazette: the official notification of the making of statutory instruments,NSWEHQWT200,0,4
NSW-003,NSW,NSW Airport and Quarantine Workers Vaccination Program,Employment,Airport Workers,transport,2021-06-25,2021-06-25,2022-04-30,309.0,False,"Must have at least one dose of the COVID vaccine by 25/06/21
By 01/09/21, the person has received 2 doses of a COVID-19 vaccine, or
(b) the person has received 1 dose of a COVID-19 vaccine and receives the second dose of a COVID-19 vaccine—
(i) within 3 months of having received the first dose, or
(ii) within 28 days of the date of commencement of this Order.","does not apply if—
(a) a medical practitioner and the Chief Health Officer have certified that the nominated worker has a medical contraindication to the COVID-19 vaccine, or
(b) a nominated worker specified in clause (1)(b) is providing a declared flight crew member with a transportation service to or from the member’s residence for the purpose of obtaining urgent medical care or medical supplies.","Section 10 of the Public Health Act 2010 creates an offence if an individual fails to comply with a direction with a maximum penalty of imprisonment for 6 months or a fine of up to $11,000 (or both) plus a further $5,500 fine each day the offence continues. Corporations that fail to comply with a direction are liable to a fine of $55,000 and $27,500 each day the offence continues. The Public Health Regulation 2012 also enables authorised officers to issue penalty notices for offences against clause 6 by individuals for an amount of $4,000 and $1,000 in other cases.",Public Health (COVID-19 Air Transportation Quarantine) Order (No 2) Amendment (Transportation Providers) Order 2021,Removed by Public Health (COVID-19 Air and Maritime Arrivals) Order (No 1) Amendment (No 2) Order 2022 to remove the quarantine requirements for unvaccinated international air and maritime arrivals.,"31/08/21 Public Health (COVID-19 Air Transportation Quarantine) Order (No 3) 2021 repealed previous order and added clause on mandating a second dose for workers by 01/09/21
23/02/22: order title changed to Public Health (COVID-19 Air and Maritime Arrivals) Order (No 1) 2022",Minister for Health and Medical Research,NSW Government Gazette: the official notification of the making of statutory instruments,NSWEHQWT300,0,4
NSW-004,NSW,Public Health (COVID-19 Additional Restrictions for Delta Outbreak) Order 2021,Public Space,Construction sites,construction,2021-08-10,2021-08-11,2021-10-11,62.0,False,"a person whose place of residence is in a declared area must not enter or remain on a construction site in Greater Sydney unless the resident—
(a) has had 2 doses of a COVID-19 vaccine, or
(b) has had 1 dose of a COVID-19 vaccine at least 21 days ago, or
(c) has had 1 dose of a COVID-19 vaccine within the preceding 21 days and has been tested for COVID-19 within the preceding 72 hours, or
(d) has a certified medical contraindication and has been tested for COVID-19 within the preceding 72 hours.
A person must carry the required evidence, and produce the required evidence for inspection if requested.","has a certified medical contraindication
The mandate does not apply to a person who enters or remains on a construction site because of an emergency, a police officer or an authorised officer.","Section 10 of the Public Health Act 2010 creates an offence if an individual fails to comply with a direction with a maximum penalty of imprisonment for 6 months or a fine of up to $11,000 (or both) plus a further $5,500 fine each day the offence continues. Corporations that fail to comply with a direction are liable to a fine of $55,000 and $27,500 each day the offence continues. The Public Health Regulation 2012 also enables authorised officers to issue penalty notices for offences against clause 6 by individuals for an amount of $4,000 and $1,000 in other cases.",Public Health (COVID-19 Additional Restrictions for Delta Outbreak) Amendment (No 23) Order 2021,Repealed by the Public Health (COVID-19 General) Order 2021,"27/09/21: the rule limiting construction sites to 50 per cent capacity if they have any unvaccinated workers was removed. However, workers from the 12 Sydney local government areas (LGAs) of concern will still only be allowed to leave their area for work if they are vaccinated.",Minister for Health and Medical Research,NSW Government Gazette: the official notification of the making of statutory instruments,NSWEBCW0000,0,2
NSW-005,NSW,Public Health (COVID-19 Additional Restrictions for Delta Outbreak) Order (No.2) 2021,Employment,"Working from home
(Bayside, Blacktown, Burwood, Campbelltown, Canterbury-Bankstown, Cumberland, Fairfield, Georges River, Liverpool, Parramatta, Strathfield and the following suburbs in Penrith: Caddens, Claremont Meadows, Colyton, Erskine Park, Kemps Creek, Kingswood, Mount Vernon, North St Marys, Orchard Hills, Oxley Park, St Clair and St Marys or travel more than 50km outside of the Greater Sydney area)",travel,2021-08-21,2021-09-06,2021-10-11,51.0,False,"an authorised worker who is at least 16 years of age must not leave the area of concern for work unless the worker—
(a) has had at least 1 dose of a COVID-19 vaccine by 06/09/21, 

They must (a) carry the required evidence, and
(b) produce the required evidence for inspection if requested
05/09/21 added: an authorised worker is taken to comply if the authorised worker has an appointment to receive a COVID-19 vaccine on or before 19 September 2021

Second dose by 18/10/21
added on 03/10/21 ""Employer must allow an employee who is fully vaccinated to work at home if it is reasonably praticable to do so and; 
allow employees who reside outside Greater Sydney and has had only 1 dose of a COVID-19 vaccine to work at home (repealed 01/11/21)
A non fully vaccinated person must work from home unless it is not reasonably practicable""","has been issued with a medical contraindication certificate.
See Order for full exemption areas under Schedule 2
Added on 11/10/21: for not fully vaccinated people, the compliance requirements don't apply if the person resides outside Greater Sydney, and the person has had only 1 dose of a COVID-19 vaccine. (repealed 01/11/21)
a person entering the premises in response to an emergency
(b) a person entering premises in a vehicle if the person does not exit the vehicle while on the premises
(c) a person entering the premises if the person is under 18 years of age and it is not possible to register the person’s details under clause 5.3 of this Order
(d) a person exercising law enforcement, intelligence or national security functions on behalf of a government agency of New South Wales or the Commonwealth
(e) a person entering any health or medical facility, other than a pharmacy, as a patient","Section 10 of the Public Health Act 2010 creates an offence if an individual fails to comply with a direction with a maximum penalty of imprisonment for 6 months or a fine of up to $11,000 (or both) plus a further $5,500 fine each day the offence continues. Corporations that fail to comply with a direction are liable to a fine of $55,000 and $27,500 each day the offence continues. The Public Health Regulation 2012 also enables authorised officers to issue penalty notices for offences against clause 6 by individuals for an amount of $4,000 and $1,000 in other cases.","Public Health (COVID-19 Additional Restrictions for Delta Outbreak) Order (No.2) 2021
Public Health (COVID-19 Additional Restrictions for Delta Outbreak) Order (No 2) Amendment (No 6) Order 2021
Public Health (COVID-19 General) Order",Repealed by the Public Health (COVID-19 General) Order 2021,"05/09/21 added that an authorised worker is taken to comply if the authorised worker has an appointment to receive a COVID-19 vaccine on or before 19 September 2021.
Amendments mainly include additions and removals of the stay at home areas.
Titled Public Health (COVID-19 Additional Restrictions for Delta Outbreak) Order (31/07/21-11/10/21)
03/10/21 Public Health (COVID-19 General) Order 2021 repealed previous order and added date for the second dose",,NSW Government Gazette: the official notification of the making of statutory instruments,NSWEALL0000,0,4
NSW-006,NSW,Public Health (COVID-19 Additional Restrictions for Delta Outbreak) Order (No.2) 2021,Employment,early education and care and disability support,"aged_care, education, transport",2021-08-21,2021-09-06,2021-10-11,51.0,False,"A relevant care worker who is at least 16 years of age must not enter or remain in the worker’s place of work unless the worker has had at least 1 dose of a COVID-19 vaccine
The relevant care worker must, when entering the worker’s place of work carry the required evidence, and
produce the required evidence for inspection if requested
05/09/21 added: an authorised worker is taken to comply if the authorised worker has an appointment to receive a COVID-19 vaccine on or before 19 September 2021","has been issued with a medical contraindication certificate.
See Order for full exemption areas under Schedule 2","Section 10 of the Public Health Act 2010 creates an offence if an individual fails to comply with a direction with a maximum penalty of imprisonment for 6 months or a fine of up to $11,000 (or both) plus a further $5,500 fine each day the offence continues. Corporations that fail to comply with a direction are liable to a fine of $55,000 and $27,500 each day the offence continues. The Public Health Regulation 2012 also enables authorised officers to issue penalty notices for offences against clause 6 by individuals for an amount of $4,000 and $1,000 in other cases.","Public Health (COVID-19 Additional Restrictions for Delta Outbreak) Order (No.2) 2021
Public Health (COVID-19 Additional Restrictions for Delta Outbreak) Order (No 2) Amendment (No 6) Order 2021",Repealed by the Public Health (COVID-19 General) Order 2021,"05/09/21 added that an authorised worker is taken to comply if the authorised worker has an appointment to receive a COVID-19 vaccine on or before 19 September 2021.
Amendments mainly include additions and removals of the stay at home areas.",,,NSWEEDU00V1,0,3
NSW-007,NSW,Public Health (COVID-19 Aged Care Facilities) Order,Public Space,Visitors entering residential aged care facilities,"aged_care, public_space",2021-08-26,2021-09-17,2022-07-18,326.0,False,"visitors must be: at least 12 years of age, and
(b) has had 2 doses of a COVID-19 vaccine, and
(c) had the second dose of the COVID-19 vaccine at least 14 days ago.","if the operator of the aged care facility authorises the visitor to enter and remain on the premises for the purposes of visiting a resident who is at the end of life or to a person who enters and remains on the premises to provide a health service or professional or other service to the resident, including in the role of a student, and the person is not to be counted as a visitor.
(a) is unable, due to a medical contraindication, to be vaccinated against COVID-19, and
(b) presents to the operator of the residential aged care facility a certificate, in the form approved by the Chief Health Officer, issued by a medical practitioner, specifying the medical contraindication that makes the person unable to be vaccinated.","Section 10 of the Public Health Act 2010 creates an offence if an individual fails to comply with a direction with a maximum penalty of imprisonment for 6 months or a fine of up to $11,000 (or both) plus a further $5,500 fine each day the offence continues. Corporations that fail to comply with a direction are liable to a fine of $55,000 and $27,500 each day the offence continues. The Public Health Regulation 2012 also enables authorised officers to issue penalty notices for offences against clause 6 by individuals for an amount of $4,000 and $1,000 in other cases.","Public Health (COVID-19 Aged Care Facilities) Order 2021
Public Health (COVID-19 Aged Care Facilities) Order (No.2) 2021
Public Health (COVID-19 Care Services) Order (No 2) Amendment (No 1) Order 2022",Removed by Public Health (COVID-19 Care Services) Order (No 2) Amendment (No 1) Order 2022,"9/10/2021 - amended this mandate into the Public Health (COVID-19 Aged Care Facilities) Order 2021
29/10/21 - Public Health (COVID-19 Care Services) Order (No 2) 2021 replaces and repeals initial order with some minor changes in wording",Minister for Health and Medical Research,NSW Government Gazette: the official notification of the making of statutory instruments,NSWPRACT100,0,3
NSW-008,NSW,Public Health (COVID-19 Aged Care Facilities) Order,Employment,Residential aged care facilities and contrctors providing health and personal care services in those facilities,aged_care,2021-08-26,2021-09-17,2022-11-30,461.0,False,"persons employed may only enter the facility if they have received at least 1 dose of a COVID-19 vaccine by 17/09/21
Received second dose by 24/10/21 (added to directions on 14/10/21)","(i) a maintenance contractor,
(ii) a person who provides services to a resident of the facility under a contract or arrangement with the resident,
(iii) a student.
does not apply to a person who enters a residential aged care facility to respond to—
(a) a medical emergency, or
(b) a non-medical emergency, for example, a fire, flooding or a gas leak.
(a) is unable, due to a medical contraindication, to be vaccinated against COVID-19, and
(b) presents to the operator of the residential aged care facility a certificate, in the form approved by the Chief Health Officer, issued by a medical practitioner, specifying the medical contraindication that makes the person unable to be vaccinated.","Section 10 of the Public Health Act 2010 creates an offence if an individual fails to comply with a direction with a maximum penalty of imprisonment for 6 months or a fine of up to $11,000 (or both) plus a further $5,500 fine each day the offence continues. Corporations that fail to comply with a direction are liable to a fine of $55,000 and $27,500 each day the offence continues. The Public Health Regulation 2012 also enables authorised officers to issue penalty notices for offences against clause 6 by individuals for an amount of $4,000 and $1,000 in other cases.","Public Health (COVID-19 Aged Care Facilities) Order 2021
Public Health (COVID-19 Aged Care Facilities) Order (No.2) 2021",only the date was mentioned on the NSW public health order's page. The method was not mentioned in the order nor on the website,"14/10/2021 amendment added second dose requirements
29/10/21 - Public Health (COVID-19 Care Services) Order (No 2) 2021 replaces and repeals initial order with some minor changes in wording","Minister for Health and Medical Research created the order, however, the decision to mandate residential aged care facilities was made by the National Cabinet",NSW Government Gazette: the official notification of the making of statutory instruments,NSWERACT1V1,0,1
NSW-009,NSW,Public Health (COVID-19 Vaccination of Health Care Workers) Order,Employment,"Stage 1 health care workers
see details in additional notes",healthcare,2021-08-26,2021-09-30,2024-05-16,994.0,False,"First dose by 30/09/21
Second dose by 30/11/21","do not apply to—
(a) a health practitioner who does work as a health care worker in response to a medical emergency, or
(b) another person who does work as a health care worker in response to a non-medical emergency, for example, a fire, flooding or a gas leak.
does not apply to a health care worker who—
(a) is unable, due to a medical contraindication, to receive a COVID-19 vaccine, and
(b) presents a medical contraindication certificate for the worker to a responsible person for the worker.
29/09/21 order amended to exclude certain health care workers who are remotely providing non-health services","Section 10 of the Public Health Act 2010 creates an offence if an individual fails to comply with a direction with a maximum penalty of imprisonment for 6 months or a fine of up to $11,000 (or both) plus a further $5,500 fine each day the offence continues. Corporations that fail to comply with a direction are liable to a fine of $55,000 and $27,500 each day the offence continues. The Public Health Regulation 2012 also enables authorised officers to issue penalty notices for offences against clause 6 by individuals for an amount of $4,000 and $1,000 in other cases.","Public Health (COVID-19 Vaccination of Health Care Workers) Order 2021
Public Health (COVID-19 Vaccination of Health Care Workers) Amendment Order 2021
Public Health (COVID-19 Vaccination of Health Care Workers) Order (No 3) 2021
Occupational Assessment, Screening and Vaccination Against Specified Infectious Diseases","19/06/2022 - Public Health (COVID-19 Vaccination of Health Care Workers) Order 2022 expired
May-2024: COVID-19 vaccination changed from required to strongly recommended for all NSW Health workers.","29/09/21: order amended to exclude certain health care workers who are remotely providing non-health services
23/12/21: repealed by Public Health (COVID-19 Vaccination of Health Care Workers) Order (No 3) 2021 to add stage 2 HCW mandates
19/06/2022: Public Health (COVID-19 Vaccination of Health Care Workers) Order 2022 expired. Instead the mandate was added to the ""Occupational Assessment, Screening and Vaccination Against Specified Infectious Diseases"" Policy
May-2024: COVID-19 vaccination changed from required to strongly recommended for all NSW Health workers.",Minister for Health and Medical Research,NSW Government Gazette: the official notification of the making of statutory instruments,NSWEHCWT1V1,0,1
NSW-010,NSW,Public Health (COVID-19 Aged Care Facilities) Order,Employment,health practitioners and students entering residential aged care facilities,aged_care,2021-08-26,2021-10-31,2022-11-30,461.0,False,"health practitioners and students are not to enter residential aged care facilities unless they have received one dose of the vaccine by 31/10/21
Must provide evidence
14/10/21 added: first dose by 31/10/21 and second dose by 4/12/21","does not apply to a health practitioner who enters a residential aged care facility to respond to a medical emergency.
(a) is unable, due to a medical contraindication, to be vaccinated against COVID-19, and
(b) presents to the operator of the residential aged care facility a certificate, in the form approved by the Chief Health Officer, issued by a medical practitioner, specifying the medical contraindication that makes the person unable to be vaccinated.","Section 10 of the Public Health Act 2010 creates an offence if an individual fails to comply with a direction with a maximum penalty of imprisonment for 6 months or a fine of up to $11,000 (or both) plus a further $5,500 fine each day the offence continues. Corporations that fail to comply with a direction are liable to a fine of $55,000 and $27,500 each day the offence continues. The Public Health Regulation 2012 also enables authorised officers to issue penalty notices for offences against clause 6 by individuals for an amount of $4,000 and $1,000 in other cases.","Public Health (COVID-19 Aged Care Facilities) Order 2021
Public Health (COVID-19 Aged Care Facilities) Order (No.2) 2021",only the date was mentioned on the NSW public health order's page. The method was not mentioned in the order nor on the website,"14/10/2021 amendment added second dose requirements
29/10/21 - Public Health (COVID-19 Care Services) Order (No 2) 2021 replaces and repeals initial order with some minor changes in wording",Minister for Health and Medical Research,NSW Government Gazette: the official notification of the making of statutory instruments,NSWERACT2V1,0,3
NSW-011,NSW,Public Health (COVID-19 Air Transportation Quarantine) Order (No 3) 2021,Public Space,not fully vaccinated international arrivals by aircraft,travel,2021-08-31,2021-09-01,2022-04-30,242.0,False,"NOT A STRICT MANDATE. Included to note that there is a difference between vaccinated and and unvaccinated arrivals
(1) A relevant air arrival who is not a fully vaccinated arrival must do one of the following as directed by the Commissioner of Police—
(a) go directly to a quarantine facility,
(b) go directly to a medical facility for treatment.
(2) A relevant air arrival must comply with a decision of the Commissioner of Police in relation to the relevant international arrival’s—
(a) transit at the airport, and
(b) travel to the quarantine facility or medical facility.
Vaccinated arrivals have to do a rapid antigen test and self isolate","(a) is unable, due to a medical contraindication, to be vaccinated against COVID-19, and
(b) presents to the responsible person for the worker a medical contraindication certificate issued to the worker.","A person who disembarks from a vessel under this Order must, if asked by a police officer, provide —
(a) the person’s name and contact details, and
(b) evidence the person is a fully vaccinated arrival.
Section 10 of the Public Health Act 2010 creates an offence if an individual fails to comply with a direction with a maximum penalty of imprisonment for 6 months or a fine of up to $11,000 (or both) plus a further $5,500 fine each day the offence continues. Corporations that fail to comply with a direction are liable to a fine of $55,000 and $27,500 each day the offence continues. The Public Health Regulation 2012 also enables authorised officers to issue penalty notices for offences against clause 6 by individuals for an amount of $4,000 and $1,000 in other cases.","Public Health (COVID-19 Air Transportation Quarantine) Order (No 3) 2021
Public Health (COVID-19 Air and Maritime Arrivals) Order (No 1) 2022",Removed by Public Health (COVID-19 Air and Maritime Arrivals) Order (No 1) Amendment (No 2) Order 2022 to remove the quarantine requirements for unvaccinated international air and maritime arrivals.,23/02/22: previous order replaced by Public Health (COVID-19 Air and Maritime Arrivals) Order (No 1) 2022,Minister for Health and Medical Research,NSW Government Gazette: the official notification of the making of statutory instruments,NSWPINTT100,0,4
NSW-012,NSW,Public Health (COVID-19 Air Transportation Quarantine) Order (No 3) 2021,Public Space,Interstate flight crew members,travel,2021-08-31,2021-09-01,2022-04-30,242.0,False,"NOT A STRICT MANDATE. Included to note that there is a difference between vaccinated and and unvaccinated arrivals
The flight crew member must go directly to the member’s place of residence or accommodation until the sooner of the following happens—
(a) the quarantine period ends,
(b) the member departs on another flight that leaves Australia.
(3) The flight crew member may go to a place of residence as required by subclause (2) only if the member is a resident of New South Wales.
(4) The flight crew member must not leave the residence or permit another person to enter the place o fresidence or accommodation
Vaccinated arrivals have to do a rapid antigen test and self isolate","(a)not leave the residence or accommodation except—
(i) to undertake duties that are essential for safety or other regulatory reasons including, for example, flight simulation training or safety or security training, or
(ii) for the purposes of obtaining medical care or medical supplies, or
(iii) in an emergency situation,
Arrival by aircraft
(b) not permit another person to enter the place of residence or accommodation unless—
(i) the person usually lives at the place of residence or accommodation or the person is also complying with a direction under this Order, or
(ii) the entry is for medical or emergency purposes, or
(iii) the entry is to a place, other than a place of residence, for the purpose of delivering food or essential items,","A person who disembarks from a vessel under this Order must, if asked by a police officer, provide —
(a) the person’s name and contact details, and
(b) evidence the person is a fully vaccinated arrival.
Section 10 of the Public Health Act 2010 creates an offence if an individual fails to comply with a direction with a maximum penalty of imprisonment for 6 months or a fine of up to $11,000 (or both) plus a further $5,500 fine each day the offence continues. Corporations that fail to comply with a direction are liable to a fine of $55,000 and $27,500 each day the offence continues. The Public Health Regulation 2012 also enables authorised officers to issue penalty notices for offences against clause 6 by individuals for an amount of $4,000 and $1,000 in other cases.","Public Health (COVID-19 Air Transportation Quarantine) Order (No 3) 2021
Public Health (COVID-19 Air and Maritime Arrivals) Order (No 1) 2022",Removed by Public Health (COVID-19 Air and Maritime Arrivals) Order (No 1) Amendment (No 2) Order 2022 to remove the quarantine requirements for unvaccinated international air and maritime arrivals.,23/02/22: previous order replaced by Public Health (COVID-19 Air and Maritime Arrivals) Order (No 1) 2022,Minister for Health and Medical Research,NSW Government Gazette: the official notification of the making of statutory instruments,NSWEISTT100,0,4
NSW-013,NSW,Department of Communities and Justice (DCJ) COVID-19 Vaccination Policy,Employment,Corrective Services NSW staff working outside their LGAs,other,2021-09-08,2021-09-09,2022-05-19,253,False,"From 09/09/21 authorised workers from declared LGAs who are working outside their LGA are required to have had their first COVID- 19 vaccine, or evidence of a booking for vaccination before 19/09/21",Possess a medical exemption  certificate issued by a medical practitioner in a form approved by the NSW Chief Health Officer.,Local management are responsible for compliance and need to ensure any person attending a CSNSW workplace have met the relevant testing and vaccination requirement and provided evidence of a test and/or vaccine/medical contraction certificate before entering the workplace.,Commissioner’s Instruction No. 44/2021,,,Corrective Services Commissioner,,NSWECRFT100,0,3
NSW-014,NSW,Public Health (COVID-19 Additional Restrictions for Delta Outbreak) Order,Public Space,Outdoor recreation during delta outbreak,public_space,2021-09-10,2021-09-11,2021-12-15,96.0,False,"A person may leave the person’s place of residence for outdoor recreation no further than 5 kilometres from the place of residence if the person—
(a) is a fully vaccinated person or is under 16 years of age, and
(b) undertakes the outdoor recreation only with persons who, if at least 16 years of age, are fully vaccinated persons.
and they must provide evidence of vaccination as well as evidence showing the person’s name and place of residence",,"Section 10 of the Public Health Act 2010 creates an offence if an individual fails to comply with a direction with a maximum penalty of imprisonment for 6 months or a fine of up to $11,000 (or both) plus a further $5,500 fine each day the offence continues. Corporations that fail to comply with a direction are liable to a fine of $55,000 and $27,500 each day the offence continues. The Public Health Regulation 2012 also enables authorised officers to issue penalty notices for offences against clause 6 by individuals for an amount of $4,000 and $1,000 in other cases.",Public Health (COVID-19 Additional Restrictions for Delta Outbreak) Order (No 2) Amendment (No 7) Order 2021,Clause not included in the next version of the order (Public Health (COVID-19 General) Order (No 2) 2021),Amendments mainly include additions and removals of the stay at home areas.,,NSW Government Gazette: the official notification of the making of statutory instruments,NSWPORGT100,0,3
NSW-015,NSW,Public Health (COVID-19 Additional Restrictions for Delta Outbreak) Order (No.2) 2021,Public Space,maximum outdoor public gatherings,public_space,2021-09-10,2021-09-13,2021-12-15,96.0,False,"A person must not participate in an outdoor public gathering in a stay at home area of more than—
(a) if all persons participating in the gathering who are at least 16 years of age are fully vaccinated (2 doses) —5 persons, not including persons who are 12 years of age and under, or
(b) otherwise—2 persons.","This clause does not apply to the following—
(a) a person who is carrying out work,
(b) a gathering to carry out work,
(c) a gathering referred to in Schedule 3 or a gathering at the following that is part of its normal operation—
(i) an office building, (ii) a factory,
(iii) a warehouse,
(iv) a construction site,
(d) a gathering on premises for which the occupier of the premises is directed to develop a COVID-19 Safety Plan,
(e) a gathering because of an emergency,
(f) a gathering of persons from the same household,
(g) a gathering for a significant event,
(h) a person who is voting at, or participating in the conduct of, an election.","Section 10 of the Public Health Act 2010 creates an offence if an individual fails to comply with a direction with a maximum penalty of imprisonment for 6 months or a fine of up to $11,000 (or both) plus a further $5,500 fine each day the offence continues. Corporations that fail to comply with a direction are liable to a fine of $55,000 and $27,500 each day the offence continues. The Public Health Regulation 2012 also enables authorised officers to issue penalty notices for offences against clause 6 by individuals for an amount of $4,000 and $1,000 in other cases.","Public Health (COVID-19 Additional Restrictions for Delta Outbreak) Order (No 2) Amendment (No 7) Order 2021
Public Health (COVID-19 General) Order
Public Health (COVID-19 General) Amendment Order (No 8) 2021",Clause not included in the next version of the order (Public Health (COVID-19 General) Order (No 2) 2021),"Formerly titled Public Health (COVID-19 Gathering Restrictions) Order (16/03/20-29/08/21), then titled Public Health (COVID-19 Temporary Movement and Gathering Restrictions) Order (26/06/21-11/10/21), then titled Public Health (COVID-19 Additional Restrictions for Delta Outbreak) Order (31/07/21-11/10/21)
15/12/21 - General Order 1 2021 (12 amendments) ended
11/03/22 - general order 2 2021 (9 amendments) ended
08/06/22 - general order 1 2022 (1 amendment) repealed by order no. 2 2022 which removes vaccination requirements for large indoor music festivals. No more vaccination mandates after this order",,NSW Government Gazette: the official notification of the making of statutory instruments,NSWPORGT200,0,3
NSW-016,NSW,Public Health (COVID-19 Vaccination of Education and Care Workers) Order,Employment,Education and care workers,education,2021-09-23,2021-11-08,2022-05-13,232.0,False,"Must have had 2 doses of a COVID vaccine by 8/11/21
Must provide evidence if requested","Exempt if the worker has been issued with a medical contraindication certificate.
The Minister may, in writing and subject to conditions the Minister considers appropriate, grant an exemption to this Order or specified provisions of this Order if satisfied that the exemption is necessary to protect the health and well-being of persons.
Added in an amendment on 20/10/21: a medical contraindication recorded on the Australian Immunisation Register that prevents the person from receiving any approved COVID-19 vaccine available in New South Wales.","Section 10 of the Public Health Act 2010 creates an offence if an individual fails to comply with a direction with a maximum penalty of imprisonment for 6 months or a fine of up to $11,000 (or both) plus a further $5,500 fine each day the offence continues. Corporations that fail to comply with a direction are liable to a fine of $55,000 and $27,500 each day the offence continues. The Public Health Regulation 2012 also enables authorised officers to issue penalty notices for offences against clause 6 by individuals for an amount of $4,000 and $1,000 in other cases.","Public Health (COVID-19 Vaccination of Education and Care Workers) Order 2021
Public Health (COVID-19 Vaccination of Education and Care Workers) Order 2022",Written in the Order,10/03/22 - Public Health (COVID-19 Vaccination of Education and Care Workers) Order 2022 added miscellaneous Part 3 on Medical contraindication certificates,Minister for Health and Medical Research,NSW Government Gazette: the official notification of the making of statutory instruments,NSWEEDU00V2,0,2
NSW-017,NSW,Public Health (COVID-19 Vaccination of Education and Care Workers) Order,Public Space,Family day care residences,public_space,2021-09-23,2021-11-08,2022-05-13,232.0,False,"directs that the relevant approved provider for a family day care residence must ensure the residence is not open on or after 8 November 2021 to provide education or care to any child unless each person who is at least 18 years of age residing at the residence (an adult resident) has—
(a) had 2 doses of a COVID-19 vaccine, or
(b) been issued with a medical contraindication certificate.","Exempt if the worker has been issued with a medical contraindication certificate.
The Minister may, in writing and subject to conditions the Minister considers appropriate, grant an exemption to this Order or specified provisions of this Order if satisfied that the exemption is necessary to protect the health and well-being of persons.
Added in an amendment on 20/10/21: a medical contraindication recorded on the Australian Immunisation Register that prevents the person from receiving any approved COVID-19 vaccine available in New South Wales.","Section 10 of the Public Health Act 2010 creates an offence if an individual fails to comply with a direction with a maximum penalty of imprisonment for 6 months or a fine of up to $11,000 (or both) plus a further $5,500 fine each day the offence continues. Corporations that fail to comply with a direction are liable to a fine of $55,000 and $27,500 each day the offence continues. The Public Health Regulation 2012 also enables authorised officers to issue penalty notices for offences against clause 6 by individuals for an amount of $4,000 and $1,000 in other cases.","Public Health (COVID-19 Vaccination of Education and Care Workers) Order 2021
Public Health (COVID-19 Vaccination of Education and Care Workers) Order 2022",Written in the Order,10/03/22 - Public Health (COVID-19 Vaccination of Education and Care Workers) Order 2022 added miscellaneous Part 3 on Medical contraindication certificates,Minister for Health and Medical Research,NSW Government Gazette: the official notification of the making of statutory instruments,NSWPECF0000,0,4
NSW-018,NSW,Public Health (COVID-19 General) Order,Public Space,visitors of places of residence,public_space,2021-10-03,2021-10-11,2021-12-15,73.0,False,"If residents of a household in the general area are vaccinated, they must not allow visitors who are unvaccinated adults (b) more than 10 visitors to be at the place of residence at any 1 time.

If residents of a household in the general area are unvaccinated, they must not allow visitors.

Vistors must not be at a place of residence if they are unvaccinated or the household has unvaccinated adults or another visitor at the place is an unvaccinated adult","Nominated social bubble for 18 years or under
Up to 3 persons may form a nominated social bubble if each member of the bubble— is 18 years of age or under, and
lives in the same local government area or within 5 kilometres of each other member of the bubble, and lives in a household where each person who is at least 18 years of age is a fully vaccinated person, and is not a member of another nominated social bubble.
a person entering the premises in response to an emergency
(b) a person entering premises in a vehicle if the person does not exit the vehicle while on the premises
(c) a person entering the premises if the person is under 18 years of age and it is not possible to register the person’s details under clause 5.3 of this Order
(d) a person exercising law enforcement, intelligence or national security functions on behalf of a government agency of New South Wales or the Commonwealth
(e) a person entering any health or medical facility, other than a pharmacy, as a patient","Section 10 of the Public Health Act 2010 creates an offence if an individual fails to comply with a direction with a maximum penalty of imprisonment for 6 months or a fine of up to $11,000 (or both) plus a further $5,500 fine each day the offence continues. Corporations that fail to comply with a direction are liable to a fine of $55,000 and $27,500 each day the offence continues. The Public Health Regulation 2012 also enables authorised officers to issue penalty notices for offences against clause 6 by individuals for an amount of $4,000 and $1,000 in other cases.",Public Health (COVID-19 General) Order,Clause not included in the next version of the order (Public Health (COVID-19 General) Order (No 2) 2021),"Formerly titled Public Health (COVID-19 Gathering Restrictions) Order (16/03/20-29/08/21), then titled Public Health (COVID-19 Temporary Movement and Gathering Restrictions) Order (26/06/21-11/10/21), then titled Public Health (COVID-19 Additional Restrictions for Delta Outbreak) Order (31/07/21-11/10/21)
15/12/21 - General Order 1 2021 (12 amendments) ended
11/03/22 - general order 2 2021 (9 amendments) ended
08/06/22 - general order 1 2022 (1 amendment) repealed by order no. 2 2022 which removes vaccination requirements for large indoor music festivals. No more vaccination mandates after this order",Minister for Health and Medical Research,NSW Government Gazette: the official notification of the making of statutory instruments,NSWPPORT100,0,1
NSW-019,NSW,Public Health (COVID-19 General) Order,Public Space,holiday homes or short-term rentals,public_space,2021-10-03,2021-10-11,2021-12-15,73.0,False,"The occupier of premises in the general area must not allow the premises to be used for the purpose of a holiday home or a short-term rental by persons unless there are no more than 10 people staying at the premises and none of them are unvaccinated adults if the people are not from the same household.
No vaccination requirements if the people staying are from the same household","a person entering the premises in response to an emergency
(b) a person entering premises in a vehicle if the person does not exit the vehicle while on the premises
(c) a person entering the premises if the person is under 18 years of age and it is not possible to register the person’s details under clause 5.3 of this Order
(d) a person exercising law enforcement, intelligence or national security functions on behalf of a government agency of New South Wales or the Commonwealth
(e) a person entering any health or medical facility, other than a pharmacy, as a patient","Section 10 of the Public Health Act 2010 creates an offence if an individual fails to comply with a direction with a maximum penalty of imprisonment for 6 months or a fine of up to $11,000 (or both) plus a further $5,500 fine each day the offence continues. Corporations that fail to comply with a direction are liable to a fine of $55,000 and $27,500 each day the offence continues. The Public Health Regulation 2012 also enables authorised officers to issue penalty notices for offences against clause 6 by individuals for an amount of $4,000 and $1,000 in other cases.",Public Health (COVID-19 General) Order,Clause not included in the next version of the order (Public Health (COVID-19 General) Order (No 2) 2021),"Formerly titled Public Health (COVID-19 Gathering Restrictions) Order (16/03/20-29/08/21), then titled Public Health (COVID-19 Temporary Movement and Gathering Restrictions) Order (26/06/21-11/10/21), then titled Public Health (COVID-19 Additional Restrictions for Delta Outbreak) Order (31/07/21-11/10/21)
15/12/21 - General Order 1 2021 (12 amendments) ended
11/03/22 - general order 2 2021 (9 amendments) ended
08/06/22 - general order 1 2022 (1 amendment) repealed by order no. 2 2022 which removes vaccination requirements for large indoor music festivals. No more vaccination mandates after this order",Minister for Health and Medical Research,NSW Government Gazette: the official notification of the making of statutory instruments,NSWPPORT200,0,2
NSW-020,NSW,Public Health (COVID-19 General) Order,Public Space,certain outdoor events,public_space,2021-10-03,2021-10-11,2021-12-15,73.0,False,"The maximum number of persons permitted at the following outdoor events in the general area are—
(a) for a controlled outdoor public gathering—500 persons,
(b) for a COVID-19 safe outdoor public gathering—50 persons,
(c) for any other outdoor public gathering—30 persons.
Note: Numbers changed as time progresses depending on the COVID severity at the time.","a person entering the premises in response to an emergency
(b) a person entering premises in a vehicle if the person does not exit the vehicle while on the premises
(c) a person entering the premises if the person is under 18 years of age and it is not possible to register the person’s details under clause 5.3 of this Order
(d) a person exercising law enforcement, intelligence or national security functions on behalf of a government agency of New South Wales or the Commonwealth
(e) a person entering any health or medical facility, other than a pharmacy, as a patient","Section 10 of the Public Health Act 2010 creates an offence if an individual fails to comply with a direction with a maximum penalty of imprisonment for 6 months or a fine of up to $11,000 (or both) plus a further $5,500 fine each day the offence continues. Corporations that fail to comply with a direction are liable to a fine of $55,000 and $27,500 each day the offence continues. The Public Health Regulation 2012 also enables authorised officers to issue penalty notices for offences against clause 6 by individuals for an amount of $4,000 and $1,000 in other cases.",Public Health (COVID-19 General) Order,Clause not included in the next version of the order (Public Health (COVID-19 General) Order (No 2) 2021),"Formerly titled Public Health (COVID-19 Gathering Restrictions) Order (16/03/20-29/08/21), then titled Public Health (COVID-19 Temporary Movement and Gathering Restrictions) Order (26/06/21-11/10/21), then titled Public Health (COVID-19 Additional Restrictions for Delta Outbreak) Order (31/07/21-11/10/21)
15/12/21 - General Order 1 2021 (12 amendments) ended
11/03/22 - general order 2 2021 (9 amendments) ended
08/06/22 - general order 1 2022 (1 amendment) repealed by order no. 2 2022 which removes vaccination requirements for large indoor music festivals. No more vaccination mandates after this order",Minister for Health and Medical Research,NSW Government Gazette: the official notification of the making of statutory instruments,NSWPORGT300,0,4
NSW-021,NSW,Public Health (COVID-19 General) Order,Public Space,vehicles and vessels,public_space,2021-10-03,2021-10-11,2021-12-15,73.0,False,A person who is an unvaccinated adult must not be in a vehicle or vessel in the general area with another person other than a member of the person’s household.,"a person entering the premises in response to an emergency
(b) a person entering premises in a vehicle if the person does not exit the vehicle while on the premises
(c) a person entering the premises if the person is under 18 years of age and it is not possible to register the person’s details under clause 5.3 of this Order
(d) a person exercising law enforcement, intelligence or national security functions on behalf of a government agency of New South Wales or the Commonwealth
(e) a person entering any health or medical facility, other than a pharmacy, as a patient","Section 10 of the Public Health Act 2010 creates an offence if an individual fails to comply with a direction with a maximum penalty of imprisonment for 6 months or a fine of up to $11,000 (or both) plus a further $5,500 fine each day the offence continues. Corporations that fail to comply with a direction are liable to a fine of $55,000 and $27,500 each day the offence continues. The Public Health Regulation 2012 also enables authorised officers to issue penalty notices for offences against clause 6 by individuals for an amount of $4,000 and $1,000 in other cases.",Public Health (COVID-19 General) Order,Clause not included in the next version of the order (Public Health (COVID-19 General) Order (No 2) 2021),"Formerly titled Public Health (COVID-19 Gathering Restrictions) Order (16/03/20-29/08/21), then titled Public Health (COVID-19 Temporary Movement and Gathering Restrictions) Order (26/06/21-11/10/21), then titled Public Health (COVID-19 Additional Restrictions for Delta Outbreak) Order (31/07/21-11/10/21)
15/12/21 - General Order 1 2021 (12 amendments) ended
11/03/22 - general order 2 2021 (9 amendments) ended
08/06/22 - general order 1 2022 (1 amendment) repealed by order no. 2 2022 which removes vaccination requirements for large indoor music festivals. No more vaccination mandates after this order",Minister for Health and Medical Research,NSW Government Gazette: the official notification of the making of statutory instruments,NSWPORGT500,0,4
NSW-022,NSW,Public Health (COVID-19 General) Order,Public Space,unvaccinated adults,public_space,2021-10-03,2021-10-11,2021-12-15,73.0,False,"must not enter the following:
(a) higher risk premises,
(b) business premises that are hairdressers, spas, nail salons, beauty salons, waxing salons, tanning salons, tattoo parlours or massage parlours,
(c) recreation facilities (indoors),
(d) public swimming pools,
(e) information and education facilities,
(f) retail premises, but not critical retail premises,
(g) business premises that are auction houses,
(h) business premises that are betting agencies,
(i) gaming lounges,
(j) markets that do not predominantly sell food,
(k) properties operated by—
(i) the National Trust, or
(ii) the Historic Houses Trust.
Or perform (sing or dance indoors) at a choir at a place of worship or in a religious service
02/11/21 - added (c1) amusement centres, and (c2) business premises that are play centres
(l) nightclubs, (m) sex on premises venues, (n) sex services premises, (o) strip clubs.
The occupier of higher risk premises in the general area must ensure that a person who is under 16 years of age and who is not a fully vaccinated person is not on the premises unless the person is—
(a) on the premises to carry out work, or
(b) accompanied by a person who is—
(i) a member of the person’s household, and (ii) a fully vaccinated person.","does not apply to a person who is on the premises for the following purposes—
(a) because of a service to assist vulnerable members of the public, for example a food bank or a service providing for the needs of homeless persons,
(b) to purchase food or beverages to be consumed off the premises,
(c) to attend a small funeral or memorial service or small wedding service,
(d) to use a click and collect service. Or if
(a) the premises are outside Greater Sydney, and
(b) the person resides outside Greater Sydney, and
(c) the person has had only 1 dose of a COVID-19 vaccine, and
(d) the person is on the premises for the purposes of work.
Or a person entering the premises in response to an emergency
(b) a person entering premises in a vehicle if the person does not exit the vehicle while on the premises
(c) a person entering the premises if the person is under 18 years of age and it is not possible to register the person’s details under clause 5.3 of this Order
(d) a person exercising law enforcement, intelligence or national security functions on behalf of a government agency of New South Wales or the Commonwealth
(e) a person entering any health or medical facility, other than a pharmacy, as a patient","Section 10 of the Public Health Act 2010 creates an offence if an individual fails to comply with a direction with a maximum penalty of imprisonment for 6 months or a fine of up to $11,000 (or both) plus a further $5,500 fine each day the offence continues. Corporations that fail to comply with a direction are liable to a fine of $55,000 and $27,500 each day the offence continues. The Public Health Regulation 2012 also enables authorised officers to issue penalty notices for offences against clause 6 by individuals for an amount of $4,000 and $1,000 in other cases.",Public Health (COVID-19 General) Order,Clause not included in the next version of the order (Public Health (COVID-19 General) Order (No 2) 2021),"Formerly titled Public Health (COVID-19 Gathering Restrictions) Order (16/03/20-29/08/21), then titled Public Health (COVID-19 Temporary Movement and Gathering Restrictions) Order (26/06/21-11/10/21), then titled Public Health (COVID-19 Additional Restrictions for Delta Outbreak) Order (31/07/21-11/10/21)
15/12/21 - General Order 1 2021 (12 amendments) ended
11/03/22 - general order 2 2021 (9 amendments) ended
08/06/22 - general order 1 2022 (1 amendment) repealed by order no. 2 2022 which removes vaccination requirements for large indoor music festivals. No more vaccination mandates after this order",Minister for Health and Medical Research,NSW Government Gazette: the official notification of the making of statutory instruments,NSWPVAET100,0,4
NSW-023,NSW,Public Health (COVID-19 General) Order,Public Space,taking holidays or undertaking recreation,public_space,2021-10-03,2021-10-11,2021-12-15,73.0,False,An unvaccinated adult must not take a holiday or undertake recreation outside the local government area in which the adult resides.,"a person entering the premises in response to an emergency
(b) a person entering premises in a vehicle if the person does not exit the vehicle while on the premises
(c) a person entering the premises if the person is under 18 years of age and it is not possible to register the person’s details under clause 5.3 of this Order
(d) a person exercising law enforcement, intelligence or national security functions on behalf of a government agency of New South Wales or the Commonwealth
(e) a person entering any health or medical facility, other than a pharmacy, as a patient","Section 10 of the Public Health Act 2010 creates an offence if an individual fails to comply with a direction with a maximum penalty of imprisonment for 6 months or a fine of up to $11,000 (or both) plus a further $5,500 fine each day the offence continues. Corporations that fail to comply with a direction are liable to a fine of $55,000 and $27,500 each day the offence continues. The Public Health Regulation 2012 also enables authorised officers to issue penalty notices for offences against clause 6 by individuals for an amount of $4,000 and $1,000 in other cases.",Public Health (COVID-19 General) Order,Clause not included in the next version of the order (Public Health (COVID-19 General) Order (No 2) 2021),"Formerly titled Public Health (COVID-19 Gathering Restrictions) Order (16/03/20-29/08/21), then titled Public Health (COVID-19 Temporary Movement and Gathering Restrictions) Order (26/06/21-11/10/21), then titled Public Health (COVID-19 Additional Restrictions for Delta Outbreak) Order (31/07/21-11/10/21)
15/12/21 - General Order 1 2021 (12 amendments) ended
11/03/22 - general order 2 2021 (9 amendments) ended
08/06/22 - general order 1 2022 (1 amendment) repealed by order no. 2 2022 which removes vaccination requirements for large indoor music festivals. No more vaccination mandates after this order",Minister for Health and Medical Research,NSW Government Gazette: the official notification of the making of statutory instruments,NSWPVAET200,0,4
NSW-024,NSW,Public Health (COVID-19 General) Order,Public Space,large indoor music festivals,public_space,2021-10-03,2021-10-11,2022-06-07,247.0,False,"A person who is not a fully vaccinated person must not be on premises at which a large indoor music festival is being held.
An occupier of premises at which a large indoor music festival is being held must take reasonable steps to ensure that only fully vaccinated persons are allowed to attend the festival.",,"Section 10 of the Public Health Act 2010 creates an offence if an individual fails to comply with a direction with a maximum penalty of imprisonment for 6 months or a fine of up to $11,000 (or both) plus a further $5,500 fine each day the offence continues. Corporations that fail to comply with a direction are liable to a fine of $55,000 and $27,500 each day the offence continues. The Public Health Regulation 2012 also enables authorised officers to issue penalty notices for offences against clause 6 by individuals for an amount of $4,000 and $1,000 in other cases.",Public Health (COVID-19 General) Order,Removed by Public Health (COVID-19) Amendment Order 2022,"Formerly titled Public Health (COVID-19 Gathering Restrictions) Order (16/03/20-29/08/21), then titled Public Health (COVID-19 Temporary Movement and Gathering Restrictions) Order (26/06/21-11/10/21), then titled Public Health (COVID-19 Additional Restrictions for Delta Outbreak) Order (31/07/21-11/10/21)
15/12/21 - General Order 1 2021 (12 amendments) ended
11/03/22 - general order 2 2021 (9 amendments) ended
08/06/22 - general order 1 2022 (1 amendment) repealed by order no. 2 2022 which removes vaccination requirements for large indoor music festivals. No more vaccination mandates after this order",Minister for Health and Medical Research,NSW Government Gazette: the official notification of the making of statutory instruments,NSWPORGT400,0,4
NSW-025,NSW,Public Health (COVID-19 Aged Care Facilities) Order,Employment,in-home and community aged care worker,aged_care,2021-10-14,2021-10-25,2022-11-30,412.0,False,"First dose by 25/10/21
Second dose by 29/11/21","is unable, due to a medical contraindication, to be vaccinated against COVID-19, and
(b) presents to the responsible person for the worker or provider a certificate, in the form approved by the Chief Health Officer, issued by a medical practitioner, specifying the medical contraindication that makes the worker or provider unable to be vaccinated","Section 10 of the Public Health Act 2010 creates an offence if an individual fails to comply with a direction with a maximum penalty of imprisonment for 6 months or a fine of up to $11,000 (or both) plus a further $5,500 fine each day the offence continues. Corporations that fail to comply with a direction are liable to a fine of $55,000 and $27,500 each day the offence continues. The Public Health Regulation 2012 also enables authorised officers to issue penalty notices for offences against clause 6 by individuals for an amount of $4,000 and $1,000 in other cases.","Public Health (COVID-19 Aged Care Facilities) Order 2021
Public Health (COVID-19 Aged Care Facilities) Order (No.2) 2021",only the date was mentioned on the NSW public health order's page. The method was not mentioned in the order nor on the website,"14/10/2021 - amended this mandate into the Public Health (COVID-19 Aged Care Facilities) Order 2021
29/10/21 - Public Health (COVID-19 Care Services) Order (No 2) 2021 replaces and repeals initial order with some minor changes in wording",Minister for Health and Medical Research,NSW Government Gazette: the official notification of the making of statutory instruments,NSWEOCTT1V1,0,3
NSW-026,NSW,Public Health (COVID-19 Aged Care Facilities) Order,Employment,person providing disability services,aged_care,2021-10-14,2021-10-25,2022-11-30,412.0,False,"First dose by 25/10/21
Second dose by 29/11/21","is unable, due to a medical contraindication, to be vaccinated against COVID-19, and
(b) presents to the responsible person for the worker or provider a certificate, in the form approved by the Chief Health Officer, issued by a medical practitioner, specifying the medical contraindication that makes the worker or provider unable to be vaccinated","Section 10 of the Public Health Act 2010 creates an offence if an individual fails to comply with a direction with a maximum penalty of imprisonment for 6 months or a fine of up to $11,000 (or both) plus a further $5,500 fine each day the offence continues. Corporations that fail to comply with a direction are liable to a fine of $55,000 and $27,500 each day the offence continues. The Public Health Regulation 2012 also enables authorised officers to issue penalty notices for offences against clause 6 by individuals for an amount of $4,000 and $1,000 in other cases.","Public Health (COVID-19 Aged Care Facilities) Order 2021
Public Health (COVID-19 Aged Care Facilities) Order (No.2) 2021",only the date was mentioned on the NSW public health order's page. The method was not mentioned in the order nor on the website,"14/10/2021 - amended this mandate into the Public Health (COVID-19 Aged Care Facilities) Order 2021
29/10/21 - Public Health (COVID-19 Care Services) Order (No 2) 2021 replaces and repeals initial order with some minor changes in wording",Minister for Health and Medical Research,NSW Government Gazette: the official notification of the making of statutory instruments,NSWEDSWT1V1,0,3
NSW-027,NSW,Public Health (COVID-19 General) Order,Public Space,singing indoors on certain premises,public_space,2021-10-15,2021-10-18,2021-12-15,61.0,False,occupier of premises in the general area must not allow an unvaccinated adult to sing in a part of the premises that is an indoor area,"This clause does not apply to the following—
(a) a place of residence,
(b) an educational establishment,
(c) a performer who is performing or rehearsing,
(d) a person who is instructing, or being instructed, in dancing,
(e) a wedding service or a gathering after a wedding service,
(f) a group class at a gym or a recreation facility (indoor).","Section 10 of the Public Health Act 2010 creates an offence if an individual fails to comply with a direction with a maximum penalty of imprisonment for 6 months or a fine of up to $11,000 (or both) plus a further $5,500 fine each day the offence continues. Corporations that fail to comply with a direction are liable to a fine of $55,000 and $27,500 each day the offence continues. The Public Health Regulation 2012 also enables authorised officers to issue penalty notices for offences against clause 6 by individuals for an amount of $4,000 and $1,000 in other cases.","Public Health (COVID-19 General) Order
Public Health (COVID-19 General) Amendment Order (No 2) 2021",Clause not included in the next version of the order (Public Health (COVID-19 General) Order (No 2) 2021),"Formerly titled Public Health (COVID-19 Gathering Restrictions) Order (16/03/20-29/08/21), then titled Public Health (COVID-19 Temporary Movement and Gathering Restrictions) Order (26/06/21-11/10/21), then titled Public Health (COVID-19 Additional Restrictions for Delta Outbreak) Order (31/07/21-11/10/21)
15/12/21 - General Order 1 2021 (12 amendments) ended
11/03/22 - general order 2 2021 (9 amendments) ended
08/06/22 - general order 1 2022 (1 amendment) repealed by order no. 2 2022 which removes vaccination requirements for large indoor music festivals. No more vaccination mandates after this order",,NSW Government Gazette: the official notification of the making of statutory instruments,NSWPVAET300,0,4
NSW-028,NSW,Department of Communities and Justice (DCJ) COVID-19 Vaccination Policy,Employment,"Corrective Services NSW employees, contractors and consultants working a frontline workplace
this includes Correctional Centres, Community Corrections facilities and Courts,","emergency, public_service",2021-10-20,2021-10-25,2022-05-19,211,False,"Dose 1 by 25 October 2021
• Dose 2 by 17 January 2022 for all DCJ staff.
Staff must submit their COVID-19 vaccination status and evidence via the ServiceNow / Justice Self Service Portal.","For staff who must have their first vaccination by 25 October 2021, and are legitimately unable to obtain a vaccination appointment to meet the 25 October 2021 deadline, then a later first dose date of 8 November 2021 may apply subject to appropriate evidence and approval from your manager prior to 25 October 2021.
The process to apply for an exceptional circumstance is, the:
1. Employee must complete an Exceptional Circumstances Form and submit it to their Manager / Supervisor or Manager / Supervisor one-up 2. Manager / Supervisor or Manager / Supervisor one up must send the form to their People (HR) Business partner who will refer it to the COVID-19 Exception Circumstances Review Panel
3. The review panel, led by the People Branch, and consisting of a People Director, People Business Partner and Executive from the employee’s division, will review the submission in partnership with any other relevant subject matter experts and determine the outcome
4. The outcome will be communicated to the Manager/Supervisor for further discussion and action with the employee.","An employee who does not comply with the DCJ COVID-19 Vaccination Policy, will be required to take their own leave, or where all personal leave is exhausted, Leave Without Pay (LWOP) until contacted by DCJ.
Employees will not be able to access sick leave or COVID-19 Special Leave when directed to take leave as part of the non-compliance process.","CSNSW
Commissioner’s Instruction No. 51/2021",,,Corrective Services Commissioner,,NSWEDCJT100,0,2
NSW-029,NSW,Department of Communities and Justice (DCJ) COVID-19 Vaccination Policy,Employment,"if you work in DCJ locations, such as corporate or policy offices, or work from home. If this is your main work location, but you sometimes go to a frontline office, then the earlier date applies (25/10/21).",other,2021-10-20,2021-12-01,2022-05-19,211,False,"Dose 1 by 1 December 2021
• Dose 2 by 17 January 2022 for all DCJ staff.
Staff must submit their COVID-19 vaccination status and evidence via the ServiceNow / Justice Self Service Portal.","The process to apply for an exceptional circumstance is, the:
1. Employee must complete an Exceptional Circumstances Form and submit it to their Manager / Supervisor or Manager / Supervisor one-up 2. Manager / Supervisor or Manager / Supervisor one up must send the form to their People (HR) Business partner who will refer it to the COVID-19 Exception Circumstances Review Panel
3. The review panel, led by the People Branch, and consisting of a People Director, People Business Partner and Executive from the employee’s division, will review the submission in partnership with any other relevant subject matter experts and determine the outcome
4. The outcome will be communicated to the Manager/Supervisor for further discussion and action with the employee.","An employee who does not comply with the DCJ COVID-19 Vaccination Policy, will be required to take their own leave, or where all personal leave is exhausted, Leave Without Pay (LWOP) until contacted by DCJ.
Employees will not be able to access sick leave or COVID-19 Special Leave when directed to take leave as part of the non-compliance process.","CSNSW
Commissioner’s Instruction No. 51/2021",,,Corrective Services Commissioner,,NSWEDCJT200,0,5
NSW-030,NSW,Public Health (COVID-19 Interstate Travellers) Order,Public Space,"Interstate Travellers
Close contact outside New South Wales who is not a resident",travel,2021-10-27,2021-10-27,2022-01-26,91.0,False,"This clause applies to a person who—
(a) is not a resident of New South Wales, and
(b) is a close contact.","However, this clause does not apply if—
(a) the person is a fully vaccinated person, and
(b) more than 7 days have passed since the person was in a place of high concern.
(3) The Minister directs that a person to whom this clause applies must not enter New South Wales.","Section 10 of the Public Health Act 2010 creates an offence if an individual fails to comply with a direction with a maximum penalty of imprisonment for 6 months or a fine of up to $11,000 (or both) plus a further $5,500 fine each day the offence continues. Corporations that fail to comply with a direction are liable to a fine of $55,000 and $27,500 each day the offence continues. The Public Health Regulation 2012 also enables authorised officers to issue penalty notices for offences against clause 6 by individuals for an amount of $4,000 and $1,000 in other cases.",Public Health (COVID-19 Interstate Travellers) Order (No 4) 2021,only the date was mentioned on the NSW public health order's page. The method was not mentioned in the order nor on the website,Expired without amendment,Minister for Health and Medical Research,NSW Government Gazette: the official notification of the making of statutory instruments,NSWPISTT100,0,4
NSW-031,NSW,Department of Communities and Justice (DCJ) COVID-19 Vaccination Policy,Employment,"Third Party Providers, Contractors and Visitors entering CSNSW locations and privately managed correctional centres","emergency, public_space",2021-10-28,2021-11-08,2022-05-19,203,False,"Must have had 2 doses of a COVID vaccine by 8/11/21
Must provide evidence if requested",,"Required action if a person fails to meet
entry criteria Any person who refuses: to be temperature checked or undertake RAS testing; answer any screening questions; or provide evidence of vaccination status; is to be refused entry to the location.",CSNSW Commissioner’s Instruction No. 53/2021,,,Corrective Services Commissioner,,NSWECRFT200,0,5
NSW-032,NSW,Department of Communities and Justice (DCJ) COVID-19 Vaccination Policy,Employment,Inmate sweepers working in identified RED ZONE areas,other,2021-11-03,2021-11-12,2022-05-19,197,False,"Must have had 2 doses of a COVID vaccine
Must provide evidence if requested",,"Any non-compliance to the local and additional COVID-19 rules and requirements, wil result in the RED ZONE sweeper no longer being employed in that function.",CSNSW Commissioner’s Instruction No. 57/2021,,,Corrective Services Commissioner,,NSWECRFT200,0,5
NSW-033,NSW,Public Health (COVID-19 General) Order,Public Space,dancing indoors on certain premises,public_space,2021-11-05,2021-11-08,2021-12-15,40.0,False,occupier of premises in the general area must not allow an unvaccinated adult to dance in a part of the premises that is an indoor area,"This clause does not apply to the following—
(a) a place of residence,
(b) an educational establishment,
(c) a performer who is performing or rehearsing,
(d) a person who is instructing, or being instructed, in singing or dancing,
(e) a small funeral or memorial service or a small wedding service.","Section 10 of the Public Health Act 2010 creates an offence if an individual fails to comply with a direction with a maximum penalty of imprisonment for 6 months or a fine of up to $11,000 (or both) plus a further $5,500 fine each day the offence continues. Corporations that fail to comply with a direction are liable to a fine of $55,000 and $27,500 each day the offence continues. The Public Health Regulation 2012 also enables authorised officers to issue penalty notices for offences against clause 6 by individuals for an amount of $4,000 and $1,000 in other cases.","Public Health (COVID-19 General) Order
Public Health (COVID-19 General) Amendment Order (No 8) 2021",Clause not included in the next version of the order (Public Health (COVID-19 General) Order (No 2) 2021),"Formerly titled Public Health (COVID-19 Gathering Restrictions) Order (16/03/20-29/08/21), then titled Public Health (COVID-19 Temporary Movement and Gathering Restrictions) Order (26/06/21-11/10/21), then titled Public Health (COVID-19 Additional Restrictions for Delta Outbreak) Order (31/07/21-11/10/21)
15/12/21 - General Order 1 2021 (12 amendments) ended
11/03/22 - general order 2 2021 (9 amendments) ended
08/06/22 - general order 1 2022 (1 amendment) repealed by order no. 2 2022 which removes vaccination requirements for large indoor music festivals. No more vaccination mandates after this order",Minister for Health and Medical Research,NSW Government Gazette: the official notification of the making of statutory instruments,NSWPIRGT100,0,4
NSW-034,NSW,Department of Communities and Justice (DCJ) COVID-19 Vaccination Policy,Public Space,in person visits to correctional centres and transitional centres,emergency,2021-11-25,2021-11-29,2022-05-19,175,False,"Inmates and visitors including any children, must be double vaccinated at least two weeks before the date of the visit
• Visitors must display proof of vaccination status during screening prior to the visit
• Permissible contact is a short embrace at the beginning and end of the
visit. Physical distancing applies at all other times. Children are to remain with the visitor parent/carer. Playgrounds wil remain closed at this time","A positive COVID-19 inmate, an inmate who is quarantine or clinical isolation, or who is not double vaccinated, is not eligible for an in-person visit.
Any visitor with a medical contraindication or exemption will not be permitted entry at this time.",Existing processes wil apply to restrictions or prohibitions for visits. Failure to adhere to the requirements set out in this Commissioner's Instruction may result ni restrictions or prohibitions being imposed on an inmate or visitor by local authorised officers.,CSNSW Commissioner’s Instruction No. 58/2021,,,Corrective Services Commissioner,,NSWPCRF0000,0,5
NSW-035,NSW,"Public Health (COVID-19 Air Transportation Quarantine) Order
Public Health (COVID-19 Air and Maritime Arrivals) Order",Employment,Overseas flight crew members,other,2021-11-27,2021-11-28,2022-04-30,154.0,False,"NOT A MANDATE. Included to note that there is a difference between vaccinated and and unvaccinated arrivals
The flight crew member must go directly to the member’s place of residence or accommodation until the sooner of the following happens—
(a) the quarantine period ends,
(b) the member departs on another flight that leaves Australia.
(3) The flight crew member may go to a place of residence as required by subclause (2) only if the member is a resident of New South Wales.
(4) The flight crew member must not leave the residence or permit another person to enter the place o fresidence or accommodation
Vaccinated arrivals have to do a rapid antigen test and self isolate","(a)not leave the residence or accommodation except—
(i) to undertake duties that are essential for safety or other regulatory reasons including, for example, flight simulation training or safety or security training, or
(ii) for the purposes of obtaining medical care or medical supplies, or
(iii) in an emergency situation,
Arrival by aircraft
(b) not permit another person to enter the place of residence or accommodation unless—
(i) the person usually lives at the place of residence or accommodation or the person is also complying with a direction under this Order, or
(ii) the entry is for medical or emergency purposes, or
(iii) the entry is to a place, other than a place of residence, for the purpose of delivering food or essential items,","A person who disembarks from a vessel under this Order must, if asked by a police officer, provide —
(a) the person’s name and contact details, and
(b) evidence the person is a fully vaccinated arrival.
Section 10 of the Public Health Act 2010 creates an offence if an individual fails to comply with a direction with a maximum penalty of imprisonment for 6 months or a fine of up to $11,000 (or both) plus a further $5,500 fine each day the offence continues. Corporations that fail to comply with a direction are liable to a fine of $55,000 and $27,500 each day the offence continues. The Public Health Regulation 2012 also enables authorised officers to issue penalty notices for offences against clause 6 by individuals for an amount of $4,000 and $1,000 in other cases.","Public Health (COVID-19 Air Transportation Quarantine) Order
Public Health (COVID-19 Air Transportation Quarantine) Order (No 4) Amendment (Omicron Variant) 2021
Public Health (COVID-19 Air and Maritime Arrivals) Order (No 1) 2022",Removed by Public Health (COVID-19 Air and Maritime Arrivals) Order (No 1) Amendment (No 2) Order 2022 to remove the quarantine requirements for unvaccinated international air and maritime arrivals.,23/02/22: previous order replaced by Public Health (COVID-19 Air and Maritime Arrivals) Order (No 1) 2022,Minister for Health and Medical Research,NSW Government Gazette: the official notification of the making of statutory instruments,NSWEINT0000,0,5
NSW-036,NSW,,Employment,"NSW Fire and Rescue
All new and existing firefighters, operational support personnel, administrative trades personnel, and contractors, consultants, vendors and visitors who enter and/or work in FRNSW premises, locations or worksite","transport, emergency, public_space",2021-12-03,2021-12-17,2023-10-06,672,False,"To be fully vaccinated against COVID-19 by 17/12/21, including consideration of approved additional/booster vaccinations in the future.
There is also a requirement to provide evidence of their vaccination status","An exemption to the requirements in 5.1 of the policy may be available for workers who are unable to be vaccinated due to a medical contraindication to the any (sic) TGA approved and available COVID-19 vaccines. A medical contraindication temporarily or permanently prevents people from receiving a vaccine, as it may increase their chances of a serious adverse event. Vaccination against COVID 19 does not constitute a reasonably practicable risk control for these individuals. If a FRNSW worker with a COVID-19 Vaccine Medical Contraindication Certificate is unable to work safely in FRNSW premises, and is unable to work remotely, consideration will be given to identifying reasonable workplace adjustments.

Health and Safety Branch must be involved in determining any reasonable workplace adjustments and/or controls required, while also considering any potential impacts on the worker’s fitness for duty and any subsequent decision-making.

A FRNSW worker who has a temporary contraindication to the COVID-19 vaccine must obtain their vaccination within 45 days after the contraindication no longer applies.","If a FRNSW worker is unwilling to provide evidence of their COVID-19 vaccination status, or a COVID-19 Vaccine Medical Contraindication Certificate, FRNSW can direct the worker to provide evidence of their COVID -19 vaccination status and to not attend FRNSW premises, locations or worksites, and not to engage in FRNSW duties until evidence of vaccination is provided and policy requirements are adhered to.",,,"06/10/23 State Secretary announced that FRNSW have confirmed that they will be formally moving from the Covid-19 Vaccination Policy to the Vaccination and Screening Requirements Policy, which will no longer mandate any vaccine for employees outside of CFR and USAR",Commissioner of Fire and Rescue NSW,"employees were first notified of the decision to introduce the Vaccination Mandate on 11 October 2021 via an email sent by Commissioner Baxter to all FRNSW staff
on 17 September 2021, Commissioner Baxter announced by way of a video sent to all staff via email that FRNSW was considering mandating COVID-19 vaccination. The email contained a link to an online survey to allow FRNSW staff to provide feedback",,0,6
NSW-037,NSW,Public Health (COVID-19 Vaccination of Health Care Workers) Order,Employment,"Stage 2 health care workers
see details in additional notes",healthcare,2021-12-23,2022-01-31,2024-05-16,875.0,False,"First dose by 31/01/22
Second dose by 28/02/22","do not apply to—
(a) a health practitioner who does work as a health care worker in response to a medical emergency, or
(b) another person who does work as a health care worker in response to a non-medical emergency, for example, a fire, flooding or a gas leak.
does not apply to a health care worker who—
(a) is unable, due to a medical contraindication, to receive a COVID-19 vaccine, and
(b) presents a medical contraindication certificate for the worker to a responsible person for the worker.
29/09/21 order amended to exclude certain health care workers who are remotely providing non-health services","Section 10 of the Public Health Act 2010 creates an offence if an individual fails to comply with a direction with a maximum penalty of imprisonment for 6 months or a fine of up to $11,000 (or both) plus a further $5,500 fine each day the offence continues. Corporations that fail to comply with a direction are liable to a fine of $55,000 and $27,500 each day the offence continues. The Public Health Regulation 2012 also enables authorised officers to issue penalty notices for offences against clause 6 by individuals for an amount of $4,000 and $1,000 in other cases.","Public Health (COVID-19 Vaccination of Health Care Workers) Order (No 3) 2021
Occupational Assessment, Screening and Vaccination Against Specified Infectious Diseases","19/06/2022 - Public Health (COVID-19 Vaccination of Health Care Workers) Order 2022 expired
May-2024: COVID-19 vaccination changed from required to strongly recommended for all NSW Health workers.","29/09/21: order amended to exclude certain health care workers who are remotely providing non-health services
23/12/21: repealed by Public Health (COVID-19 Vaccination of Health Care Workers) Order (No 3) 2021 to add stage 2 HCW mandates
19/06/2022: Public Health (COVID-19 Vaccination of Health Care Workers) Order 2022 expired. Instead the mandate was added to the ""Occupational Assessment, Screening and Vaccination Against Specified Infectious Diseases"" Policy
May-2024: COVID-19 vaccination changed from required to strongly recommended for all NSW Health workers.",Minister for Health and Medical Research,NSW Government Gazette: the official notification of the making of statutory instruments,NSWEHCWT2V1,0,2
NSW-038,NSW,Public Health (COVID-19 Air and Maritime Arrivals) Order,Public Space,international arrivals to NSW by vessel,travel,2022-02-23,2022-02-23,2022-04-30,66.0,False,must not disembark from the vessel unless fully vaccinated,"must not disembark from the vessel unless the relevant maritime arrival—
(a) is authorised to do so by the Commissioner of Police under clause 15, or
(b) disembarks for the purpose of undertaking an essential task under clause 16, or
(c) is required to do so because of an emergency under clause 17.
See directions for more detail","A person who disembarks from a vessel under this Order must, if asked by a police officer, provide —
(a) the person’s name and contact details, and
(b) evidence the person is a fully vaccinated arrival.
Section 10 of the Public Health Act 2010 creates an offence if an individual fails to comply with a direction with a maximum penalty of imprisonment for 6 months or a fine of up to $11,000 (or both) plus a further $5,500 fine each day the offence continues. Corporations that fail to comply with a direction are liable to a fine of $55,000 and $27,500 each day the offence continues. The Public Health Regulation 2012 also enables authorised officers to issue penalty notices for offences against clause 6 by individuals for an amount of $4,000 and $1,000 in other cases.",Public Health (COVID-19 Air and Maritime Arrivals) Order (No 1) 2022,Removed by Public Health (COVID-19 Air and Maritime Arrivals) Order (No 1) Amendment (No 2) Order 2022 to remove the quarantine requirements for unvaccinated international air and maritime arrivals.,,Minister for Health and Medical Research,NSW Government Gazette: the official notification of the making of statutory instruments,NSWPINTT200,0,4
NSW-039,NSW,Public Health (COVID-19 Aged Care Facilities) Order,Employment,residential aged care facilities workers,aged_care,2022-02-25,2022-03-01,2022-11-30,278.0,False,"the person has received at least 3 doses of a COVID-19 vaccine, or (b) the person— (i) has received 2 doses of a COVID-19 vaccine, and (ii) it is not after the later of the following—
(A) 12 April 2022, (B) 6 weeks from the due date for the person’s third dose of a COVID-19 vaccine.
the due date for a person’s third dose of a COVID-19 vaccine is the day that is 13 weeks after the person received the second dose of a COVID-19 vaccine.","(a) is unable, due to a medical contraindication, to be vaccinated against COVID-19, and
(b) presents to the responsible person for the worker a medical contraindication certificate issued to the worker.","Section 10 of the Public Health Act 2010 creates an offence if an individual fails to comply with a direction with a maximum penalty of imprisonment for 6 months or a fine of up to $11,000 (or both) plus a further $5,500 fine each day the offence continues. Corporations that fail to comply with a direction are liable to a fine of $55,000 and $27,500 each day the offence continues. The Public Health Regulation 2012 also enables authorised officers to issue penalty notices for offences against clause 6 by individuals for an amount of $4,000 and $1,000 in other cases.",,only the date was mentioned on the NSW public health order's page. The method was not mentioned in the order nor on the website,23/12/21 - Public Health Amendment (COVID-19 Medical Contraindication Certificates) Order 2021,Minister for Health and Medical Research,NSW Government Gazette: the official notification of the making of statutory instruments,NSWERACT1V2,0,4
NSW-040,NSW,Public Health (COVID-19 Aged Care Facilities) Order,Employment,health practitioners and students entering residential aged care facilities,aged_care,2022-02-25,2022-03-01,2022-11-30,278.0,False,"the person has received at least 3 doses of a COVID-19 vaccine, or (b) the person— (i) has received 2 doses of a COVID-19 vaccine, and (ii) it is not after the later of the following—
(A) 12 April 2022, (B) 6 weeks from the due date for the person’s third dose of a COVID-19 vaccine.
the due date for a person’s third dose of a COVID-19 vaccine is the day that is 13 weeks after the person received the second dose of a COVID-19 vaccine.","(a) is unable, due to a medical contraindication, to be vaccinated against COVID-19, and
(b) presents to the responsible person for the worker a medical contraindication certificate issued to the worker.","Section 10 of the Public Health Act 2010 creates an offence if an individual fails to comply with a direction with a maximum penalty of imprisonment for 6 months or a fine of up to $11,000 (or both) plus a further $5,500 fine each day the offence continues. Corporations that fail to comply with a direction are liable to a fine of $55,000 and $27,500 each day the offence continues. The Public Health Regulation 2012 also enables authorised officers to issue penalty notices for offences against clause 6 by individuals for an amount of $4,000 and $1,000 in other cases.",Public Health (COVID-19 Care Services) Order (No 2) 2021,only the date was mentioned on the NSW public health order's page. The method was not mentioned in the order nor on the website,23/12/21 - Public Health Amendment (COVID-19 Medical Contraindication Certificates) Order 2021,Minister for Health and Medical Research,NSW Government Gazette: the official notification of the making of statutory instruments,NSWERACT2V2,0,4
NSW-041,NSW,Public Health (COVID-19 Aged Care Facilities) Order,Employment,in-home and community aged care worker,aged_care,2022-02-25,2022-03-01,2022-11-30,278.0,False,"the person has received at least 3 doses of a COVID-19 vaccine, or (b) the person— (i) has received 2 doses of a COVID-19 vaccine, and (ii) it is not after the later of the following—
(A) 12 April 2022, (B) 6 weeks from the due date for the person’s third dose of a COVID-19 vaccine.
the due date for a person’s third dose of a COVID-19 vaccine is the day that is 13 weeks after the person received the second dose of a COVID-19 vaccine.","(a) is unable, due to a medical contraindication, to be vaccinated against COVID-19, and
(b) presents to the responsible person for the worker a medical contraindication certificate issued to the worker.","Section 10 of the Public Health Act 2010 creates an offence if an individual fails to comply with a direction with a maximum penalty of imprisonment for 6 months or a fine of up to $11,000 (or both) plus a further $5,500 fine each day the offence continues. Corporations that fail to comply with a direction are liable to a fine of $55,000 and $27,500 each day the offence continues. The Public Health Regulation 2012 also enables authorised officers to issue penalty notices for offences against clause 6 by individuals for an amount of $4,000 and $1,000 in other cases.",Public Health (COVID-19 Care Services) Order (No 2) 2021,only the date was mentioned on the NSW public health order's page. The method was not mentioned in the order nor on the website,23/12/21 - Public Health Amendment (COVID-19 Medical Contraindication Certificates) Order 2021,Minister for Health and Medical Research,NSW Government Gazette: the official notification of the making of statutory instruments,NSWEOCTT1V2,0,4
NSW-042,NSW,Public Health (COVID-19 Aged Care Facilities) Order,Employment,person providing disability services,aged_care,2022-02-25,2022-03-01,2022-11-30,278.0,False,"the person has received at least 3 doses of a COVID-19 vaccine, or (b) the person— (i) has received 2 doses of a COVID-19 vaccine, and (ii) it is not after the later of the following—
(A) 12 April 2022, (B) 6 weeks from the due date for the person’s third dose of a COVID-19 vaccine.
the due date for a person’s third dose of a COVID-19 vaccine is the day that is 13 weeks after the person received the second dose of a COVID-19 vaccine.","(a) is unable, due to a medical contraindication, to be vaccinated against COVID-19, and
(b) presents to the responsible person for the worker a medical contraindication certificate issued to the worker.","Section 10 of the Public Health Act 2010 creates an offence if an individual fails to comply with a direction with a maximum penalty of imprisonment for 6 months or a fine of up to $11,000 (or both) plus a further $5,500 fine each day the offence continues. Corporations that fail to comply with a direction are liable to a fine of $55,000 and $27,500 each day the offence continues. The Public Health Regulation 2012 also enables authorised officers to issue penalty notices for offences against clause 6 by individuals for an amount of $4,000 and $1,000 in other cases.",Public Health (COVID-19 Care Services) Order (No 2) 2021,only the date was mentioned on the NSW public health order's page. The method was not mentioned in the order nor on the website,23/12/21 - Public Health Amendment (COVID-19 Medical Contraindication Certificates) Order 2021,Minister for Health and Medical Research,NSW Government Gazette: the official notification of the making of statutory instruments,NSWEDSWT1V2,0,4
NSW-043,NSW,SS 7.1.9 COVID-19 Vaccination,Employment,"All NSW Rural Fire Service staff, volunteers and external labour (contractors) located at NSW RFS sites and working in close
proximity to members.",emergency,2022-06-24,2022-06-30,2023-10-06,469,False,"at least two doses of a COVID-19 vaccine approved by the
Therapeutic Goods Administration for use in Australia.
Members are required to report their vaccination status and ensure it is recorded in their membership record. (For more details check the document NSW RFS COVID-19 RISK MANAGEMENT:
VACCINATION AND STATUS REPORTING)","The RFS will continue to consider and apply exemptions to mandatory vaccination in accordance with our existing policy position, as follows:

Medical exemption – a temporary exemption may be available for members who are unable to be vaccinated due to medical contraindication(s).
Junior member exemption – Junior volunteer members are not required to be vaccinated against COVID-19, but are strongly encouraged to follow ATAGI recommendations.
Brigade exemption – Districts continue to work with the 424 brigades who told us they were not supportive of mandatory vaccination as it would significantly impact their ability to provide fire and emergency service to their communities. Exemptions will be considered and determined for these brigades by no later than 30 June 2022.","Where a staff member is found to be not complying with COVID-19 vaccination requirements in
this policy, the staff member will be instructed to take leave immediately. Staff may access
accrued recreation leave, extended leave, agreed absences (if eligible), and leave without pay, or
a combination of these types of leave for this purpose, but may not access sick leave or special
leave provisions.
5.2 If a medical exemption is accepted, an individual risk assessment will be performed to determine
if the staff member can continue in employment with additional control measures in place. Where
a workplace adjustment is required and cannot be made, consideration may be given to whether
the person can continue in employment.
5.3 If no exemption is granted it may be determined that the staff member has refused to comply with
a reasonable direction of the NSW RFS. Failure to comply with this reasonable direction may be
deemed a breach of the Service Standard 1.1.7 NSW RFS Code of Conduct and Ethics, may
result in misconduct action being undertaken in accordance with Section 69 of the Government
Sector Employment Act 2013, and may lead to termination of employment.",Service Standard 7.1.9 COVID-19 Vaccination advised by the NSW Work Health and Safety Act 2001,,,NSW Rural Fire Service Executive Director People and Strategy,"14/02/22: Released a document titled COVID-19 Vaccination Information for Volunteer Members which informed members that they were going to make vaccinations madatory by June 30
27/05/22: Message from the Commissioner formally announcing the mandate",,0,4
NSW-044,NSW,"Department of Creative Industries, Tourism, Hospitality and Sport COVID Vaccination Policy",Employment,"employees of the Department of Creative Industries, Tourism, Hospitality and Sport","healthcare, transport",2022-11-01,,2022-11-30,29,False,"Category A are employees who work with people or in environments where the risk of transmission and the risk to those contracting the virus is high. This includes those employees that work in the field, have regular contact with external stakeholders, or work with vulnerable people and communities.
Category B are employees who work in the back office and have low level contact with external stakeholders.",,,,Updating the webpage,the document has been revised in Nov 2022 and Nov 2023 which indicates a mandate may have been in effect during that time,"Department of Creative Industries, Tourism, Hospitality and Sport",,,0,6
NSW-045,NSW,,Employment,NSW police force,emergency,,2021-09-30,2026-07-28,,False,"First dose by 30/09/21
Second dose by 30/11/21
Must provide evidence of vaccination","Exemptions to this requirement will include:
NSW Police Force members who are unable, due to a medical contraindication to receive a COVID-19 vaccine and present a medical contraindication certificate.
Any other NSW Police Force member as I determine appropriate, subject to consideration of their specific circumstances.
A total of 47 NSW Police Force staff have been granted a COVID 19 vaccine exemption as of 07.04.2022",,,,,Commissioner of Police,,NSWEPLF0000,0,6
NT-001,NT,Directions for Quarantine Workers,Employment,Quarantine workers,quarantine,2021-10-04,2021-10-15,2022-06-15,254.0,False,"First dose by 15/10/21
Second dose by 26/11/21 must provide evidence",,"The maximum penalty for failing to comply with a direction is 400 penalty units.
An infringement notice may be given for failing to comply with these Directions with a fine equal to 32 penalty units for an individual and 160 penalty units for a body corporate.","COVID-19 Directions (No. 53) 2021: Directions for Quarantine Workers
Post-emergency COVID-19 Directions (No. 1) 2022: Revocation of various directions",Revoked by COVID-19 Directions (No. 1) 2022: Revocation of various directions,,NT Chief Health Officer,,NTEHQW0000,0,1
NT-002,NT,Directions for mandatory vaccination of workers to attend the workplace,Employment,"(a) a worker who, during the course of work, is likely ot come into contact with a vulnerable person; (e.g. people working with children, disabled or elderly persons, health care, workers in Indigenous communities, retail services)
(b) a worker who is at risk of infection with COVID-19 because the worker, during the course of work, is likely to come into contact with a person or thing that poses a risk of infection; (e.g. health care workers in hospitals, police and emergency service workers, quaratine facilities, border control)
(c) a worker whose workplace poses a high risk of infection with COVID-19; (e.g. correction facilities, minign sites, food processing facilities, cruise vessels)
 (d) a worker who performs work that is necessary for the operation or maintenance of essential infrastructure or essential logistics in the Territory. (e.g. electricity, gas, water supply and sewerage treatment facilities, telecommunications systems and roads)
A comprehensive list is included in the directions","healthcare, transport, emergency",2021-10-13,2021-11-13,2022-06-15,245.0,False,"First dose by 13/11/21
Second dose by 25/12/21
must provide evidence","a worker may attend the worker's workplace without being vaccinated with an approved COVID-19 vaccine fi the worker has evidence of a contraindication to all approved COVID-19 vaccines.
Nothing in these Directions prevents a worker who is not vaccinated from working at a place where the worker, during the course of work:
(a) is not likely to come into contact with a vulnerable person; and
(b) is not likely to come into contact with a person or thing that poses a risk of infection with COVID-19; and
(c) is not likely to be exposed to a high risk of infection with COVID- 19.
Nothing in these Directions prevents a person conducting a business
or undertaking from making reasonable adjustments to accommodate
a worker who is not vaccinated
10/11/21 added - Voluteers, contractors and subcontractors are exempt","A person conducting a business must keep a resgister of the following information: (a)  workers who are vacccinated (b) steps taken to comply with the verification of evidence
10/11/21 added - Voluteers, contractors and subcontractors are exempt
The maximum penalty for failing to comply with a direction is 400 penalty units.
An infringement notice may be given for failing to comply with these Directions with a fine equal to 32 penalty units for an individual and 160 penalty units for a body corporate.
$5,000 fines for those who don't comply","COVID-19 Directions (No. 55) 2021:
Directions for mandatory vaccination of workers to attend the workplace
COVID-19 Directions (No. 81) 2021:
Directions for mandatory vaccination of workers to attend the workplace",Workplace mandate ended 15/6/22 Revoked by COVID-19 Directions (No. 1) 2022: Revocation of various directions,"10/11/21 - No.81 amended No.55 and is a consolidated version. Added section exempting volunteers, contractors and subcontractors
22/04/2022 Revoked by COVID-19 Directions (No. 53) 2022: Revocation of COVID-19 Directions (No. 55) 2021
Mandate still exists but a new direction was created to include 3 doses (COVID-19 Directions (No. 52) 2022)
Workplace mandate ended 15/6/22 Revoked by COVID-19 Directions (No. 1) 2022: Revocation of various directions",NT Chief Health Officer,,NTEALLT1V1,0,1
NT-003,NT,Directions for Freight workers,Employment,Frieght workers entering the Territory,other,2021-10-21,2021-11-01,2022-02-03,105.0,False,"First dose by 1/11/21
Second dose by 13/12/21
A freight worker must not enter the Territory unless the freight worker is vaccinated.
Provide evidence

A freight worker must not enter the Territory unless the freight worker
has a certificate issued by the Agency, valid as at the time of entry, certifying that the freight worker has a freight risk mitigation management plan approved by the Agency.","has a certificate issued by the Commonwealth that certifies that the
person has a permanent or temporary contraindication to all
approved COVID-19 vaccines.","The maximum penalty for failing to comply with a direction is 400 penalty units.
An infringement notice may be given for failing to comply with these Directions with a fine equal to 32 penalty units for an individual and 160 penalty units for a body corporate.","COVID-19 Directions (No. 132) 2021: Directions for freight workers
COVID-19 Directions (No. 38) 2022",Stated in directions that it will remain in force while the public health emergency declaration is in force,Revoked by COVID-19 Directions (No. 38) 2022,NT Chief Health Officer,,NTETFL0000,0,3
NT-004,NT,Directions to lock down Katherine,Public Space,People in Katherine except essential workers,public_space,2021-11-04,2021-11-05,2021-11-08,4.0,False,"essential workers must be fully vaccinated
Everyone else must follow lockdown rules","Workers in healthcare, food and supplies, utilities, transportation, education and childcare, emergency response and other essential services and businesses - see directions for specific details","The maximum penalty for failing to comply with a direction is 400 penalty units.
An infringement notice may be given for failing to comply with these Directions with a fine equal to 32 penalty units for an individual and 160 penalty units for a body corporate.","COVID-19 Directions (No. 59) 2021:
Directions to lock down Katherine",Stated in directions,5/11/21 - No. 59 replaced by No. 68 Directions to lock down Katherine,NT Chief Health Officer,,NTPPORT100,0,4
NT-005,NT,"Directions to lock out Darwin and surrounding areas of the
Territory
Directions to check vaccination status and to refuse service
and access to places, activities and services to unvaccinated
people",Public Space,"City of Darwin; City of Palmerston; Litchfield; Wagait Shire; Belyuen Shire; and the Darwin Waterfront Precinct and a few localities of the Territory (see directions for details)

NOTE: there were other directions that locked out similar areas at later dates but the content of the mandates are the same as this one",public_space,2021-11-04,2021-11-05,2021-11-09,5.0,False,"A person must not enter or exit the lockout areas
An unvaccinated person residing in the lockout area must not leave the premises they reside in
Restricted gatherings for unvaccinated people

Businesses in the lockout area must check any person entering the epremises and refuse entry to an unvaccinated person","A person must not enter or exit the lockout area unless:
(a) the person is one of the following who is performing a function
connected with the person's official work:
(i) an authorised officer;
(ii) a person performing functions under the Act or the Notifiable
Diseases Act 1981;
(iii) a vaccinated essential worker; or
the person is returning to the premises where the person resides in
the lockout area; or
(d) the person enters by aircraft, motor vehicle, public transport or bicycle for the purpose of travelling to a part of the Territory that is
outside the lockout area.
An unvaccinated person residing in the lockout area must not leave the premises unless its for exercise, to obtain goods and services from essential workers, to receive medical treatment etc (specified in directions)
Exempt businesses include an essential business, place, activity or service and a place for the conduct of a funeral with no more than 10 funeral attendees in total (see directions for list of essential businesses)
7/11/21 - added that a food outlet with fixed premises is exempt if in relation to any person who is attending the premises for takeaway only","The maximum penalty for failing to comply with a direction is 400 penalty units.
An infringement notice may be given for failing to comply with these Directions with a fine equal to 32 penalty units for an individual and 160 penalty units for a body corporate.","COVID-19 Directions (No. 61) 2021:
Directions to lock out Darwin and surrounding areas of the Territory
COVID-19 Directions (No. 62) 2021:
Directions to check vaccination status and to refuse service
and access to places, activities and services to unvaccinated
people",Stated in directions,"5/11/21 - No. 61 replaced by No. 67 Directions to lock out Darwin and surrounding areas
No. 62 replaced by No. 66 Directions to check vaccination status and to refuse service and access to places, activities and services to unvaccinated people
7/11/21 - No.66 revoked by No.72 Directions to check vaccination status and regualte service and access to places, activities and services in Darwin and surrounding areas of the Territory and in Katherine
8/11/21 - No.72 revoked by No.77 Directions to check vaccination status and regualte service and access to places, activities and services in Darwin lockout area to extend the end date from 8/11 to 9/11/21 but removed Katherine
8/11/21 - No.76 Directions to lock out Darwin and surrounding areas of the Territory extended the end date from 8/11/21 to 9/11/21 but removed Katherine",NT Chief Health Officer,,NTPPORT200,0,4
NT-006,NT,Directions for Aged Care Facilities in Darwin and surrounding areas of the Territory and Katherine,Employment,Aged care facilities in City of Darwin; City of Palmerston; Litchfield; Wagait Shire; Belyuen Shire; Municipality of Katherine and the Darwin Waterfront Precinct and a few localities of the Territory (see directions for details),aged_care,2021-11-05,2021-11-05,2021-11-08,3.0,False,Must be fully vaccinated to enter,"Must not enter or remain at an aged care facility unless the person is one of the following: (a) an officer, employee or contractor (b) a person providing goods or services necessary for the operation of the facility; (c) a person providing health, medical or pharmaceutical goods; (d) a person providing end of life support to a resident of the facility;
(e) a person required for emergency management or law enforcement;
(f) a legal practitioner providing legal services regarding end of life matters to a resident of the facility only fi the service cannot be provided remotely; (g) a visitor to the facility who is a fully vaccinated person.","The maximum penalty for failing to comply with a direction is 400 penalty units.
An infringement notice may be given for failing to comply with these Directions with a fine equal to 32 penalty units for an individual and 160 penalty units for a body corporate.","COVID-19 Directions (No. 63) 2021:
Directions for Aged Care Facilities in Darwin and surrounding areas of the Territory and Katherine",Stated in directions,,NT Chief Health Officer,,NTPRACT100,0,6
NT-007,NT,Directions for Aged Care Facilities in Darwin and surrounding areas of the Territory and Katherine,Public Space,Aged care facilities in City of Darwin; City of Palmerston; Litchfield; Wagait Shire; Belyuen Shire; Municipality of Katherine and the Darwin Waterfront Precinct and a few localities of the Territory (see directions for details),aged_care,2021-11-05,2021-11-05,2021-11-08,3.0,False,Must be fully vaccinated to enter,"Must not enter or remain at an aged care facility unless the person is one of the following: (a) an officer, employee or contractor (b) a person providing goods or services necessary for the operation of the facility; (c) a person providing health, medical or pharmaceutical goods; (d) a person providing end of life support to a resident of the facility;
(e) a person required for emergency management or law enforcement;
(f) a legal practitioner providing legal services regarding end of life matters to a resident of the facility only fi the service cannot be provided remotely; (g) a visitor to the facility who is a fully vaccinated person.","The maximum penalty for failing to comply with a direction is 400 penalty units.
An infringement notice may be given for failing to comply with these Directions with a fine equal to 32 penalty units for an individual and 160 penalty units for a body corporate.","COVID-19 Directions (No. 63) 2021:
Directions for Aged Care Facilities in Darwin and surrounding areas of the Territory and Katherine",Stated in directions,,NT Chief Health Officer,,NTPRACT100,0,6
NT-008,NT,Directions for Aged Care Facilities,Employment,Aged care facility workers,aged_care,2021-11-08,2021-11-08,2022-06-15,219.0,False,"A person who is an officer, employee or contractor of an aged care facility must not enter or remain on the premises of the aged care facility if the person is not a vaccinated person.
Must give evidence that the person is a vaccinated person.","not applied to those in the Municipality of Katherine while Direction no.87 is in force (15/11-18/11/21 during Katherine's lockdown)
24/11/21 - exmept means the person is under the age of 16 or has a certificate issued by the Commonwealth that certifies that the person has a permanent or temporary contraindication to all approved COVID-19 vaccines","The proprietor of the aged care facility must keep a record of the information provided.
33 Access to the information must be provided to an authorised officer on request by the officer.
The maximum penalty for failing to comply with a direction is 400 penalty units.
An infringement notice may be given for failing to comply with these Directions with a fine equal to 32 penalty units for an individual and 160 penalty units for a body corporate.",COVID-19 Directions (No. 75) 2021: Directions for Aged Care Facilities,"Stated in directions that it will remain in force while the public health emergency declaration is in force

Revoked by COVID-19 Directions (No. 1) 2022: Revocation of various directions",24/12/21 - No.75 revoked and replaced by No.141 to include another exemption clause,NT Chief Health Officer,,NTERACT100,0,2
NT-009,NT,Directions to lock down Katherine,Public Space,"the Municipality of Katherine

Directions do not apply to Binjari (20/11/21 to 7/12/21) and Rockhole (20/11/21 to 25/11/21) due to its hard lockdown",public_space,2021-11-15,2021-11-15,2021-12-04,19.0,False,"A person must not enter or exit the lockout areas
An unvaccinated person residing in the lockout area must not leave the premises they reside in
Restricted gatherings for unvaccinated people

25/11/21 - No. 102 Directions for intro-Territory travel: A person may exit Katherine and enter an approved home quarantine zone if the person:
(a) is a resident of the zone; and (b) is vaccinated or exempt; and (c) has submitted to an approved PCR COVID-19 testing procedure within 72 hours before exiting Katherine.","A person must not enter or exit the lockout area unless:
(a) the person is one of the following who is performing a function
connected with the person's official work:
(i) an authorised officer;
(ii) a person performing functions under the Act or the Notifiable
Diseases Act 1981;
(iii) a vaccinated essential worker; or
the person is returning to the premises where the person resides in
the lockout area; or
(d) the person enters by aircraft, motor vehicle, public transport or bicycle for the purpose of travelling to a part of the Territory that is
outside the lockout area.
An unvaccinated person residing in the lockout area must not leave the premises unless its for exercise, to obtain goods and services from essential workers, to receive medical treatment etc (specified in directions)
Exempt businesses include an essential business, place, activity or service and a place for the conduct of a funeral with no more than 10 funeral attendees in total (see directions for list of essential businesses)
a food outlet with fixed premises is exempt if in relation to any person who is attending the premises for takeaway only
Exempt person meaning: a) has received 2 doses of the COVID vaccine; or b) is 16 years or younger; or c) has a contraindiction to the COVID vaccine","The maximum penalty for failing to comply with a direction is 400 penalty units.
An infringement notice may be given for failing to comply with these Directions with a fine equal to 32 penalty units for an individual and 160 penalty units for a body corporate.",COVID-19 Directions (No. 85) 2021: Directions to lock down Katherine,Stated in directions,"16/11/21 - No.85 was amended by No.90. Changed the removal date of the lockdown in Katherine from 18/11 to 22/11
17/11/21 - No.86 was amended by No.91. Changed the removal date of the lockdown in Robinson River from 18/11 to 22/11
22/11/21 - No.85 was amended by No.98. Changed the removal date of the lockdown in Katherine from 22/11 to 24/11
24/11/21 - No. 85 amended by No.100 to change removal date from 21/11 to 4/12/21",NT Chief Health Officer,,NTPPORT300,0,4
NT-010,NT,Directions to lock down Robinson River and homelands,Public Space,the community known as Robinson River and homelands,public_space,2021-11-15,2021-11-15,2021-11-22,7.0,False,"A person must not enter or exit the lockout areas
An unvaccinated person residing in the lockout area must not leave the premises they reside in
Restricted gatherings for unvaccinated people","A person must not enter or exit the lockout area unless:
(a) the person is one of the following who is performing a function
connected with the person's official work:
(i) an authorised officer;
(ii) a person performing functions under the Act or the Notifiable
Diseases Act 1981;
(iii) a vaccinated essential worker; or
the person is returning to the premises where the person resides in
the lockout area; or
(d) the person enters by aircraft, motor vehicle, public transport or bicycle for the purpose of travelling to a part of the Territory that is
outside the lockout area.
An unvaccinated person residing in the lockout area must not leave the premises unless its for exercise, to obtain goods and services from essential workers, to receive medical treatment etc (specified in directions)
Exempt businesses include an essential business, place, activity or service and a place for the conduct of a funeral with no more than 10 funeral attendees in total (see directions for list of essential businesses)
a food outlet with fixed premises is exempt if in relation to any person who is attending the premises for takeaway only
Exempt person meaning: a) has received 2 doses of the COVID vaccine; or b) is 16 years or younger; or c) has a contraindiction to the COVID vaccine","The maximum penalty for failing to comply with a direction is 400 penalty units.
An infringement notice may be given for failing to comply with these Directions with a fine equal to 32 penalty units for an individual and 160 penalty units for a body corporate.","COVID-19 Directions (No. 86) 2021:
Directions to lock down Robinson River and homelands",Stated in directions,17/11/21 - No.86 was amended by No.91. Changed the removal date of the lockdown in Robinson River from 18/11 to 22/11,NT Chief Health Officer,,NTPPORT400,0,4
NT-011,NT,Directions for Aged Care Facilities in Darwin and surrounding areas of the Territory and Katherine,Employment,Aged care facilities in the Municipality of Katherine,aged_care,2021-11-15,2021-11-15,2021-12-04,19.0,False,Must be fully vaccinated to enter,"Must not enter or remain at an aged care facility unless the person is one of the following: (a) an officer, employee or contractor (b) a person providing goods or services necessary for the operation of the facility; (c) a person providing health, medical or pharmaceutical goods; (d) a person providing end of life support to a resident of the facility;
(e) a person required for emergency management or law enforcement;
(f) a legal practitioner providing legal services regarding end of life matters to a resident of the facility only fi the service cannot be provided remotely; (g) a visitor to the facility who is a fully vaccinated person.","The maximum penalty for failing to comply with a direction is 400 penalty units.
An infringement notice may be given for failing to comply with these Directions with a fine equal to 32 penalty units for an individual and 160 penalty units for a body corporate.","COVID-19 Directions (No. 87) 2021:
Directions for Aged Care Facilities in Katherine",Stated in directions,"18/11/21 - No.87 was amended by No.92. Changed the removal date of the from 18/11 to 22/11
22/11/21 - No.87 was amended by No.98. Changed the removal date from 22/11 to 24/11/21 - No.87 amended by No. 100 to change the removal date from 22/11 to 4/12/21",NT Chief Health Officer,,NTPRACT200,0,3
NT-012,NT,Directions for Aged Care Facilities in Darwin and surrounding areas of the Territory and Katherine,Public Space,Aged care facilities in the Municipality of Katherine,aged_care,2021-11-15,2021-11-15,2021-12-04,19.0,False,Must be fully vaccinated to enter,"Must not enter or remain at an aged care facility unless the person is one of the following: (a) an officer, employee or contractor (b) a person providing goods or services necessary for the operation of the facility; (c) a person providing health, medical or pharmaceutical goods; (d) a person providing end of life support to a resident of the facility;
(e) a person required for emergency management or law enforcement;
(f) a legal practitioner providing legal services regarding end of life matters to a resident of the facility only fi the service cannot be provided remotely; (g) a visitor to the facility who is a fully vaccinated person.","The maximum penalty for failing to comply with a direction is 400 penalty units.
An infringement notice may be given for failing to comply with these Directions with a fine equal to 32 penalty units for an individual and 160 penalty units for a body corporate.","COVID-19 Directions (No. 87) 2021:
Directions for Aged Care Facilities in Katherine",Stated in directions,"18/11/21 - No.87 was amended by No.92. Changed the removal date of the from 18/11 to 22/11
22/11/21 - No.87 was amended by No.98. Changed the removal date from 22/11 to 24/11/21 - No.87 amended by No. 100 to change the removal date from 22/11 to 4/12/21",NT Chief Health Officer,,NTPRACT200,0,3
NT-013,NT,Directions for Territory border restrictions,Public Space,People entering the territory,public_space,2021-11-21,2021-11-22,2022-02-18,89.0,False,"A person must not enter the Territory unless the person:
(a) is a resident of the Territory; or
(b) is vaccinated or exempt; or
(c) applies for and is given an exemption under Division 2 (see directions for full list); or
(d) is an aircrew member.
22/11/21 added (e) is entering a hospital in an emergency or for another urgent medical reason
arrives on a flight facilitated by the 18/12/21 added (f) Commonwealth Department of Foreign Affairs and Trade and is entering quarantine;
23/02/22 - amended by No.44 to only apply to ""a person who arrives in the Territory on a flight facilitated by the Commonwealth Department of Foreign Affairs and Trade, other than the following: a) a passenger who is vaccinated or exempt; b) a member of the crew of the facilitated flight""","is under the age of 12 years; or
(c) is a worker to whom my COVID-19 Directions (No. 55) 2021 (or
any subsequent Directions that replace and substantially
correspond to those Directions) apply at a workplace specified in
item 3(c) or 4 of the Schedule to those Directions and the person
has complied with direction 6 of those Directions; or
(d) has a certificate issued by the Commonwealth that certifies that the
person has a permanent or temporary contraindication to all
approved COVID-19 vaccines.","The maximum penalty for failing to comply with a direction is 400 penalty units.
An infringement notice may be given for failing to comply with these Directions with a fine equal to 32 penalty units for an individual and 160 penalty units for a body corporate.","COVID-19 Directions (No. 96) 2021:
Directions for Territory border restrictions
COVID-19 Directions (No. 43) 2022: Revocation of border directions","Stated in directions that it will remain in force while the public health emergency declaration is in force
18/02/22 - revoked by COVID-19 Directions No.43 2022","22/11/21 - No.99 amended No.96 added another exemption clause about entering a hospital in an emergency
31/01/22 - No.131 2021 amended by No.35 2022. Removed the high risk place clause and some others. Refer to directions for further detail.
18/02/22 revoked by COVID-19 Directions No.43 2022 for everything except a passenger (but not a member of the crew) who enters the Territory on a flight facilitated by the Commonwealth Department of Foreign Affairs and Trade.
23/02/22 - amended by No.44 ""a person who arrives in the Territory on a flight facilitated by the Commonwealth Department of Foreign Affairs and Trade, other than the following: a) a passenger who is vaccinated or exempt; b) a member of the crew of the facilitated flight""",NT Chief Health Officer,,NTPISTT100,0,2
NT-014,NT,"Directions requiring evidence of vaccination or exemption for places, businesses, activities, services and premises",Public Space,"1 Premises that sell liquor for consumption; 
2 A cinema, theatre, concert hall, music hall, dance hall etc; 3 A casino; 4 A business that holds a gaming machine licence
5 Any place or premises that:
(a) conducts an event or public gathering that is ticketed; and (b) is expected to have more than 500 people in attendance; and
(c) is located in any of the following places:
(i) Municipality of Darwin; (ii) Darwin Waterfront Precinct;(iii) Municipality of Palmerston; (iv) Municipality of Litchfield; (v) Town of Katherine; (vi) Town of Tennant Creek; (vii) Town of Alice Springs.
6 Any place or premises that:
(a) conducts an event or public gathering that is ticketed or open to the public; and
(b) is expected to have more than 100 people in attendance; and
(c) is not located in any of the places specified in item 5(c).",public_space,2022-01-10,2022-01-10,2022-04-04,84.0,False,"Must be fully vaccinated (2 doses) to enter
Must provide evidence of both doses","Premises used exclusively for exercise
People under 16 years of age
29/03/22 - added ""(b) a person aged 16 years or older entering a place, business or premises or beginning an activity or service in connection with the person's middle or secondary school education."" and
""to a person entering a place, business or premises or beginning an activity or service listed in the Schedule that is used for exercise or for sport if the person is: (a) participating in sport or exercise or observing sport; and (b) not purchasing liquor for consumption.","a person in authority may request and collect immunisation information and destroy that evidence no later than 48 hours afterwards, ensure any copy of the evidence or certificate is secured against access by any person for any other purposes and ensure that any copy of the evidence or certificate given to the person is not disclosed
The maximum penalty for failing to comply with a direction is 400 penalty units.
An infringement notice may be given for failing to comply with these Directions with a fine equal to 32 penalty units for an individual and 160 penalty units for a body corporate.","COVID-19 Directions (No. 08) 2022:
Directions requiring evidence of vaccination or exemption for places, businesses, activities, services and premises
COVID-19 Directions (No. 14) 2022:
Amendment of COVID-19 Directions (No. 8) 2022
COVID-19 Directions (No. 57) 2022:
Revocation of COVID-19 Directions (No. 08) 2021","Stated in directions that it will remain in force while the public health emergency declaration is in force
04/04/22 - revoked by COVID-19 Directions No.47 2022","No.14 amended No.08 by adding a clause that allows people to collect and pay for food or beverages for consumption away from place, business or premises 
29/03/22 - No. 55 amended No.08 by adding some more exemptions
04/04/22 - revoked by COVID-19 Directions No.47 2022",NT Chief Health Officer,,NTPVAET100,0,2
NT-015,NT,Directions for lock in areas,Public Space,People in lock in areas,public_space,2022-01-30,2022-01-30,2022-06-15,136.0,False,A person must not exit a lock-in area,"Official Duties:
- Authorised officers.
- Persons performing functions under the Act or the Notifiable Diseases Act 1981.
- Essential workers who are vaccinated or have a contraindication to vaccination.
- Freight workers.
Medical and Health-related Reasons:
- Infected individuals needing to isolate.
- Persons suspected of having COVID-19 needing testing or assessment.
- Persons receiving medical treatment, testing, or vaccination related to COVID-19.
Legal and Administrative Purposes:
- Persons required to leave by law.
- Persons involved in justice system activities (e.g., attending court, police stations).
Essential Services:
- Obtaining goods or services from essential workers.
- Depositing waste when there's no local waste collection service.
Personal and Family Support:
- Providing care or support to family members or others unable to care for themselves.
- Childcare and education-related activities (dropping off/collecting children, attending school).
- Parents or guardians taking children to other parents or guardians.
Check directions for more detail
4/03/22 - added ""An Aboriginal person who leads or conducts cultural rituals or ceremonies is an essential worker for these Directions.""","The maximum penalty for failing to comply with a direction is 400 penalty units.
An infringement notice may be given for failing to comply with these Directions with a fine equal to 32 penalty units for an individual and 160 penalty units for a body corporate.","COVID-19 Directions (No. 33) 2022:
Directions for lock-in areas","Stated in directions that it will remain in force while the public health emergency declaration is in force

Revoked by COVID-19 Directions (No. 1) 2022: Revocation of various directions","4/02/2022 - No. 39 amended No.33 by adding in some more exemption clauses
4/03/22 - No. 48 amended No. 33 by adding ""An Aboriginal person who leads or conducts cultural rituals or ceremonies is an essential worker for these Directions.""",NT Chief Health Officer,,NTPPORT500,0,4
NT-016,NT,Directions for maritime crew,Employment,Maritime crew on commercial vessels,other,2022-02-03,2022-02-03,2022-02-18,15.0,False,Crew members must be vaccinated and quarantine,"A crew member who is not vaccinated or exempt may apply for an
exemption to enter the Territory if the crew member is any of the
following:
(a) a crew member who is entering the Territory to begin residence in
the Territory;
(b) a crew member escaping domestic violence;
(c) active Australian military personnel required to assist the Territory
or required to enter the Territory while performing their official
duties;
(d) a specialist coming to the Territory to provide services for the
continuity of industry or business and the maintenance of
competitive operations if:
(i) the specialist's skills are difficult to obtain in the Territory; and
(ii) the service must be provided without delay; and
(iii) the specialist must be physically present in the Territory to
provide the service;
(e) a crew member coming to the Territory for necessary maintenance
or repair of power, water, communications or other infrastructure
critical to the Territory;
(f) a crew member, other than an abattoir or meat packing worker,
coming to the Territory to provide urgent services that are critical
to ensure continuity of the agricultural industry;
(g) a crew member who needs to enter the Territory for a
compassionate purpose.","Must record vaccination details when entering the territory
The maximum penalty for failing to comply with a direction is 400 penalty units.
An infringement notice may be given for failing to comply with these Directions with a fine equal to 32 penalty units for an individual and 160 penalty units for a body corporate.","COVID-19 Directions (No. 37) 2022:
Directions for maritime crew
COVID-19 Directions (No. 43) 2022: Revocation of border directions","Stated in directions that it will remain in force while the public health emergency declaration is in force
18/02/22 - revoked by COVID-19 Directions No.43 2022",,NT Chief Health Officer,,NTEPOW0000,0,4
NT-017,NT,Directions for high risk places,Employment,"Workers at high risk places:
(a) a hospital;
(b) a residential facility
(c) a custodial correctional facility within the meaning of section 11 of the Correctional Services Act 2014;
(d) a detention centre within the meaning of section 5 of the Youth Justice Act 2005;
(e) an aged care facility;
(f) a renal hostel;
(g) a family violence shelter;
(h) a sobering up shelter;
(i) a homeless shelter.","healthcare, aged_care, emergency",2022-03-11,2022-03-11,2022-06-15,96.0,False,"BOOSTER
A worker must not enter or remain on the premises of a high risk place where the worker works unless:
(a) the worker has received at least 3 doses of an approved COVID-19 vaccine; or
(b) the worker has received 2 doses of an approved COVID-19 vaccine but less than 16 weeks has elapsed since the worker received the 2nd dose of an approved COVID-19 vaccine; or
(c) the worker is exempt.","(a) the worker was unable to receive the 3rd dose of an approved COVID-19 vaccine within 16 weeks of receiving the 2nd dose of an approved COVID-19 vaccine because the worker was infected with COVID-19 or was in quarantine; and
(b) in the case of the worker who was infected with COVID-19 – less than 16 weeks have elapsed since last returning a positive result from a COVID-19 testing procedure; and
(c) in the case of the worker who was in quarantine – less than 2 weeks have elapsed since the end of the worker's quarantine period.","The maximum penalty for failing to comply with a direction is 400 penalty units.
An infringement notice may be given for failing to comply with these Directions with a fine equal to 32 penalty units for an individual and 160 penalty units for a body corporate.",COVID-19 Directions (No. 41) 2022: Directions for high risk places,"Stated in directions that it will remain in force while the public health emergency declaration is in force

Revoked by COVID-19 Directions (No. 1) 2022: Revocation of various directions",,NT Chief Health Officer,,NTEALLT2V2,0,3
NT-018,NT,"Directions for additional vaccination requirements for certain
workers to attend the workplace",Employment,"(a) a worker who, during the course of work, is likely to come into contact with a vulnerable person;
(b) a worker whose workplace poses a high risk of infection with COVID-19;
(c) a worker who performs work that is necessary for the operation or maintenance of essential infrastructure or essential logistics in the Territory.",transport,2022-03-13,2022-04-22,2022-06-15,94.0,False,"BOOSTER
A worker must not enter or remain on the premises of the worker's
workplace unless:
(a) the worker has received at least 3 doses of an approved COVID-19 vaccine; or
(ab) (added 21/4/22) (i) 1 dose of a COVID-19 vaccine approved as a single dose vaccine; and (ii) a second dose of an approved COVID-19 vaccine or a recognised COVID-19 vaccine; or
(b) the worker is exempt.
Must provide evidence when asked","(a) is under 18 years of age; or
(b) has a certificate issued by the Commonwealth that certifies that the
person has a permanent or temporary contraindication to every
approved COVID-19 vaccine; or (c) is unable to receive a third ('third' was removed from 21/4/22 onwards) dose of an approved COVID-19 vaccine because:
(i) fewer than 16 weeks have elapsed since:
(A) the person last returned a positive result from a
COVID-19 testing procedure; or
(B) the person received a second dose of an approved
COVID-19 vaccine  ('second' was removed from 21/4/22 onwards) ; or
(ii) in the case of a person who was in quarantine – fewer than
2 weeks have elapsed since the end of the person's
quarantine period; or
(d) has received a recognised COVID-19 vaccine and a third dose of
that vaccine is not required for the vaccine to be effective. (removed 21/4/22)","The maximum penalty for failing to comply with a direction is 400 penalty units.
An infringement notice may be given for failing to comply with these Directions with a fine equal to 32 penalty units for an individual and 160 penalty units for a body corporate.","COVID-19 Directions (No. 52) 2022: Directions for additional vaccination requirements for certain workers to attend the workplace
COVID-19 Directions (No. 60) 2022:
Amendment of COVID-19 Directions (No. 52) 2022","Stated in directions that it will remain in force while the public health emergency declaration is in force

Revoked by COVID-19 Directions (No. 1) 2022: Revocation of various directions",,NT Chief Health Officer,,NTEALLT1V2,0,3
NT-019,NT,Remote Communities,Employment,"all people entering or working in a remote
community",other,,2021-11-12,,,True,"must have their first dose by 12 November and their second dose by 24
December 2021.
From Monday, 15 November 2021, any worker or resident entering a remote community with a first
dose vaccination rate below 70%, from Darwin, Katherine, Alice Springs or interstate will be required
to wear a mask at all times for seven days when in public.",,,,,"Until the 80 per cent vaccination rate for all people aged five years and over can be achieved in remote
communities, this public health measure was introduced.",NT Chief Health Officer,,,1,5
NT-020,NT,Remote Communities,Public Space,"all people entering or working in a remote
community",other,,2021-11-12,,,True,"must have their first dose by 12 November and their second dose by 24
December 2021.
From Monday, 15 November 2021, any worker or resident entering a remote community with a first
dose vaccination rate below 70%, from Darwin, Katherine, Alice Springs or interstate will be required
to wear a mask at all times for seven days when in public.",,,,,"Until the 80 per cent vaccination rate for all people aged five years and over can be achieved in remote
communities, this public health measure was introduced.",NT Chief Health Officer,,,1,5
QLD-001,QLD,COVID-19 Testing and Vaccination Requirements (Contact by Health Workers with Cases) Direction,Employment,"health service employee, Queensland ambulance service employee or contractor
who works in a role that has direct contact with a diagnosed person; or whose normal work location is in an area where diagnosed persons are treated or accommodated excluding emergency departments; or works in a quarantine facility; or who transports a diagnosed person by ambulance or aeromedical services","healthcare, quarantine, transport, emergency",2021-03-31,2021-03-31,2021-05-18,48.0,False,"Receive one dose by 31/03/21 and received a second dose of Pfizer on or around 21/04/21 or a second dose of Astra Zeneca on or around 23/06/21
For new employees: they must receive one dose before starting work and receive a second dose of Pfizzer on or about 3 weeks after their first dose or a second dose of Astra Zeneca on or around 12 weeks after their first dose
Must notify the Health Service Chief Executive or commissioner Queensland Ambulance Service of receiving a vaccination
Must undertake surveillance testing",,"Failure to comply with public health directions
A person to whom a public health direction applies must comply with the direction unless the person has a reasonable excuse.
Maximum penalty–100 penalty units or 6 months imprisonment.",COVID-19 Testing and Vaccination Requirements (Contact by Health Workers with Cases) Direction,revoked by Designated COVID-19 Hospital Network Direction (No. 5).,,Chief Health Officer,,QLDEHCWT100,0,1
QLD-002,QLD,Queensland Health Residential Aged Care Facilities (COVID-19 Vaccination) Direction,Employment,health service employees in Queensland Health residential aged care facilities,aged_care,2021-07-23,2021-09-16,2022-10-31,465,False,"First dose by 16/09/21
Second dose by 31/10/21
Must show evidence of the first dose by 17/09/21 and second dose by 01/11/21","A health service employee who is unable to be vaccinated due to a medical contraindication or shortage of vaccinations may continue to work in a Hospital and Health Service or the Department of Health but must not enter, work in, or provide services in a Queensland Health residential aged care facility.
May enter if the entry, work or services are immediately necessary to provide emergency care to a resident of the facility.
May enter as a personal visitor of a resident of the facility or as a support person for a prospective resident, but must not enter, work in, or provide services as a health service employee, and must comply with all other public health directions applicable to entering a residential aged care facility.
Queensland Chief Health Officer, Deputy Chief Health Officer or delegate may grant an exemption (with or without conditions) to an operator or health service employee or class of employees or operators to respond to a critical workforce shortage. Or if an exemption is appropriate due to:
compassionate grounds or exceptional circumstances; or
the proportion of residents and employees at a facility that are vaccinated.","Failure to comply with public health directions
A person to whom a public health direction applies must comply with the direction unless the person has a reasonable excuse.
Maximum penalty–100 penalty units or 6 months imprisonment.",Queensland Health Residential Aged Care Facilities (COVID-19 Vaccination) Direction,,,Chief Health Officer,,QLDEHCWT400,0,1
QLD-003,QLD,Border Restrictions Direction,Public Space,Entry to QLD - Lockdown (Stay at home) zone,travel,2021-08-12,2021-08-12,2022-01-15,156.0,False,"NOT A MANDATE
A border zone resident who has been in a lockdown (stay at home} zone can't enter Queensland","to obtain food or other essential goods or services for the personal needs of the household or other household purposes, which cannot reasonably be obtained within New South Wales; or
to obtain medical care or supplies or other health care services, including a scheduled COVID-19 vaccination; or
to perform essential work that cannot be done from home, or to provide emergency volunteering;
for children of essential workers and an adult that may transport the child, to attend face to face schooling or to attend a childcare facility, or
to provide assistance, care or support to a family member or to fulfil other caring responsibilities; or
to fulfil an obligation relating to shared parenting or child contact; or
for children under 18 years who do not live in the same household as their biological parents or siblings or one of their parents or siblings, continuing existing arrangements for access to, and contact between, parents and children and siblings; or
in the event of an emergency situation.","Failure to comply with public health directions
A person to whom a public health direction applies must comply with the direction unless the person has a reasonable excuse.
Maximum penalty–100 penalty units or 6 months imprisonment.",Border Restrictions Direction (No. 33),Revoked by Revocation Order - Border restrictions Direction (No. 60) and related directions,,,,QLDPISTT100,0,1
QLD-004,QLD,Border Restrictions Direction,Employment,"Essential worker border zone resident entering QLD
For list of zones see COVID-19 Hotspots and Border Zone Declaration",other,2021-08-18,2021-08-21,2022-01-15,150.0,False,"From 21/08/21, a border zone resident may only enter Queensland to perform essential work or provide emergency volunteering if they have received at least one dose of a COVID-19 vaccine","work performed by a medical practitioner or other prescribed health practitioner that is necessary to prevent serious injury or harm or to prevent a loss of life; or
work performed by an emergency health services or emergency services worker; or
emergency work performed by a national defence, state security or police worker; or
work performed by a freight or logistics operator who is complying with the mandatory COVID-19 testing requirements of the Operational protocol for freight movements entering Queensland; or
work performed by an emergency infrastructure worker; or
work performed by air crew; or
work performed by a disaster management worker related to the prevention or preparation for an imminent disaster or to respond to a disaster; or
emergency volunteering to respond to an emergency or disaster.","Failure to comply with public health directions
A person to whom a public health direction applies must comply with the direction unless the person has a reasonable excuse.
Maximum penalty–100 penalty units or 6 months imprisonment.","Border Restrictions Direction (No. 36)
Border Restrictions Direction (No. 48)",Revoked by Revocation Order - Border restrictions Direction (No. 60) and related directions,,,,QLDEISTT100,0,4
QLD-005,QLD,Border Restrictions Direction,Employment,"Queensland resident who travels to the border zone to perform essential work or to provide emergency volunteering
For list of zones see COVID-19 Hotspots and Border Zone Declaration","emergency, travel",2021-08-18,2021-08-21,2022-01-15,150.0,False,"First dose by 21/08/21 or they'll have to re-enter Queensland by air; and
quarantine
Second dose or have a booking for the second dose by 15/11/21","work performed by a medical practitioner or other prescribed health practitioner that is necessary to prevent serious injury or harm or to prevent a loss of life; or
work performed by an emergency health services or emergency services worker; or
emergency work performed by a national defence, state security or police worker; or
work performed by a freight or logistics operator who is complying with the mandatory COVID-19 testing requirements of the Operational protocol for freight movements entering Queensland; or
work performed by an emergency infrastructure worker; or
work performed by air crew; or
work performed by a disaster management worker related to the prevention or preparation for an imminent disaster or to respond to a disaster; or
emergency volunteering to respond to an emergency or disaster.","Failure to comply with public health directions
A person to whom a public health direction applies must comply with the direction unless the person has a reasonable excuse.
Maximum penalty–100 penalty units or 6 months imprisonment.","Border Restrictions Direction (No. 36)
Border Restrictions Direction (No. 48)",Revoked by Revocation Order - Border restrictions Direction (No. 60) and related directions,,,,QLDEISTT200,0,4
QLD-006,QLD,Public Health and Social Measures linked to vaccination status Direction,Employment,"staff in business, activity or undertaking  venues including certain hospitality venues; indoor and outdoor entertainment venues; festivals; Government owned Galleries, Museums and Libraries; Vulnerable Settings like prisons and youth detention centres; Wedding ceremonies and receptions; Private hire of a venue; Residential facilities
See the direction for more specifics","healthcare, public_service, public_space",2021-09-07,2021-12-17,2022-04-14,219.0,False,"From 17/12/21 staff who enter, work in or provide services at a business, activity or undertaking where vaccination is a requirement of entry must provide proof of vaccination","Unvaccinated people must provide evidence of a medical contraindication prior to entering the business, activity or undertaking or prior to being served or upon request
are unvaccinated and are entering the business, activity or undertaking for the sole purpose of obtaining a COVID-19 vaccination at a vaccination centre","Operators must ensure that staff who are unvaccinated are not permitted to enter, work in or provide services at the business, activity or undertaking
Failure to comply with public health directions
A person to whom a public health direction applies must comply with the direction unless the person has a reasonable excuse.
Maximum penalty–100 penalty units or 6 months imprisonment.",Public Health and Social Measures linked to vaccination status Direction,revoked by Revocation of Public Health and Social Measures linked to vaccination status Direction (No. 4),"24/12/21: superseded by Public Health and Social Measures linked to vaccination status Direction (No. 2)
08/02/22: superseded by Public Health and Social Measures linked to vaccination status Direction (No. 3)
04/03/22: superseded by Public Health and Social Measures linked to vaccination status Direction (No. 4)
14/04/22: revoked by Revocation of Public Health and Social Measures linked to vaccination status Direction (No. 4)",Chief Health Officer,News articles,QLDEVAET100,0,2
QLD-007,QLD,Public Health and Social Measures linked to vaccination status Direction,Public Space,"visitors in business, activity or undertaking  venues including certain hospitality venues; indoor and outdoor entertainment venues; festivals; Government owned Galleries, Museums and Libraries; Vulnerable Settings like prisons and youth detention centres
See the direction for more specifics","healthcare, public_service, public_space",2021-09-07,2021-12-17,2022-04-14,219.0,False,"From 17/12/21 a visitor aged 16 years of age or over who enters a business, activity or undertaking where vaccination is a requirement of entry must provide proof of vaccination","Unvaccinated people must provide evidence of a medical contraindication prior to entering the business, activity or undertaking or prior to being served or upon request
are unvaccinated and are entering the business, activity or undertaking for the sole purpose of obtaining a COVID-19 vaccination at a vaccination centre","Operators must ensure that staff who are unvaccinated are not permitted to enter, work in or provide services at the business, activity or undertaking
Failure to comply with public health directions
A person to whom a public health direction applies must comply with the direction unless the person has a reasonable excuse.
Maximum penalty–100 penalty units or 6 months imprisonment.",Public Health and Social Measures linked to vaccination status Direction,revoked by Revocation of Public Health and Social Measures linked to vaccination status Direction (No. 4),"24/12/21: superseded by Public Health and Social Measures linked to vaccination status Direction (No. 2)
08/02/22: superseded by Public Health and Social Measures linked to vaccination status Direction (No. 3)
04/03/22: superseded by Public Health and Social Measures linked to vaccination status Direction (No. 4)
14/04/22: revoked by Revocation of Public Health and Social Measures linked to vaccination status Direction (No. 4)",Chief Health Officer,News articles,QLDPVAET100,0,1
QLD-008,QLD,Border Restrictions Direction,Employment,"non-restricted border zone resident may only enter Queensland to perform work or volunteering that cannot reasonably be done from home
For list of zones see COVID-19 Hotspots and Border Zone Declaration",other,2021-09-11,2021-09-11,2022-01-15,126.0,False,"May only enter if they have received the first dose of a COVID-19 vaccine by 11/09/21; and from 15/11/21, have either already received the prescribed number of doses or have a booking to receive the second doses of the COVID-19 vaccine.","work performed by an emergency health services or emergency services worker responding to an emergency in Queensland or the border zone; or
emergency work performed by a national defence, state security or police worker; or
work performed by an emergency infrastructure worker; or
work performed by air crew; or
work performed by a disaster management worker related to the prevention or preparation for an imminent disaster or to respond to a disaster; or
emergency volunteering to respond to an emergency or disaster.","Failure to comply with public health directions
A person to whom a public health direction applies must comply with the direction unless the person has a reasonable excuse.
Maximum penalty–100 penalty units or 6 months imprisonment.","Border Restrictions Direction (No. 41)
Border Restrictions Direction (No. 48)",Revoked by Revocation Order - Border restrictions Direction (No. 60) and related directions,,,,QLDEISTT300,0,4
QLD-009,QLD,Border Restrictions Direction,Employment,"A Queensland resident who travels to the non-restricted border zone to perform work or volunteering that cannot reasonably be done from home
For list of zones see COVID-19 Hotspots and Border Zone Declaration",travel,2021-09-11,2021-09-11,2022-01-15,126.0,False,"May only enter if they have received the first dose of a COVID-19 vaccine by 11/09/21; and from 15/11/21, have either already received the prescribed number of doses or have a booking to receive the second doses of the COVID-19 vaccine.","work performed by an emergency health services or emergency services worker responding to an emergency in Queensland or the border zone; or
emergency work performed by a national defence, state security or police worker; or
work performed by an emergency infrastructure worker; or
work performed by air crew; or
work performed by a disaster management worker related to the prevention or preparation for an imminent disaster or to respond to a disaster; or
emergency volunteering to respond to an emergency or disaster.","Failure to comply with public health directions
A person to whom a public health direction applies must comply with the direction unless the person has a reasonable excuse.
Maximum penalty–100 penalty units or 6 months imprisonment.","Border Restrictions Direction (No. 41)
Border Restrictions Direction (No. 48)",Revoked by Revocation Order - Border restrictions Direction (No. 60) and related directions,,,,QLDEISTT400,0,4
QLD-010,QLD,Human Resources Policy Employee COVID-19 vaccination requirements,Employment,"Health service employees, working in the department or in a Hospital and Health
Service excluding employees of Queensland Ambulance Service. Check Health Employment Directive No.12/21 for more details",healthcare,2021-09-11,2021-09-30,2023-09-25,744.0,False,"First dose by 30/09/21
Second dose by 31/10/21","Where an existing employee is unable to be vaccinated they are required to complete an exemption
application form.
Exemptions will be considered in the following circumstances:
• Where an existing employee has a recognised medical contraindication;
• Where an existing employee has a genuinely held religious belief;
• Where another exceptional circumstance exists.
If an existing employee is granted an exemption, they do not have to comply with clause 3 or 4 of
this Policy for the duration of that exemption","Failure to comply with public health directions
A person to whom a public health direction applies must comply with the direction unless the person has a reasonable excuse.
Maximum penalty–100 penalty units or 6 months imprisonment.","Human Resources Policy Employee COVID-19 vaccination requirements
Health Employment Directive
No. 12/21
Employee COVID-19 vaccination requirements",Repealed,,Queensland Health,,QLDEHCWT3V1,0,4
QLD-011,QLD,"Operational protocol for freight movements entering
Queensland",Employment,Freight and logistics operators entering Queensland from another state or territory in Australia,transport,2021-10-05,2021-10-15,2022-10-31,391,False,"First dose by 15/10/21
Second dose by 15/11/21","freight and logistics operator may enter Queensland in the course of carrying out their duty,
despite not having met the requirement to be vaccinated in paragraph 20 if the person is not able to
access a COVID-19 vaccine to comply with the vaccination requirements because the person has a
recognised medical contraindication","Failure to comply with public health directions
A person to whom a public health direction applies must comply with the direction unless the person has a reasonable excuse.
Maximum penalty–100 penalty units or 6 months imprisonment.",,,,,,,0,5
QLD-012,QLD,Disability Accommodation Services Direction,Employment,students at shared disability accommodation services,aged_care,2021-11-05,2021-11-11,2022-05-12,188.0,False,"a student must not enter, or remain on, the premises of a shared disability accommodation service for the purpose of a placement in connection with an enrolled course of study, unless they are fully vaccinated.
12/03/2022: added booster dose","Unless the person is:
under 16 years of age; or
unable to receive a COVID-19 vaccination because of a medical contraindication; or
is a COVID-19 vaccine trial participant. As this exemption is temporary, the medical certificate must not have expired.
visiting the resident of shared disability accommodation service for one of the following purposes: end of life visit; or in an emergency. 
a parent, carer, guardian or other responsible adult who is accompanying a resident; or
a carer or support person who provides assistance or other caring responsibilities, including advocacy services, to the person who is a resident; or
is permitted to enter as an unvaccinated worker in healthcare under the Workers in a Healthcare Setting (COVID-19 Vaccination Requirements) Direction.","Failure to comply with public health directions
A person to whom a public health direction applies must comply with the direction unless the person has a reasonable excuse.
Maximum penalty–100 penalty units or 6 months imprisonment.",Disability Accommodation Services Direction (No. 25),Disability Accommodation Services Visitor Direction (No. 2) removed student requirements.,"12/03/2022: superseded by Disability Accommodation Services Visitor Direction to add booster dose requirement
13/05/22: Disability Accommodation Services Visitor Direction (No. 2) removed student requirements.",,,QLDEDSWT1V1,0,3
QLD-013,QLD,Residential Aged Care Direction,Employment,students entering a residential aged care facility,aged_care,2021-11-05,2021-11-11,2022-05-12,188.0,False,Fully vaccinated by 11/11/2021,"Medical contraindication
Participation in a COVID-19 Vaccine Trial
May grant an exemption, with or without conditions:
to allow a resident to leave the restricted residential aged care facility on compassionate grounds; or
to facilitate an end of life visit; or
to allow a person or class of persons to enter a restricted residential aged care facility to provide necessary goods or service to a resident that cannot be provided by the facility.","Failure to comply with public health directions
A person to whom a public health direction applies must comply with the direction unless the person has a reasonable excuse.
Maximum penalty–100 penalty units or 6 months imprisonment.",,Residential Aged Care Visitor Direction (No. 2) removed student requirements.,,,,QLDERACT1V1,0,2
QLD-014,QLD,Workers in a healthcare setting (COVID-19 Vaccination Requirements) Direction,Employment,"healthcare workers (including residential aged care facilities)
E.g. services, support and medical treatment provided to a person to support, promote or improve their health and wellbeing and includes:
medical care; and
allied healthcare; and
other healthcare, support services and personal care; and
disability support services.","healthcare, aged_care, transport",2021-11-10,2021-12-15,2022-09-02,296.0,False,"a worker in healthcare has received the prescribed number of doses of a COVID-19 vaccine (including a prescribed booster dose)
and provide proof of vaccination
16/12/2021: added that they must be fully vaccinated (has received the prescribed number of doses of a COVID-19 vaccine and one week has passed) by 23/12/21
12/03/22: changed requirements for residential aged care workers to From 31 March 2022 a person who is 16 years or older who has received a COVID-19 vaccine booster dose during the period from 3 to 6 months after being fully vaccinated, and continues to receive booster doses within the recommended dosing interval.","does not apply to an unvaccinated worker who enters to respond to an emergency; if they are responding to critical workforce shortages; if they are entering in a private capacity; or if they are entering for law enforcement
does not apply to a worker in healthcare who is unable to be vaccinated due to a medical contraindication where the responsible person for the healthcare setting:
assesses the risk to the staff member, other staff, patients, clients and other persons at the healthcare setting; and
determines that the unvaccinated worker may continue to work in the healthcare setting where their work cannot be performed outside the healthcare setting; and
the unvaccinated worker complies with the requirements in the following:
Exempt people must:
comply with the National guide for safe workplaces and other COVID-19 guidance provided by Safe Work Australia for the healthcare setting; and
produce a negative COVID-19 PCR test result before commencing each work shift in a healthcare setting;
and wear PPE as required under an established PPE guideline for the healthcare setting; or
Note: an established PPE guideline may include existing Queensland Health guidelines, existing guidelines used by the healthcare setting or as outlined in the COVID safe plan for the healthcare setting,
where the worker in healthcare is a person to whom the Health Employment Directive 12/21 Employee COVID-19 Vaccination requirements (the HED) or the Residential Aged Care Facilities Direction (No.9) or its successor (the direction) applies, comply with the requirements relating to a medical contraindication or any other exceptions to mandatory vaccination requirements in the HED or the direction.","Failure to comply with public health directions
A person to whom a public health direction applies must comply with the direction unless the person has a reasonable excuse.
Maximum penalty–100 penalty units or 6 months imprisonment.",Workers in a healthcare setting (COVID-19 Vaccination Requirements) Direction,Revoked by Revocation of Workers in a healthcare setting (COVID-19 Vaccination Requirements) Direction (No. 4),"16/12/21: superseded by Workers in a healthcare setting (COVID-19 Vaccination Requirements) Direction (No. 2) which added that workers must be fully vaccinated (has received the prescribed number of doses of a COVID-19 vaccine and one week has passed) by 23/12/21
4/2/22: superseded by Workers in a healthcare setting (COVID-19 Vaccination Requirements) Direction (No. 3)
12/3/22: superseded by Workers in a healthcare setting (COVID-19 Vaccination Requirements) Direction (No. 4) which added a separate section for residential aged care facility workers
2/09/2022: Revoked by Revocation of Workers in a healthcare setting (COVID-19 Vaccination Requirements) Direction (No. 4)",Chief Health Officer,,QLDEHCWT2V1,0,2
QLD-015,QLD,Border Restrictions Direction,Public Space,"Domestic/Interstate travellers arriving in QLD by air entry to Queensland from a covid 19 hotspot
For list of zones see COVID-19 Hotspots and Border Zone Declaration",travel,2021-11-15,2021-11-15,2022-01-15,61.0,False,"is fully vaccinated and obtains a Queensland Border Declaration Pass 
9/12/21 removed: air entry","unless the person is under 16 years of age, or is unable to receive a COVID-19 vaccination because of a recognised medical contraindication and has evidence of a recognised medical contraindication;","Failure to comply with public health directions
A person to whom a public health direction applies must comply with the direction unless the person has a reasonable excuse.
Maximum penalty–100 penalty units or 6 months imprisonment.","Border Restrictions Direction (No. 54)
Superseded - Border Restrictions Direction (No. 56)",Revoked by Revocation Order - Border restrictions Direction (No. 60) and related directions,,,,QLDPISTT200,0,4
QLD-016,QLD,COVID-19 Vaccination Requirements for Workers in a high-risk setting Direction,Employment,"Corrective services facilities, police watch houses and youth detention centres",emergency,2021-12-11,2021-12-17,2022-06-30,201.0,False,"First dose by 17/12/21
Second dose by 23/01/22
Required to show evidence","Medical contraindication
Clinial trials
Responding to critical workforce shortages
Responding to critical support needs
Emergency entry to high risk settings
Entry to high risk settings for law enforcement
See direction for more details","Failure to comply with public health directions
A person to whom a public health direction applies must comply with the direction unless the person has a reasonable excuse.
Maximum penalty–100 penalty units or 6 months imprisonment.",COVID-19 Vaccination Requirements for Workers in a high-risk setting Direction,Revoked by Revocation of COVID-19 Vaccination Requirements for Workers in a high-risk setting Direction (No.2),"04/02/2022: Superseded by COVID-19 Vaccination Requirements for Workers in a high-risk setting Direction (No. 2)
29/06/22: direction removed by Revocation of COVID-19 Vaccination Requirements for Workers in a high-risk setting Direction (No.2)",Chief Health Officer,,QLDECRF00V1,0,3
QLD-017,QLD,COVID-19 Vaccination Requirements for Workers in a high-risk setting Direction,Employment,"areas of an airport that receives interstate or overseas flights:
all indoor areas of an international or interstate terminal; and
outdoor passenger areas such as passenger transport areas including terminal car parks and taxi ranks; and
businesses that are within the airport precinct such as car rental businesses, cafes and hotels.","transport, travel",2021-12-11,2021-12-17,2022-06-30,201.0,False,"First dose by 17/12/21
Second dose by 23/01/22
Required to show evidence","Medical contraindication
Clinial trials
Responding to critical workforce shortages
Responding to critical support needs
Emergency entry to high risk settings
Entry to high risk settings for law enforcement
See direction for more details","Failure to comply with public health directions
A person to whom a public health direction applies must comply with the direction unless the person has a reasonable excuse.
Maximum penalty–100 penalty units or 6 months imprisonment.",COVID-19 Vaccination Requirements for Workers in a high-risk setting Direction,Revoked by Revocation of COVID-19 Vaccination Requirements for Workers in a high-risk setting Direction (No.2),"04/02/2022: Superseded by COVID-19 Vaccination Requirements for Workers in a high-risk setting Direction (No. 2)
29/06/22: direction removed by Revocation of COVID-19 Vaccination Requirements for Workers in a high-risk setting Direction (No.2)",Chief Health Officer,,QLDEVAET200,0,3
QLD-018,QLD,Disability Accommodation Services Direction,Public Space,shared disability accommodation service visitors,"aged_care, public_space",2021-12-11,2021-12-17,2022-06-30,201.0,False,"From 17/12/2021, a person who is unvaccinated, other than a resident, must not enter, or remain at, the shared disability accommodation service
12/03/2022: added booster dose","Unless the person is:
under 16 years of age; or
unable to receive a COVID-19 vaccination because of a medical contraindication; or
is a COVID-19 vaccine trial participant. As this exemption is temporary, the medical certificate must not have expired.
visiting the resident of shared disability accommodation service for one of the following purposes: end of life visit; or in an emergency. 
a parent, carer, guardian or other responsible adult who is accompanying a resident; or
a carer or support person who provides assistance or other caring responsibilities, including advocacy services, to the person who is a resident; or
is permitted to enter as an unvaccinated worker in healthcare under the Workers in a Healthcare Setting (COVID-19 Vaccination Requirements) Direction.","Failure to comply with public health directions
A person to whom a public health direction applies must comply with the direction unless the person has a reasonable excuse.
Maximum penalty–100 penalty units or 6 months imprisonment.",Disability Accommodation Services Direction (No. 26),"revoked by Revocation of the Residential Aged Care Visitor Direction (No.2), Disability Accommodation Services Visitor Direction (No.2), Corrective Services Facility Personal Visitor Entry Direction","Prior to Disability Accommodation Services Direction (No. 26), the directions stated that disability accommodation services were a restricted area for visitors. The only exceptions were for end of life visitors or visitors granted special permission by the operator for the purposes of providing behavioural, emotional or social support to a resident or prospective resident that cannot be delivered by electronic or non-contact means, including advocacy services. While it was not a mandate, ""The operator may require the person to take reasonable steps to reduce the risk of COVID-19 to residents ... or provide evidence of having received at least one dose of a COVID-19 vaccine""
12/03/2022: superseded by Disability Accommodation Services Visitor Direction to add booster dose requirement",,,QLDPDSWT1V1,0,4
QLD-019,QLD,Residential Aged Care Direction,Public Space,residential aged care facility visitors,"aged_care, public_space",2021-12-11,2021-12-17,2022-06-30,201.0,False,"First dose by 17/12/2021
Provide proof of vaccination","Medical contraindication
Participation in a COVID-19 Vaccine Trial
May grant an exemption, with or without conditions:
to allow a resident to leave the restricted residential aged care facility on compassionate grounds; or
to facilitate an end of life visit; or
to allow a person or class of persons to enter a restricted residential aged care facility to provide necessary goods or service to a resident that cannot be provided by the facility.","Failure to comply with public health directions
A person to whom a public health direction applies must comply with the direction unless the person has a reasonable excuse.
Maximum penalty–100 penalty units or 6 months imprisonment.",,"revoked by Revocation of the Residential Aged Care Visitor Direction (No.2), Disability Accommodation Services Visitor Direction (No.2), Corrective Services Facility Personal Visitor Entry Direction",,,,QLDPRACT1V1,0,4
QLD-020,QLD,COVID-19 Vaccination Requirements for Workers in a high-risk setting Direction,Employment,"Early childhood, primary and secondary
educational settings for all Department of Education workers. And identified staff within regional and central offices who are required to be present in a school as part of their work duties",education,2021-12-11,2021-12-17,2022-06-30,201.0,False,"First dose by 17/12/21
Second dose by 23/01/22
Required to show evidence of first dose by 07/01/22
Required to show evidence of second dose by 24/01/22","From 17 December 2021 unvaccinated workers without a qualifying exemption must not enter a high-risk setting unless there is an emergency or permission is granted in accordance with:
a. the requirements of the CHO Direction in relation to Critical Workforce Shortages; or
b. the requirements of the CHO Direction in relation to a Critical Support Need.","Failure to comply with public health directions
A person to whom a public health direction applies must comply with the direction unless the person has a reasonable excuse.
Maximum penalty–100 penalty units or 6 months imprisonment.","COVID-19 Vaccination Requirements for Workers in a high-risk setting Direction
Employment Direction 1/22 — COVID-19 Vaccinations",Revoked by Revocation of COVID-19 Vaccination Requirements for Workers in a high-risk setting Direction (No.2),,"Chief Health Officer
Queensland Department of Education",,QLDEEDUT1V1,0,2
QLD-021,QLD,Border Restrictions Direction,Public Space,NSW restricted border zone residents who has in the preceding 14 days been in the restricted border zone and has not been in a COVID-19 hotspot and Queensland residents entering Queensland after travelling to the restricted border zone,travel,2021-12-30,2021-12-30,2022-01-15,16.0,False,"Must be fully vaccinated and entering for the following purposes to: Comply with a Court or Tribunal order.
Donate blood at a scheduled appointment.
Fulfill statutory care requirements for a child.
Perform essential work or volunteering.
Provide care or support to a family member.
Attend or transport a child to childcare, school, or university.
Maintain contact arrangements for children under 18.
Transport a child of an essential worker to school or childcare.","to obtain essential food, essential goods or essential services for the personal needs of the household; to obtain scheduled medical care or other health care services; to obtain urgent unscheduled medical care or other health services services; to obtain medical supplies; to obtain a scheduled COVID-19 vaccine. All of which cannot reasonably be obtained within NSW. 
To undertake one of the following categories of work or volunteering:
work performed by an emergency services worker responding to an emergency in Queensland; or
emergency work performed by a national defence, state security or police worker; or
work performed by an emergency infrastructure worker; or
work performed by air crew; or
work performed by a disaster management worker related to the prevention or preparation for an imminent disaster or to respond to a disaster; or
emergency volunteering to respond to an emergency or disaster.
to fulfil a Court ordered obligation relating to shared parenting or child contact; or
in the event of an emergency situation.","Failure to comply with public health directions
A person to whom a public health direction applies must comply with the direction unless the person has a reasonable excuse.
Maximum penalty–100 penalty units or 6 months imprisonment.",Border Restrictions Direction (No. 59),Revoked by Revocation Order - Border restrictions Direction (No. 60) and related directions,,,,QLDPISTT300,0,4
QLD-022,QLD,Disability Accommodation Services Visitor Direction,Public Space,"visitor of a resident of a shared disability accommodation service, a person who is entering to volunteer and to a student undertaking a placement at a shared disability accommodation service.","aged_care, public_space",2022-03-12,2022-03-12,2022-06-30,110.0,False,"BOOSTER
Must be fully vaccinated with a booster dose
Visitors must not enter if they are : an international arrival who arrived during the 14 days immediately preceding the proposed time of entry; or a diagnosed person or has recently ended isolation as a diagnosed person, and 7 days have not yet passed between the and the end of isolation; or
has been informed or has become aware they are a close contact of a diagnosed person, unless their quarantine period has ended, and 7 days have passed between the end of quarantine and the proposed time of entry; or
has a temperature equal to or higher than 37.5 degrees or symptoms consistent with COVID-19; or
has undertaken a COVID-19 test and has not yet received the results","does not apply:
for the purpose of an end of life visit for a resident of the shared disability accommodation service and has an exemption under Part 6 for the end of life visit; and
where the visitor, volunteer or student is in isolation or quarantine, or during the post-isolation or post-quarantine periods, is permitted to leave isolation or quarantine under the Isolation of Diagnosed Cases of COVID-19 and Management of Close Contacts Direction (No.5) or its successors
unless the visitor is:
under 16 years of age; or
unable to receive a COVID-19 vaccination because of a medical contraindication and has evidence of a recognised medical contraindication; or
a COVID-19 vaccine trial participant, and receipt of a Therapeutic Goods Administration approved COVID-19 vaccine would impact the validity of the trial. As this exemption is temporary, the medical certificate must not have expired.
entering the premises for an end of life visit for a resident of a shared disability accommodation service; or
Note: Please note that an exemption is not needed for an unvaccinated person entering into a shared disability accommodation service for an end of life visit.
entering the premises to provide support to a resident in an emergency situation; or
maintaining continuity of care to a resident of a shared disability accommodation service, including accompanying a resident or advocacy services that cannot be delivered by electronic or non-contact means.","Failure to comply with public health directions
A person to whom a public health direction applies must comply with the direction unless the person has a reasonable excuse.
Maximum penalty–100 penalty units or 6 months imprisonment.",,"revoked by Revocation of the Residential Aged Care Visitor Direction (No.2), Disability Accommodation Services Visitor Direction (No.2), Corrective Services Facility Personal Visitor Entry Direction",,,,QLDPDSWT1V2,0,4
QLD-023,QLD,Disability Accommodation Services Visitor Direction,Employment,students at shared disability accommodation services,aged_care,2022-03-12,2022-03-12,2022-05-12,61.0,False,"BOOSTER
a student must not enter, or remain on, the premises of a shared disability accommodation service for the purpose of a placement in connection with an enrolled course of study, unless they are fully vaccinated.","Unless the person is:
under 16 years of age; or
unable to receive a COVID-19 vaccination because of a medical contraindication; or
is a COVID-19 vaccine trial participant. As this exemption is temporary, the medical certificate must not have expired.
visiting the resident of shared disability accommodation service for one of the following purposes: end of life visit; or in an emergency. 
a parent, carer, guardian or other responsible adult who is accompanying a resident; or
a carer or support person who provides assistance or other caring responsibilities, including advocacy services, to the person who is a resident; or
is permitted to enter as an unvaccinated worker in healthcare under the Workers in a Healthcare Setting (COVID-19 Vaccination Requirements) Direction.","Failure to comply with public health directions
A person to whom a public health direction applies must comply with the direction unless the person has a reasonable excuse.
Maximum penalty–100 penalty units or 6 months imprisonment.",Disability Accommodation Services Visitor Direction,Disability Accommodation Services Visitor Direction (No. 2) removed student requirements.,13/05/22: Disability Accommodation Services Visitor Direction (No. 2) removed student requirements.,,,QLDEDSWT1V2,0,4
QLD-024,QLD,Hospital Visitor Entry Direction,Public Space,Hospital visitors and volunteers,"healthcare, public_space",2022-03-12,2022-03-12,2022-05-30,79.0,False,"A person who is unvaccinated, other than a patient of the hospital, must not enter, or remain at, a hospital as a visitor of a patient of the hospital or as a volunteer
There are also restrictions on entry for diagnosed or potentially diagnosed persons, close contacts and international arrivals","does not apply:
where the visitor is within the exception for a birthing suite listed in Schedule 1; or
where the visitor is attending at the hospital for the purpose of an end of life visit for a patient of the hospital
or the person is: is under 16 years of age; or
has a medical contraindication; or
is a COVID-19 vaccine trial participant; or
is a parent, carer, guardian or other responsible adult who is accompanying a child or minor that is a patient of the hospital; or a carer or support person who provides assistance or other caring responsibilities, including advocacy services, to the person who is a patient of the hospital;","Failure to comply with public health directions
A person to whom a public health direction applies must comply with the direction unless the person has a reasonable excuse.
Maximum penalty–100 penalty units or 6 months imprisonment.",,Revoked by Revocation of Hospital Visitor Entry Direction (No. 2),13/05/22 - Hospital Visitor Entry Direction (No. 2) superceded Hospital Visitor Entry Direction,,,QLDPHCWT1V1,0,4
QLD-025,QLD,Requirements for Workers at Government Nominated Accommodation Direction,Employment,"facility workers at Government nominated accommodations including Health services or personal care services; Security services; all front and back of house services, including catering, waste management and cleaning services; passenger transport services","transport, public_service",2022-03-28,2022-03-28,2022-08-26,151.0,False,A Facility worker must have received double doses of a COVID-19 vaccine to continue working in Government nominated accommodation,"A facility worker who is unable to receive the primary doses of a COVID-19 vaccine due to a medical contraindication may continue to work in government nominated accommodation but must not work in or enter a designated zone.
The Chief Health Officer, the Deputy Chief Health Officer or their delegate may grant a person an exemption from all or part of these directions on the basis of extreme exceptional circumstances.","Failure to comply with public health directions
A person to whom a public health direction applies must comply with the direction unless the person has a reasonable excuse.
Maximum penalty–100 penalty units or 6 months imprisonment.",,Revoked by Revocation of Requirements for Workers at Government Nominated Accommodation Direction (No.2),,,,QLDEDCJT1V1,0,4
QLD-026,QLD,Corrective Services Facility Personal Visitor Entry Direction,Public Space,personal visitor to a corrective services facility or detention centre.,public_space,2022-04-14,2022-04-14,2022-06-30,77.0,False,"are fully vaccinated; and
provide proof of COVID-19 vaccination prior to entering the corrective services facility or detention centre; and
are not subject to a current restriction on entry under the Quarantine for International Arrivals Direction (No. 22) or its successors; and
are not are not subject to a current restriction on entry under Isolation for Diagnosed Cases of COVID-19 and Management of Close Contacts Direction (No. 6) or its successors.","must not enter or remain at, a corrective services facility or detention centre as a personal visitor unless the person is:
under 16 years of age; or
unable to receive a COVID-19 vaccination because of a medical contraindication and has evidence of a medical contraindication; or
is a COVID-19 vaccine trial participant, and receipt of a Therapeutic Goods Administration approved COVID-19 vaccine would impact the validity of the trial. As this exemption is temporary, the medical certificate must not have expired; or
Note: An unvaccinated personal visitor who is permitted to enter the corrective services facility or detention centre must follow the risk mitigation measures put in place by the corrective services facility or detention centre. For example, this may require wearing a single use-surgical face mask or safely physically distancing from others.
is required to accompany a minor or other person as a parent, guardian, carer or support person to a corrective services facility or detention centre.
Example: a child visiting a parent in prison may be accompanied by an unvaccinated parent or carer, but the unvaccinated parent must wear a face mask at all times during the visit.","Failure to comply with public health directions
A person to whom a public health direction applies must comply with the direction unless the person has a reasonable excuse.
Maximum penalty–100 penalty units or 6 months imprisonment.",,"revoked by Revocation of the Residential Aged Care Visitor Direction (No.2), Disability Accommodation Services Visitor Direction (No.2), Corrective Services Facility Personal Visitor Entry Direction",,,,QLDPCRF00V1,0,4
QLD-027,QLD,COVID-19 Vaccination Requirements for Workers in Residential Aged Care and Disability Accommodation Services Direction,Employment,shared disability accommodation service worker,aged_care,2022-09-02,2022-09-30,2022-10-31,59.0,False,BOOSTER dose by 30/09/22,"Medical contraindication
Participation in a COVID-19 Vaccine Trial
Recent infection with COVID-19
Critical Workforce Shortage
Emergency Entry
Entry in a private capacity
Entry to a healthcare setting for law enforcement
See direction for more details","Failure to comply with public health directions
A person to whom a public health direction applies must comply with the direction unless the person has a reasonable excuse.
Maximum penalty–100 penalty units or 6 months imprisonment.",COVID-19 Vaccination Requirements for Workers in Residential Aged Care and Disability Accommodation Services Direction,Revocation of COVID-19 Vaccination Requirements for Workers in Residential Aged Care and Disability Accommodation Services Direction,31/10/22: revoked by Revocation of COVID-19 Vaccination Requirements for Workers in Residential Aged Care and Disability Accommodation Services Direction,Chief Health Officer,,QLDEDSWT2V1,0,4
QLD-028,QLD,COVID-19 Vaccination Requirements for Workers in Residential Aged Care and Disability Accommodation Services Direction,Employment,residential aged care worker,aged_care,,2022-03-31,2022-10-31,,True,BOOSTER dose by 31/03/22,"Medical contraindication
Participation in a COVID-19 Vaccine Trial
Recent infection with COVID-19
Critical Workforce Shortage
Emergency Entry
Entry in a private capacity
Entry to a healthcare setting for law enforcement
See direction for more details","Failure to comply with public health directions
A person to whom a public health direction applies must comply with the direction unless the person has a reasonable excuse.
Maximum penalty–100 penalty units or 6 months imprisonment.",COVID-19 Vaccination Requirements for Workers in Residential Aged Care and Disability Accommodation Services Direction,Revocation of COVID-19 Vaccination Requirements for Workers in Residential Aged Care and Disability Accommodation Services Direction,"2/09/2022: superseded by COVID-19 Vaccination Requirements for Workers in Residential Aged Care and Disability Accommodation Services Direction which added booster requirement for Disability Accommodation Service workers
31/10/22: revoked by Revocation of COVID-19 Vaccination Requirements for Workers in Residential Aged Care and Disability Accommodation Services Direction",Chief Health Officer,,QLDERACT1V2,0,4
QLD-029,QLD,,Employment,all Queensland Police Service workplaces,emergency,,2021-10-04,2022-10-31,,False,"All police officers and staff members will be required to have their first dose of a COVID-19 vaccine by October 4, 2021 and their second dose by January 23, 2022.",,"Failure to comply with public health directions
A person to whom a public health direction applies must comply with the direction unless the person has a reasonable excuse.
Maximum penalty–100 penalty units or 6 months imprisonment.",,,,,,,0,6
SA-001,SA,"Gatherings, Public Activities, Activities-General and Activities-Associated Directions",Public Space,Gatherings and public events,public_space,2020-03-28,,2022-05-24,787.0,False,"NOT A MANDATE
Various density and mask requirements were put in place for gatherings and public activities. Some places were also prohibited",,,"Emergency Management (Gatherings No 1)(COVID-19) Direction 2020
Emergency Management (Public Activities No 01)(COVID-19) Direction 2020
Emergency Management (Activities General No 01)(COVID-19) Direction 2021 
Emergency Management (Activities Associated Direction No 01)(COVID-19) Direction 2021",Major Emergency declaration ended,,Commissioner of Police/State Co-ordinator,,SAPORG0000,0,6
SA-002,SA,Health Care Setting Workers Vaccination Directions,Employment,workers in Phase 1 health care settings such as public/private hospitals or ambulance services,healthcare,2021-10-07,2021-11-01,2024-07-15,1012.0,False,"First dose by 1/11/21 and the person has evidence of a booking to receive a second dose within one month of the first dose
29/11/22 added: Within 4 weeks of being eligible in accordance with ATAGI guidelines, the person receives or has evidence of a booking to receive a third dose (booster)",Medical exemption or responding to a non-medical emergency or urgent maintenance task,,Emergency Management (Healthcare Setting Workers Vaccination) (COVID-19) Direction 2021,"Addressing Vaccine Preventable Disease: Occupational assessment, screening, and vaccination policy changed COVID-19 from mandatory
to strongly recommended","20/10/21 - Emergency Management (Healthcare Setting Workers Vaccination No 2) (COVID-19) Direction 2021 added requirement for Phase 2 health care workers
8/11/21 - Emergency Management (Healthcare Setting Workers Vaccination No 3) (COVID-19) Direction 2021 added requirement for Phase 3 health care workers
6/01/22: added Emergency Management (Healthcare Setting Workers Vaccination No 5) (COVID-19) Direction 2022 booster dose requirement
28/01/21 Emergency Management (Healthcare Setting Workers Vaccination No 6) (COVID-19) Direction 2022: Changed to allow booster shot to be winthin 4 months of their second dose or within 4 months of their first positive COVID-19 test whichever is later
14/10/22 - Direction expired due to s90E(1)(a) of the SA Public Health Act 2011
Superseded by Addressing Vaccine Preventable Disease: Occupational assessment, screening, and vaccination policy 18/11/22; lifted 15 July 24",Commissioner of Police/State Co-ordinator,,SAEHCWT1V1,0,1
SA-003,SA,Health Care Setting Workers Vaccination Directions,Employment,"workers in Phase 2 health care settings such as primary community healthcare facilities; pharmacies; specialist outpatient facilities; private pathology and radiology centres; defence health settings; facilities for the collection, manufacture and distribution of blood and biological products; Aboriginal community controlled health services; Department for Health and wellbeing locations and the Commission on Execellence and Innovation in Health and Wellbeing SA locations",healthcare,2021-10-20,2021-11-08,2024-07-15,999.0,False,"First dose by 08/11/21 and the person has evidence of a booking to receive a second dose within the interval after the first dose recommended by ATAGI
29/11/22 added: Within 4 weeks of being eligible in accordance with ATAGI guidelines, the person receives or has evidence of a booking to receive a third dose (booster)",Medical exemption or responding to a non-medical emergency or urgent maintenance task,,Emergency Management (Healthcare Setting Workers Vaccination No 2) (COVID-19) Direction 2021,"Addressing Vaccine Preventable Disease: Occupational assessment, screening, and vaccination policy changed COVID-19 from mandatory
to strongly recommended","8/11/21 - Emergency Management (Healthcase Setting Workers Vaccination No 3) (COVID-19) Direction 2021 added requirement for Phase 3 health care workers
6/01/22: added Emergency Management (Healthcase Setting Workers Vaccination No 5) (COVID-19) Direction 2022 booster dose requirement
28/01/21 Emergency Management (Healthcase Setting Workers Vaccination No 6) (COVID-19) Direction 2022: Changed to allow booster shot to be winthin 4 months of their second dose or within 4 months of their first positive COVID-19 test whichever is later
14/10/22 - Direction expired due to s90E(1)(a) of the SA Public Health Act 2011
Superseded by Addressing Vaccine Preventable Disease: Occupational assessment, screening, and vaccination policy 18/11/22; lifted 15 July 24",Commissioner of Police/State Co-ordinator,,SAEHCWT2V1,0,3
SA-004,SA,South Australia Police Workers Vaccination Directions,Employment,police workers,emergency,2021-10-26,2021-11-15,2022-03-07,132.0,False,First dose by 15/11/22 and the person has evidence of a booking to receive a second dose within the interval after the first dose recommended by ATAGI,Medical exemption,,Emergency Management (South Australia Police Workers Vaccination) (COVID-19) Direction 2021,Removed by Emergency Management (Education and Early Childhood Settings and Passenger Transport Vaccination) (COVID-19) (Revocation) Direction 2025,,Commissioner of Police/State Co-ordinator,,SAEPOL0000,0,2
SA-005,SA,Health Care Setting Workers Vaccination Directions,Employment,BOOSTER Phase 3 health care setting workers - any setting where chiropractic therapy or osteopathy are provided,healthcare,2021-11-08,2022-01-29,2024-07-15,980.0,False,"Within 4 weeks of being eligible in accordance with ATAGI guidelines, the person receives or has evidence of a booking to receive a third dose (booster)
28/01/21: Changed to allow booster shot to be winthin 4 months of their second dose or within 4 months of their first positive COVID-19 test whichever is later",Medical exemption or responding to a non-medical emergency or urgent maintenance task,,Emergency Management (Healthcare Setting Workers Vaccination No 5) (COVID-19) Direction 2021,"Addressing Vaccine Preventable Disease: Occupational assessment, screening, and vaccination policy changed COVID-19 from mandatory
to strongly recommended","28/01/21 Emergency Management (Healthcase Setting Workers Vaccination No 6) (COVID-19) Direction 2022: Changed to allow booster shot to be winthin 4 months of their second dose or within 4 months of their first positive COVID-19 test whichever is later
14/10/22 - Direction expired due to s90E(1)(a) of the SA Public Health Act 2011
Superseded by Addressing Vaccine Preventable Disease: Occupational assessment, screening, and vaccination policy 18/11/22; lifted 15 July 24",Commissioner of Police/State Co-ordinator,,SAEHCWT3V2,0,3
SA-006,SA,In-home and Community Aged Care and Disability Workers Vaccination Directions,Employment,In-home and Community Aged Care and Disability Workers,aged_care,2021-11-08,2021-11-30,,,False,"First dose by 30/11/21 and the person has evidence of a booking to receive a second dose within the interval after the first dose recommended by ATAGI
Added 07/01/22: From 29/01/22, the person must receive or has evidence of a booking to receive a third dose (booster) within 4 weeks of being eligible in accordance with ATAGI guidelines",Medical exemption,,Emergency Management (In-home and Community Aged Care and Disability Workers Vaccination) (COVID-19) Direction 2021,,"07/01/22 - Emergency Management (In-home and Community Aged Care and Disability Workers Vaccination No 3) (COVID-19) Direction 2022 added booster dose
28/01/21 - Emergency Management (In-home and Community Aged Care and Disability Workers Vaccination No 4) (COVID-19) Direction 2021 changed to allow booster shot to be winthin 4 months of their second dose or within 4 months of their first positive COVID-19 test whichever is later",Commissioner of Police/State Co-ordinator,,SAEDSWT1V1,1,2
SA-007,SA,,,,other,2021-11-08,2021-12-06,,,False,Need to have two doses in order to enter a RACF from 6/12/21,,,,,,,,,1,5
SA-008,SA,Education and Early Childhood Settings Vaccination Directions,Employment,Workers in education and early childhood settings,education,2021-11-16,2021-12-11,2022-03-31,135.0,False,First dose by 11/12/21 and the person has evidence of a booking to receive a second dose within the interval after the first dose recommended by ATAGI,Medical exemption or responding to an emergency or urgent maintenance task or devlivering goods to or removing items from the education and early childhood setting,,Emergency Management (Education and Early Childhood Settings Vaccination) (COVID-19) Direction 2021,Removed by Emergency Management (Education and Early Childhood Settings and Passenger Transport Vaccination) (COVID-19) (Revocation) Direction 2022,08/12/2021 - revoked by Emergency Management (Education and Early Childhood Settings Vaccination No 2) but there were no changes to the mandate,Commissioner of Police/State Co-ordinator,Media release by SA Department of Education,SAEEDU0000,0,2
SA-009,SA,Passenger Transport Vaccination Directions,Employment,point to point drivers involving transport of passengers to or from an airport,transport,2021-11-22,2021-11-25,2022-03-31,129.0,False,First dose by 13/02/22 and the person has evidence of a booking to receive a second dose within the interval after the first dose recommended by ATAGI,Medical exemption,,Emergency Management (Passenger Transport Vaccination) (COVID-19) Direction 2021,Removed by Emergency Management (Education and Early Childhood Settings and Passenger Transport Vaccination) (COVID-19) (Revocation) Direction 2022,,Commissioner of Police/State Co-ordinator,,SAETFLT1V1,0,4
SA-010,SA,Passenger Transport Vaccination Directions,Employment,passenger transport driver involving transport of passengers to or from an airport,transport,2021-11-22,2021-12-12,2022-03-31,129.0,False,First dose by 12/12/22 and the person has evidence of a booking to receive a second dose within the interval after the first dose recommended by ATAGI,Medical exemption,,Emergency Management (Passenger Transport Vaccination) (COVID-19) Direction 2021,Removed by Emergency Management (Education and Early Childhood Settings and Passenger Transport Vaccination) (COVID-19) (Revocation) Direction 2023,,Commissioner of Police/State Co-ordinator,,SAETFLT2V1,0,4
SA-011,SA,Passenger Transport Vaccination Directions,Employment,passenger transport driver not involving transport of passengers to or from an airport,transport,2021-11-22,2021-12-20,2022-03-31,129.0,False,First dose by 20/12/22 and the person has evidence of a booking to receive a second dose within the interval after the first dose recommended by ATAGI,Medical exemption,,Emergency Management (Passenger Transport Vaccination) (COVID-19) Direction 2021,Removed by Emergency Management (Education and Early Childhood Settings and Passenger Transport Vaccination) (COVID-19) (Revocation) Direction 2024,,Commissioner of Police/State Co-ordinator,,SAETFLT3V1,0,4
SA-012,SA,Forensic Science SA Vaccination Directions,Employment,Forensic Science SA employees working in Forensic Sceince SA facilities,other,2021-12-15,2021-12-20,2022-05-24,160.0,False,"First dose by 20/12/21 and the person has evidence of a booking to receive a second dose within the interval after the first dose recommended by ATAGI
Added 14/01/22: within 4 weeks of being eligible in accordance with ATAGI guidelines, the person receives or has evidence of a booking to receive a third dose (booster)",Has an approved medical exemption,,Emergency Management (Forensic Science SA Vaccination) (COVID-19) Direction 2021,Removed by Emergency Management (Revocation of Certain Directions No 2) (COVID-19) Direction 2022,"13/01/22: Emergency Management (Forensic Science SA Vaccination No 2) (COVID-19) Direction 2022 added booster dose requirement
29/01/22: 13/01/22: Emergency Management (Forensic Science SA Vaccination No 3) (COVID-19) Direction 2022. No changes to the vaccine mandate",Commissioner of Police/State Co-ordinator,,SAEOTHT1V1,0,4
SA-013,SA,Forensic Science SA Vaccination Directions,Public Space,People entering Forensic Sceince SA facilities,public_space,2021-12-15,2021-12-20,2022-05-24,160.0,False,First dose by 20/12/21 and the person has evidence of a booking to receive a second dose within the interval after the first dose recommended by ATAGI,Has an approved medical exemption or is less than 12 years and 2 months of age,,Emergency Management (Forensic Science SA Vaccination) (COVID-19) Direction 2021,Removed by Emergency Management (Revocation of Certain Directions No 2) (COVID-19) Direction 2022,,Commissioner of Police/State Co-ordinator,,SAPOTHT100,0,4
SA-014,SA,Health Care Setting Workers Vaccination Directions,Employment,Phase 3 health care setting workers - any setting where chiropractic therapy or osteopathy are provided,healthcare,2022-01-06,2021-12-06,2024-07-15,921.0,False,"First dose by 06/12/21 and the person has evidence of a booking to receive a second dose within the interval after the first dose recommended by ATAGI
29/11/22 added: Within 4 weeks of being eligible in accordance with ATAGI guidelines, the person receives or has evidence of a booking to receive a third dose (booster)",Medical exemption or responding to a non-medical emergency or urgent maintenance task,,Emergency Management (Healthcare Setting Workers Vaccination No 3) (COVID-19) Direction 2021,"Addressing Vaccine Preventable Disease: Occupational assessment, screening, and vaccination policy changed COVID-19 from mandatory
to strongly recommended","6/01/22: added Emergency Management (Healthcase Setting Workers Vaccination No 5) (COVID-19) Direction 2022 booster dose requirement
28/01/21 Emergency Management (Healthcase Setting Workers Vaccination No 6) (COVID-19) Direction 2022: Changed to allow booster shot to be winthin 4 months of their second dose or within 4 months of their first positive COVID-19 test whichever is later
14/10/22 - Direction expired due to s90E(1)(a) of the SA Public Health Act 2011
Superseded by Addressing Vaccine Preventable Disease: Occupational assessment, screening, and vaccination policy 18/11/22; lifted 15 July 24",Commissioner of Police/State Co-ordinator,,SAEHCWT3V1,0,3
SA-015,SA,Health Care Setting Workers Vaccination Directions,Employment,BOOSTER workers in Phase 1 health care settings such as public/private hospitals or ambulance services,healthcare,2022-01-06,2022-01-29,2024-07-15,921.0,False,"Within 4 weeks of being eligible in accordance with ATAGI guidelines, the person receives or has evidence of a booking to receive a third dose (booster)
28/01/21: Changed to allow booster shot to be winthin 4 months of their second dose or within 4 months of their first positive COVID-19 test whichever is later",Medical exemption or responding to a non-medical emergency or urgent maintenance task,,Emergency Management (Healthcare Setting Workers Vaccination No 5) (COVID-19) Direction 2021,"Addressing Vaccine Preventable Disease: Occupational assessment, screening, and vaccination policy changed COVID-19 from mandatory
to strongly recommended","28/01/21 Emergency Management (Healthcase Setting Workers Vaccination No 6) (COVID-19) Direction 2022: Changed to allow booster shot to be winthin 4 months of their second dose or within 4 months of their first positive COVID-19 test whichever is later
14/10/22 - Direction expired due to s90E(1)(a) of the SA Public Health Act 2011
Superseded by Addressing Vaccine Preventable Disease: Occupational assessment, screening, and vaccination policy 18/11/22; lifted 15 July 24",Commissioner of Police/State Co-ordinator,,SAEHCWT1V2,0,3
SA-016,SA,Health Care Setting Workers Vaccination Directions,Employment,"BOOSTER workers in Phase 2 health care settings such as primary community healthcare facilities; pharmacise; specialist outpatient facilities; private pathology and radiology centres; defence healht setttings; facilities for the collection, manufacture and distribution of blood and biological products; Aboriginal community conrttolled health services; Department for Health and wellbeing locations nad the Commission on Execellence and Innovation in Health and Wellbeing SA locations",healthcare,2022-01-06,2022-01-29,2024-07-15,921.0,False,"Within 4 weeks of being eligible in accordance with ATAGI guidelines, the person receives or has evidence of a booking to receive a third dose (booster)
28/01/21: Changed to allow booster shot to be winthin 4 months of their second dose or within 4 months of their first positive COVID-19 test whichever is later",Medical exemption or responding to a non-medical emergency or urgent maintenance task,,Emergency Management (Healthcare Setting Workers Vaccination No 5) (COVID-19) Direction 2021,"Addressing Vaccine Preventable Disease: Occupational assessment, screening, and vaccination policy changed COVID-19 from mandatory
to strongly recommended","28/01/21 Emergency Management (Healthcase Setting Workers Vaccination No 6) (COVID-19) Direction 2022: Changed to allow booster shot to be winthin 4 months of their second dose or within 4 months of their first positive COVID-19 test whichever is later
14/10/22 - Direction expired due to s90E(1)(a) of the SA Public Health Act 2011
Superseded by Addressing Vaccine Preventable Disease: Occupational assessment, screening, and vaccination policy 18/11/22; lifted 15 July 24",Commissioner of Police/State Co-ordinator,,SAEHCWT2V2,0,3
SA-017,SA,In-home and Community Aged Care and Disability Workers Vaccination Directions,Employment,BOOSTER In-home and Community Aged Care and Disability Workers,aged_care,2022-01-07,2022-01-29,,,False,"From 29/01/22, the person must receive or has evidence of a booking to receive a third dose (booster) within 4 weeks of being eligible in accordance with ATAGI guidelines
28/01/21: Changed to allow booster shot to be winthin 4 months of their second dose or within 4 months of their first positive COVID-19 test whichever is later",Medical exemption,,Emergency Management (In-home and Community Aged Care and Disability Workers Vaccination) (COVID-19) Direction 2021,,28/01/21 - Emergency Management (In-home and Community Aged Care and Disability Workers Vaccination No 4) (COVID-19) Direction 2021 changed to allow booster shot to be winthin 4 months of their second dose or within 4 months of their first positive COVID-19 test whichever is later,Commissioner of Police/State Co-ordinator,,SAEDSWT1V2,1,3
SA-018,SA,Forensic Science SA Vaccination Directions,Employment,BOOSTER Forensic Science SA employees working in Forensic Sceince SA facilities,other,2022-01-14,2022-01-29,2022-05-24,130.0,False,"Within 4 weeks of being eligible in accordance with ATAGI guidelines, the person receives or has evidence of a booking to receive a third dose (booster)",Has an approved medical exemption,,Emergency Management (Forensic Science SA Vaccination) (COVID-19) Direction 2021,Removed by Emergency Management (Revocation of Certain Directions No 2) (COVID-19) Direction 2022,"13/01/22: Emergency Management (Forensic Science SA Vaccination No 2) (COVID-19) Direction 2022 added booster dose requirement
14/01/22: 13/01/22: Emergency Management (Forensic Science SA Vaccination No 3) (COVID-19) Direction 2022. No changes to the vaccine mandate",Commissioner of Police/State Co-ordinator,,SAEOTHT1V2,0,4
SA-019,SA,Metropolitan Fire Service Workers Vaccination Directions,Employment,Metropolitan Fire Service Workers,emergency,2022-02-01,2022-02-13,2022-05-23,111.0,False,"First dose by 13/02/22 and the person has evidence of a booking to receive a second dose within the interval after the first dose recommended by ATAGI
The person must receive or has evidence of a booking to receive a third dose (booster) winthin 4 months of their second dose or within 4 months of their first positive COVID-19 test whichever is later",Medical exemption,,Emergency Management (Metropolitan Fire Service Workers Vaccination) (COVID-19) Direction 2021,Removed by Emergency Management (Metropolitan Fire Service Workers Vaccination) (COVID-19) (Revocation) Direction 2022,,Commissioner of Police/State Co-ordinator,,SAEFEST100,0,3
TAS-001,TAS,Mandatory Vaccination of Certain Workers No.1 to No.11,Employment,Residential aged care facility workers,aged_care,2021-08-13,2021-09-17,2022-04-23,253.0,False,"Must be sufficiently vaccinated by 17/09/21 and provide proof
A person is sufficiently vaccinated if they have received all of the doses of a vaccine for the disease that is necessary for the person to be issued with a vaccination certificate issued by the Australian Immunisation Register
or received at least one dose of a vaccine for the disease and has made a booking to receive, as soon as is reasonably possible, all other required doses
or they have made a booking to receive the first dose of a vaccine for the disease as soon as is reasonably possible, provide evidence of the booking and will receive all the doses","(i) the person -
(A) is unable to be vaccinated against the disease due to a medical contraindication; and
(B) holds a medical certificate that certifies that; and
(C) provides a copy of that document the operator of the residential aged care facility that employs or engages the person or where the person is undertaking a clinical placement or work experience; or
(ii) the person -(A) is ineligible, due to the person's age, to be vaccinated against the disease until a later phase ofthe vaccination program (B) and provides the operator with evidence as to the age of the person;and
(iii) the person is an emergency management worker, who is only present to respond to an emergency (added in Direction no.2)","The operator of a residential aged care facility must take all reasonable steps to -
(i) as soon as is practicable after this direction commences, notify each
person of the obligation on the person to be sufficiently vaccinated by 17 September 2021; and
(ii) on and after 17 September 2021, ensure that a person does not enter,or remain on,the premises of thefacility if the operator is not satisfied that the person - (A) is sufficiently vaccinated; or(e)(B) holds an exemption;
the operator of a residential aged care facility must ensure that -
(i) a copy of each of the following documents is kept and maintained by the facility: (A) each document provided to the operator as evidence of an exemption;
(B) each document provided to the operator as evidence of the vaccination status are provided to the Director of Public hlealth or his or her delegate as soon as possible after the request has been made
If a person does not follow the emergency orders, they may be issued a summons to go to Court. If convicted for breaching emergency orders, they can be fined up to $16,800 or be sentenced to prison for up to six months, or both.",Public Health Act 1997 DIRECTION UNDER SECTION 16 (Mandatory Vaccination of Certain Workers- No.1),Revoked by new directions that removed this employment mandate,"03/09/21 No.1 revoked by No.2 to add more worker groups
10/09/21 No.2 revoked by No.3 to add more worker groups and mask wearing requirements
16/09/21 No.3 revoked by No.4 - no difference in vaccine mandates
24/09/21 No.4 revoked by No.5 - no difference in vaccine mandates
06/10/21 No.5 revoked by No.6 - no difference in vaccine mandates
07/10/21 No.6 revoked by No.7 - no difference in vaccine mandates
03/11/21 No.7 revoked by No.8 to add new worker groups
11/11/21 No.8 revoked by No.9 to add new worker group
26/11/21 No.9 revoked by No.10 - no difference in vaccine mandates
25/02/21 No.10 revoked by No.11- no difference in vaccine mandates
23/04/22 No.11 is revoked by No.12 - removes all groups except workers in medical or health facilities or Department of Health or services/treatment providers",TAS Director of Public Health,"27/08/21 live webinar for Tasmanian residential aged care workers on mandatory COVID-19 vaccination.
A national communication campaign provided information in multiple languages for the diverse workforce. The government directly contacted every aged care provider to discuss their vaccination plans and address any challenges. (Over 2500 calls) Unions were included to promote the importance of vaccination and support workers' decisions. (Dykgraaf et al., 2022)",TASERAC00V1,0,1
TAS-002,TAS,Mandatory Vaccination of Certain Workers No.2 to No.11,Employment,Quarantine site workers,quarantine,2021-09-03,2021-09-17,2022-04-23,232.0,False,"Must be fully vaccinated by 17/09/21 to enter the quarantine site
Must carry evidence of the person's vaccination status
A person is sufficiently vaccinated if they have received all of the doses of a vaccine for the disease that is necessary for the person to be issued with a vaccination certificate issued by the Australian Immunisation Register
or received at least one dose of a vaccine for the disease and has made a booking to receive, as soon as is reasonably possible, all other required doses
or they have made a booking to receive the first dose of a vaccine for the disease as soon as is reasonably possible, provide evidence of the booking and will receive all the doses","other than persons who are only present on the site for as long as is necessary to deliver goods to, or collect goods from, the site
(i) the person -
(A) is unable to be vaccinated against the disease due to a medical contraindication; and
(B) holds a medical certificate that certifies that; and
(C) provides a copy of that document to the relevant supevisor; or
(ii) the person -(A) is ineligible, due to the person's age, to be vaccinated until a later phase ofthe vaccination program (B) and provides the supevisor with evidence as to the age of the person;and
(iii) the person is an emergency management worker, who is only present to respond to an emergency","A relevant supevisor must take all reasonable steps to 
(i) as soon as is practicable after this direction commences, notify each
person of the obligation on the person to be sufficiently vaccinated by 17 September 2021; and
(ii) on and after 17 September 2021, ensure that a person does not enter,or remain on,the premises of thefacility if the supevisor is not satisfied that the person - (A) is sufficiently vaccinated; or(e)(B) holds an exemption;
the relevant supevisor must ensure that -
(i) a copy of each of the following documents is kept and maintained by the facility: (A) each document provided to the operator as evidence of an exemption;
(B) each document provided to the operator as evidence of the vaccination status are provided to the Director of Public hlealth or his or her delegate as soon as possible after the request has been made
If a person does not follow the emergency orders, they may be issued a summons to go to Court. If convicted for breaching emergency orders, they can be fined up to $16,800 or be sentenced to prison for up to six months, or both.",Public Health Act 1997 DIRECTION UNDER SECTION 16 (Mandatory Vaccination of Certain Workers- No.2),Revoked by new directions that removed this employment mandate,"03/09/21 No.2 directions revoked No.1 to add this worker group
10/09/21 No.2 revoked by No.3 to add more worker groups and mask wearing requirements
16/09/21 No.3 revoked by No.4 - no difference in vaccine mandates
24/09/21 No.4 revoked by No.5 - no difference in vaccine mandates
06/10/21 No.5 revoked by No.6 - no difference in vaccine mandates
07/10/21 No.6 revoked by No.7 - no difference in vaccine mandates
03/11/21 No.7 revoked by No.8 to add new worker groups
11/11/21 No.8 revoked by No.9 to add new worker group
26/11/21 No.9 revoked by No.10 - no difference in vaccine mandates
25/02/21 No.10 revoked by No.11- no difference in vaccine mandates
23/04/22 No.11 is revoked by No.12 - removes all groups except workers in medical or health facilities or Department of Health or services/treatment providers",TAS Director of Public Health,,TASEHQWT1V1,0,2
TAS-003,TAS,Mandatory Vaccination of Certain Workers No.2 to No.11,Employment,Quaratine transport service workers,transport,2021-09-03,2021-09-17,2022-04-23,232.0,False,"Must be fully vaccinated by 17/09/21 to provide quarantine transport services
Must carry evidence of the person's vaccination status
A person is sufficiently vaccinated if they have received all of the doses of a vaccine for the disease that is necessary for the person to be issued with a vaccination certificate issued by the Australian Immunisation Register
or received at least one dose of a vaccine for the disease and has made a booking to receive, as soon as is reasonably possible, all other required doses
or they have made a booking to receive the first dose of a vaccine for the disease as soon as is reasonably possible, provide evidence of the booking and will receive all the doses","other than persons who are only present on the site for as long as is necessary to deliver goods to, or collect goods from, the site
(i) the person -
(A) is unable to be vaccinated against the disease due to a medical contraindication; and
(B) holds a medical certificate that certifies that; and
(C) provides a copy of that document to the relevant supevisor; or
(ii) the person -(A) is ineligible, due to the person's age, to be vaccinated until a later phase ofthe vaccination program (B) and provides the supevisor with evidence as to the age of the person;and
(iii) the person is an emergency management worker, who is only present to respond to an emergency","A relevant supevisor must take all reasonable steps to 
(i) as soon as is practicable after this direction commences, notify each
person of the obligation on the person to be sufficiently vaccinated by 17 September 2021; and
(ii) on and after 17 September 2021, ensure that a person does not enter,or remain on,the premises of thefacility if the supevisor is not satisfied that the person - (A) is sufficiently vaccinated; or(e)(B) holds an exemption;
the relevant supevisor must ensure that -
(i) a copy of each of the following documents is kept and maintained by the facility: (A) each document provided to the operator as evidence of an exemption;
(B) each document provided to the operator as evidence of the vaccination status are provided to the Director of Public hlealth or his or her delegate as soon as possible after the request has been made
If a person does not follow the emergency orders, they may be issued a summons to go to Court. If convicted for breaching emergency orders, they can be fined up to $16,800 or be sentenced to prison for up to six months, or both.",Public Health Act 1997 DIRECTION UNDER SECTION 16 (Mandatory Vaccination of Certain Workers- No.2),Revoked by new directions that removed this employment mandate,"03/09/21 No.2 directions revoked No.1 to add this worker group
10/09/21 No.2 revoked by No.3 to add more worker groups and mask wearing requirements
16/09/21 No.3 revoked by No.4 - no difference in vaccine mandates
24/09/21 No.4 revoked by No.5 - no difference in vaccine mandates
06/10/21 No.5 revoked by No.6 - no difference in vaccine mandates
07/10/21 No.6 revoked by No.7 - no difference in vaccine mandates
03/11/21 No.7 revoked by No.8 to add new worker groups
11/11/21 No.8 revoked by No.9 to add new worker group
26/11/21 No.9 revoked by No.10 - no difference in vaccine mandates
25/02/21 No.10 revoked by No.11- no difference in vaccine mandates
23/04/22 No.11 is revoked by No.12 - removes all groups except workers in medical or health facilities or Department of Health or services/treatment providers",TAS Director of Public Health,,TASEHQWT2V1,0,2
TAS-004,TAS,Mandatory Vaccination of Certain Workers No.3 and onwards,Employment,"Medical or health facility workers
Medical service or treatment providers
Department of Health workers",healthcare,2021-09-10,2021-10-31,2022-06-30,293.0,False,"on and from 31 October 2021, a person is not permitted to provide health and medical services or treatments, work at medical or health facilities or work at the Department of Health unless the person is sufficiently vaccinated
Must carry evidence of vaccination status
A person is sufficiently vaccinated if they have received all of the doses of a vaccine for the disease that is necessary for the person to be issued with a vaccination certificate issued by the Australian Immunisation Register
or received at least one dose of a vaccine for the disease and has made a booking to receive, as soon as is reasonably possible, all other required doses
or they have made a booking to receive the first dose of a vaccine for the disease as soon as is reasonably possible, provide evidence of the booking and will receive all the doses","the person -
(i) providing health and medical services or treatments, in an
emergency circumstance, other than as part of their
employment or engagement; or
(ii) being engaged to provide services at a medical or health facility, other than health and medical services or treatments, in response to an emergency at the facility;and
(i) the person -
(A) is unable to be vaccinated against the disease due to a medical contraindication; and
(B) holds a medical certificate that certifies that; and
(C) provides a copy of that document to the relevant supevisor; or
(ii) the person -(A) is ineligible, due to the person's age, to be vaccinated until a later phase ofthe vaccination program (B) and provides the supevisor with evidence as to the age of the person;and
(iii) the person holds an exemption or is a member of a class of persons specified in an exemption
(iV) the person is an emergency management worker, who is only present to respond to an emergency","the relevant supervisor must take all reasonable steps to -
(i) as soon as is practicable after this direction commences, notify the person that the person is required to be sufficiently vaccinated by 31 October 2021 and (ii) on and after 31 October 2021, ensure that the person does not enter, or remain on, the relevant location for the person if the relevant supervisor is not satisfied that the person -
(A) is sufficiently vaccinated against the disease as specified in paragraph (f); or
(B) is not required, under paragraph (g), to be sufficiently vaccinated againstthe disease; and
the relevant supevisor must ensure that -
(i) a copy of each of the following documents is kept and maintained by the facility: (A) each document provided to the operator as evidence of an exemption;
(B) each document provided to the operator as evidence of the vaccination status are provided to the Director of Public hlealth or his or her delegate as soon as possible after the request has been made
If a person does not follow the emergency orders, they may be issued a summons to go to Court. If convicted for breaching emergency orders, they can be fined up to $16,800 or be sentenced to prison for up to six months, or both.",Public Health Act 1997 _x000D_DIRECTION UNDER SECTION 16 (Vaccination requirements for CertainWorkers- No.3),,"03/09/21 No.2 directions revoked No.1 to add worker groups
10/09/21 No.2 revoked by No.3 to add this worker group and mask wearing requirements
16/09/21 No.3 revoked by No.4 - no difference in vaccine mandates
24/09/21 No.4 revoked by No.5. Clarified the policy intent in relation to vaccination requirements for persons working in health care settings and persons employed by the Department of Health; that all contractors working on premises owned or occupied by the Department of Health are required to be sufficiently vaccinated; and the definition of “relevant supervisor” and placed record-keeping obligations on such supervisors.
06/10/21 No.5 revoked by No.6. Added clarity to the definition of medical and health facility to clearly reference blood donation centres and pathology centres and included orthoptist in the list of allied health professionals. 
07/10/21 No.6 revoked by No.7. Clarified that the relevant supervisor for employees of the Department of Health is the Secretary of the Department of Health or his or her delegate. 
03/11/21 No.7 revoked by No.8 to add new worker groups
11/11/21 No.8 revoked by No.9 to add new worker group
26/11/21 No.9 revoked by No.10 - no difference in vaccine mandates
25/02/21 No.10 revoked by No.11- no difference in vaccine mandates
23/04/22 No.11 is revoked by No.12 - removes all groups except workers in medical or health facilities or Department of Health or services/treatment providers
15 July 2022: Risk Management Plan Mitigating Risks of Transmission and Harm from COVID-19 July 2022 continued HCW mandate",TAS Director of Public Health,"state health secretary warned workers they would be sacked
Media releases, Department of Health facebook posts,",TASEHCQT1V1,0,1
TAS-005,TAS,Mandatory Vaccination of Certain Workers No.5 and onwards,Public Space,"People entering relevant locations such as residential aged care facilities, quarantine sites, medical or health facilities, department of health","healthcare, aged_care, quarantine",2021-09-24,2021-09-24,,,False,"Allowed the operator of a relevant location to refuse entry to a person when the person is required to be sufficiently vaccinated under the direction, but the operator is not satisfied that the person is sufficiently vaccinated",,,,,,,,,1,4
TAS-006,TAS,Vaccination Requirements for Certain Workers No.8 to No.11,Employment,Workers who provide high intensity supports to an NDIS participant,transport,2021-11-03,2021-11-21,2022-04-23,171.0,False,"Must be sufficiently vaccinated by 21/11/21
Must carry evidence of vaccination status
A person is sufficiently vaccinated if they have received all of the doses of a vaccine for the disease that is necessary for the person to be issued with a vaccination certificate issued by the Australian Immunisation Register
or received at least one dose of a vaccine for the disease and has made a booking to receive, as soon as is reasonably possible, all other required doses
or they have made a booking to receive the first dose of a vaccine for the disease as soon as is reasonably possible, provide evidence of the booking and will receive all the doses","(i) the person -
(A) is unable to be vaccinated against the disease due to a medical contraindication; and
(B) holds a medical certificate that certifies that; and
(C) provides a copy of that document to the relevant supevisor; or
(ii) the person -(A) is ineligible, due to the person's age, to be vaccinated until a later phase ofthe vaccination program (B) and provides the supevisor with evidence as to the age of the person;and
(iii) the person holds an exemption or is a member of a class of persons specified in an exemption
(iV) the person is an emergency management worker, who is only present to respond to an emergency","the relevant supervisor must take all reasonable steps to -
(i) as soon as is practicable after this direction commences, notify the person that the person is required to be sufficiently vaccinated by 21/11/21 and (ii) on and after 21/11/2, ensure that the person does not enter, or remain on, the relevant location for the person if the relevant supervisor is not satisfied that the person -
(A) is sufficiently vaccinated against the disease as specified in paragraph (f); or
(B) is not required, under paragraph (g), to be sufficiently vaccinated againstthe disease; and
the relevant supevisor must ensure that -
(i) a copy of each of the following documents is kept and maintained by the facility: (A) each document provided to the operator as evidence of an exemption;
(B) each document provided to the operator as evidence of the vaccination status are provided to the Director of Public hlealth or his or her delegate as soon as possible after the request has been made
If a person does not follow the emergency orders, they may be issued a summons to go to Court. If convicted for breaching emergency orders, they can be fined up to $16,800 or be sentenced to prison for up to six months, or both.",Public Health Act 1997 DIRECTION UNDER SECTION 16 (Vaccination requirements for Certain Workers- No.8),Revoked by new directions that removed this employment mandate,"03/09/21 No.2 directions revoked No.1 to add worker groups
10/09/21 No.2 revoked by No.3 to add worker groups and mask wearing requirements
16/09/21 No.3 revoked by No.4 - no difference in vaccine mandates
24/09/21 No.4 revoked by No.5 - no difference in vaccine mandates
06/10/21 No.5 revoked by No.6 - no difference in vaccine mandates
07/10/21 No.6 revoked by No.7 - no difference in vaccine mandates
03/11/21 No.7 revoked by No.8 to add this worker group
11/11/21 No.8 revoked by No.9 to add new worker group
26/11/21 No.9 revoked by No.10 - no difference in vaccine mandates
25/02/21 No.10 revoked by No.11- no difference in vaccine mandates
23/04/22 No.11 is revoked by No.12 - removes all groups except workers in medical or health facilities or Department of Health or services/treatment providers",TAS Director of Public Health,National Disability Services news update,TASEOCTT2V1,0,3
TAS-007,TAS,Vaccination Requirements of Certain Workers No.9 and onwards,Employment,in-home care provider,other,2021-11-11,2021-11-30,2022-04-23,163.0,False,"Must be sufficiently vaccinated by 30/11/21
Must carry evidence of vaccination status
A person is sufficiently vaccinated if they have received all of the doses of a vaccine for the disease that is necessary for the person to be issued with a vaccination certificate issued by the Australian Immunisation Register
or received at least one dose of a vaccine for the disease and has made a booking to receive, as soon as is reasonably possible, all other required doses
or they have made a booking to receive the first dose of a vaccine for the disease as soon as is reasonably possible, provide evidence of the booking and will receive all the doses","(i) the person -
(A) is unable to be vaccinated against the disease due to a medical contraindication; and
(B) holds a medical certificate that certifies that; and
(C) provides a copy of that document to the relevant supevisor; or
(ii) the person -(A) is ineligible, due to the person's age, to be vaccinated until a later phase ofthe vaccination program (B) and provides the supevisor with evidence as to the age of the person;and
(iii) the person holds an exemption or is a member of a class of persons specified in an exemption
(iV) the person is an emergency management worker, who is only present to respond to an emergency","the relevant supervisor must take all reasonable steps to -
(i) as soon as is practicable after this direction commences, notify the person that the person is required to be sufficiently vaccinated by 30/11/21 and (ii) on and after 30/11/21, ensure that the person does not enter, or remain on, the relevant location for the person if the relevant supervisor is not satisfied that the person -
(A) is sufficiently vaccinated against the disease as specified in paragraph (f); or
(B) is not required, under paragraph (g), to be sufficiently vaccinated against the disease; and
the relevant supevisor must ensure that -
(i) a copy of each of the following documents is kept and maintained by the facility: (A) each document provided to the operator as evidence of an exemption;
(B) each document provided to the operator as evidence of the vaccination status are provided to the Director of Public hlealth or his or her delegate as soon as possible after the request has been made
If a person does not follow the emergency orders, they may be issued a summons to go to Court. If convicted for breaching emergency orders, they can be fined up to $16,800 or be sentenced to prison for up to six months, or both.",Public Health Act 1997 DIRECTION UNDER SECTION 16 (Vaccination requirements for Certain Workers- No.9),Revoked by new directions that removed this employment mandate,"03/09/21 No.2 directions revoked No.1 to add worker groups
10/09/21 No.2 revoked by No.3 to add worker groups and mask wearing requirements
16/09/21 No.3 revoked by No.4 - no difference in vaccine mandates
24/09/21 No.4 revoked by No.5 - no difference in vaccine mandates
06/10/21 No.5 revoked by No.6 - no difference in vaccine mandates
07/10/21 No.6 revoked by No.7 - no difference in vaccine mandates
03/11/21 No.7 revoked by No.8 to add worker group
11/11/21 No.8 revoked by No.9 to add this worker group
26/11/21 No.9 revoked by No.10 - no difference in vaccine mandates
25/02/21 No.10 revoked by No.11- no difference in vaccine mandates
23/04/22 No.11 is revoked by No.12 - removes all groups except workers in medical or health facilities or Department of Health or services/treatment providers",TAS Director of Public Health,,TASEOCTT1V1,0,3
TAS-008,TAS,Additional Requirements for certain venues,Public Space,"(A) The premises is operating under an on-licence, or a general licence or a permit granted under
the Liquor Licensing Act 1990; or
(II) more than 250 persons are at an event in an indoor space
of the premises; or
(Ill) more than 500 persons are at an event in an outdoor
space at the premises; and (B) if, at the time the alcohol is being served or offered -
(I) the alcohol is to be consumed on the premises of the venue; and
(II) one or more persons at the premises are likely to consume the alcohol while the persons are not seated at the venue",public_space,2021-12-02,2021-12-06,2022-06-30,210.0,False,"Must be fully vaccinated by 6/12/21 to enter the relevant licensed venue
Must carry evidence of the person's vaccination status","1.the person - (A) is unable to be vaccinated against the disease due to a medical contraindication; and
(B) holds - (I) a medical certificate; or (II) a medical exemption,
2. or the person is ineligible, due to the person's age, to be vaccinated against the disease until a later phase of the vaccination program;
3. or the person - (A) is employed or engaged to work at the premises of the relevant licensed venue; and (B) is entering, or remaining on, the premises before 15 December 2021;
4. or the person is only present on the premises of the relevant licensed venue for the purposes of -
(A) delivering goods to, or collecting goods from, the venue; or (B) providing necessary cleaning services; or (C) undertaking repair, or maintenance, work at the venue; and 
5. the person is only present on the premises ofthe relevant licensed venue for the purpose of providing emergency medical treatment (including transport), emergency management or law enforcement services
Exempt venues for before 10/12/21
(A) a restaurant or cafe where patrons are only served alcohol for consumption while seated; or (B) a premises operated by or on behalf of a charity, a not-for-profit organisation, a sporting or recreational group, or a Government organisation; or
(C) a premises, or part of a premises, that is being used for a private event if (I) the private event is a wedding or funeral,a  reception for a wedding or a gathering before or after a funeral; and (II) the premise, or part of the premises, is closed to members of the public who are not attending the private event
Exempt venues after 10/12/21
(A) a restaurant or cafe where patrons are only served alcohol for consumption while seated; or (B) an entertainmentvenue; or (C) a stadium or arena; or (D) a premises operated by or on behalf of a charity, a not-for-profit organisation, a sporting or recreational group, or a Government organisation; or
(E) a premises that is being used for a private event if the premise, or part of the premises, is closed to members of the public who are not attending the private event","If a person does not follow the emergency orders, they may be issued a summons to go to Court. If convicted for breaching emergency orders, they can be fined up to $16,800 or be sentenced to prison for up to six months, or both.","Public Health Act 1997 DIRECTION UNDER SECTION 16 (Additional requirements for certain venues- No. 1)
Public Health Act 1997 DIRECTION UNDER SECTION 16 (Additional requirements for certain venues- No. 2)",End of Public Health Emergency which removed all Public Health Directions made under the Emergency Declaration,"Directions No.1 revoked by directions No.2 on 10/12/2021 to change the exempt venues
Clarified that the requirement to be fully vaccinated excludes stadiums, arenas, cinemas, concert venues, theatres, auditoriums and private events where the event is not open to members of the public and requires an invitation to attend.",TAS Director of Public Health,,TASPVAE00V1,0,2
TAS-009,TAS,Cruise Ships,Public Space,Cruise ship passengers and cruise services if passengers of the cruise service only embark and disembark the vessel within Tasmania; and the number of passengers on board the vessel at any one time does not exceed 99 persons,public_space,2021-12-09,2021-12-15,2022-06-30,203.0,False,"By 15/12/21 be fully vaccinated; and
receive a negative result from a test for the disease within the 72-
hour period immediately before embarking on the vessel; and have not subsequently received a positive result from a test for the
disease before embarking on the vessel","1. the person is unable to be vaccinated due to a medical contraindication; and
(B) holds - (I) a document that certifies that the person has a medical contraindication that prevents the person from being vaccinated; or (II) a medical exemption, 
2. the person is ineligible, due to the person's age, to be vaccinated against the disease until a later phase of the vaccination program 
3. the person is only present on the vessel for the purposes of providing medical treatment, emergency management or law enforcement; 
4. or the person is only present on the vessel -
(A) due to his or her employment, or engagement, as a pilot; and (B) the person spends less than 24 hours on the vessel as part of that his or her employment or engagement;
5. or the person is only present on the vessel due to his or her employment, or engagement, by the port operator for the port or facility where the vessel is located; or
6. the person is only present on the vessel for the purpose of - (A) undertaking delivery of goods to the vessel; or (B) removing items or refuse from the vessel; or (C) performing cleaning, maintenance or repair on board, or to, the vessel","If a person does not follow the emergency orders, they may be issued a summons to go to Court. If convicted for breaching emergency orders, they can be fined up to $16,800 or be sentenced to prison for up to six months, or both.","Public Health Act 1997 DIRECTION UNDER SECTION 16 (Cruise Ships- No. 1)
Public Health Act 1997 DIRECTION UNDER SECTION 16 (Cruise Ships- No. 2)
Public Health Act 1997 DIRECTION UNDER SECTION 16 (Cruise Ships- No. 3)",End of Public Health Emergency which removed all Public Health Directions made under the Emergency Declaration,"No.2 signed on 14/12/21 to revoke No.1
Removed the section stating:
The operator of a cruise service must not operate the cruise service in State waters if -
(i) passengers of the cruise service embark or disembark the vessel, being used to provide the service, outside of Tasmania; or
(ii) the number of passengers on board the vessel, being used to provide the service, at any one time exceeds 99 persons
No.2 revoked by No.3 on 14/04/2022
Removed ""if passengers of the cruise service only embark and disembark the vessel within Tasmania; and the number of passengers on board the vessel at any one time does not exceed 99 persons"" and added ""a person must not operate a cruise service within Tasmania if the cruise service is not an authorised cruise service""",TAS Director of Public Health,,TASPPOW00V1,0,4
TAS-010,TAS,Residential aged care facilities,Public Space,Access to residential aged care facilities,aged_care,2021-12-10,2021-12-15,2022-06-30,202.0,False,"If the person's presence is for end of life support ;or for a care and support visit to a resident of the residential aged care facility, they must be fully vaccinated; OR (A) undertaken a test for the disease within the 72-hour period immediately before entering the premises; and
(B) received a negative test result in respect of the test for the disease and has not subsequently received a positive test result in respect of the disease; and
added in Direction No.18 (C) undertaken a PCR test for the disease within the 72-hour period immediately before entering the premises; and received a negative test result in respect ofthe PCR test; and not subsequently received a positive test result from a test for
the disease

If the person's presence is for receiving supportor services, or participating in activities, from a business or support service operating on the premises of the residential aged care facility, whether the support, services, they must be fully vaccinated OR hold a medical certificate or medical exemption","do not apply if the person is entering to provide
emergency medical treatment (including transport), emergency management or law enforcement services; and in respect of a person entering the premises
of a residential aged care facility if the person is under the age of 28 days
(i) the person is a resident of the aged care facility; or (ii) the person is an employee or contractor of the residential aged care facility; or
(iii) the person's presence at the premises is for the purposes of providing goods or services in respect of the residential aged care facility; or
(iv) the person's presence at the premises is to provide goods or services to a resident of the residential aged care facility, whether the goods or services are provided for consideration or on a voluntary basis; or","the operator of a residential aged care facility in Tasmania must take all reasonable steps to ensure that a person does not enter, or remain on, the premises ofthe residential aged carefacility if the person is prohibited from doing so
the operator of a residential aged care facility in Tasmania must ensure that all persons who enter, or remain on, the premises of the residential aged care facility have been screened
If a person does not follow the emergency orders, they may be issued a summons to go to Court. If convicted for breaching emergency orders, they can be fined up to $16,800 or be sentenced to prison for up to six months, or both.",Public Health Act 1997 DIRECTION UNDER SECTION 16 (Residential Aged Care Facilities - No.17),End of Public Health Emergency which removed all Public Health Directions made under the Emergency Declaration,"07/04/2020 - first residential aged care directions released
10/12/21 - Direction No.17 included vaccine requirements and revoked No.16
03/01/22 - No.17 revoked by No.18 and included a PCR test requirement, order made by the deputy director instead of director this time
21/01/22 - No.18 revoked by No.19: no change in vaccine requirements and the order is made by the deputy director","TAS Director of Public Health
TAS Deputy Director of Public Health",,TASPRAC00V1,0,3
TAS-011,TAS,Vaccination requirements in relation to Early Childhood Facilities,Employment,non-residential early childhood facility people,education,2021-12-23,2022-01-08,2022-06-30,189.0,False,"First dose by 08/01/22, second dose by 05/02/22
Must carry evidence of vaccination status","if -
(i) the person is a child who is younger than 12years and 2 months or is receiving a service at the facility; or
(ii) the person only enters the facility to drop off or collect a child at the facility
(iii) the person is at the facility to provide maintenance services at the facility; or
(iv) the person is at the facility to supply goods;or (v) the person is a person in relation to whom the facility is the primary residence and the person is not an early childhood worker in relation to the facility; and
(i) the person -
(A) is unable to be vaccinated against the disease due to a medical contraindication; and
(B) holds a medical certificate that certifies that; and
(C) provides a copy of that document to the relevant supevisor; or
(ii) the person -(A) is ineligible, due to the person's age, to be vaccinated until a later phase ofthe vaccination program (B) and provides the supevisor with evidence as to the age of the person;and
(iii) the person holds an exemption or is a member of a class of persons specified in an exemption
(iV) the person is an emergency management worker, who is only present to respond to an emergency","the relevant supervisor must take all reasonable steps to -
(i) as soon as is practicable after this direction commences, notify the person that the person is required to be sufficiently vaccinated by 08/01/21 and (ii) on and after 08/01/21, ensure that the person does not enter, or remain on, the relevant location for the person if the relevant supervisor is not satisfied that the person -
(A) is sufficiently vaccinated against the disease as specified in paragraph (f); or
(B) is not required, under paragraph (g), to be sufficiently vaccinated against the disease; and
the relevant supevisor must ensure that -
(i) a copy of each of the following documents is kept and maintained by the facility: (A) each document provided to the operator as evidence of an exemption;
(B) each document provided to the operator as evidence of the vaccination status are provided to the Director of Public hlealth or his or her delegate as soon as possible after the request has been made
If a person does not follow the emergency orders, they may be issued a summons to go to Court. If convicted for breaching emergency orders, they can be fined up to $16,800 or be sentenced to prison for up to six months, or both.","Public Health Act 1997
DIRECTION UNDER SECTION 16 (Vaccination requirements in relation to Early Childhood Facilities- No.1)",End of Public Health Emergency which removed all Public Health Directions made under the Emergency Declaration,,TAS Director of Public Health,,TASEECF00V1,0,2
TAS-012,TAS,Vaccination requirements in relation to Early Childhood Facilities,Public Space,"early childhood facility workers
childcare workers",education,2021-12-23,2022-01-08,2022-06-30,189.0,False,"First dose by 08/01/22, second dose by 05/02/22
Must carry evidence of vaccination status","if -
(i) the person is a child who is younger than 12years and 2 months or is receiving a service at the facility; or
(ii) the person only enters the facility to drop off or collect a child at the facility
(iii) the person is at the facility to provide gmaintenance services at the facility; or
(iv) the person is at the facility to supply goods;or (v) the person is a person in relation to whom the facility is the primary residence and the person is not an early childhood worker in relation to the facility; and
(i) the person -
(A) is unable to be vaccinated against the disease due to a medical contraindication; and
(B) holds a medical certificate that certifies that; and
(C) provides a copy of that document to the relevant supevisor; or
(ii) the person -(A) is ineligible, due to the person's age, to be vaccinated until a later phase ofthe vaccination program (B) and provides the supevisor with evidence as to the age of the person;and
(iii) the person holds an exemption or is a member of a class of persons specified in an exemption
(iV) the person is an emergency management worker, who is only present to respond to an emergency","the relevant supervisor must take all reasonable steps to -
(i) as soon as is practicable after this direction commences, notify the person that the person is required to be sufficiently vaccinated by 08/01/21 and (ii) on and after 08/01/21, ensure that the person does not enter, or remain on, the relevant location for the person if the relevant supervisor is not satisfied that the person -
(A) is sufficiently vaccinated against the disease as specified in paragraph (f); or
(B) is not required, under paragraph (g), to be sufficiently vaccinated against the disease; and
the relevant supevisor must ensure that -
(i) a copy of each of the following documents is kept and maintained by the facility: (A) each document provided to the operator as evidence of an exemption;
(B) each document provided to the operator as evidence of the vaccination status are provided to the Director of Public hlealth or his or her delegate as soon as possible after the request has been made
If a person does not follow the emergency orders, they may be issued a summons to go to Court. If convicted for breaching emergency orders, they can be fined up to $16,800 or be sentenced to prison for up to six months, or both.","Public Health Act 1997
DIRECTION UNDER SECTION 16 (Vaccination requirements in relation to Early Childhood Facilities- No.1)",End of Public Health Emergency which removed all Public Health Directions made under the Emergency Declaration,,TAS Director of Public Health,,TASPECF00V1,0,3
TAS-013,TAS,Additional vaccination requirements for workers in certain settings,Employment,Residential aged care facility workers,aged_care,2022-03-04,2022-04-01,2022-06-30,118.0,False,"Must be vaccinated by 1/4/22 with at least one booster dose
After 1/4/22, a person is considered vaccinated if they are not eligible, in accordance with the ATAGI recommendations, to receive a booster dose of the vaccine; or are eligible, in accordance with the ATAGI recommendations, to receive a booster dose of the vaccine and receives a booster dose within 4 weeks of becoming eligible","1. (A) unable to be vaccinated against the disease due to a medical contraindication and (B) holds a document that certifies it or (ii) a medical exemption;
2. the person -(A) is fully vaccinated in respect of the disease; and is ineligible to receive a booster dose of a vaccine for the
disease under the vaccination program recognised by the
Director of Public Health or his or her delegate; and
provides his or her relevant supervisor with evidence as to why the person is currently ineligible to receive the booster dose; and receives that booster dose within 4 weeks of the person becoming eligible to receive the booster dose; or 
3. the person -
(A) holds an exemption, or is a member of a class of persons specified in an exemption, from the requirement to be vaccinated against the disease; and
(B) provides a legible copy of the exemption to his or her relevant supervisor; or
4. the person is an emergency management worker who is only
present on the premises fo rthe purpose of responding to an emergency","If a person does not follow the emergency orders, they may be issued a summons to go to Court. If convicted for breaching emergency orders, they can be fined up to $16,800 or be sentenced to prison for up to six months, or both.",Public Health Act 1997 DIRECTION UNDER SECTION 16 (Additional vaccination requirements for workers in certain settings- No.1),End of Public Health Emergency which removed all Public Health Directions made under the Emergency Declaration,"No.1 revoked by no.2 on 11/03/22
Just the Director of Public Health signing the document instead of the Deputy Director and a change in the mandate compliance requirements that take effect on 1/4/22. Clarified that a person complies with the direction if he or she receives a booster dose of a vaccine within four weeks of becoming eligible to receive it. 
No. 2 revoked by no.3 on 29/3/22 with the direction taking effect on 23/4/22
Signed by the Director on 29 March 2022 to change the date from which point a person will need to comply with the requirements of the direction to 23 April 2022.",TAS Director of Public Health,,TASERAC00V3,0,3
TAS-014,TAS,Additional vaccination requirements for workers in certain settings,Employment,In-home care provider,other,2022-03-04,2022-04-01,2022-06-30,118.0,False,"an in-home care provider is not permitted to provide in-home and community aged care services unless the in-home care provider is vaccinated by 1/4/22 with at least one booster dose
After 1/4/22, a person is considered vaccinated if they are not eligible, in accordance with the ATAGI recommendations, to receive a booster dose of the vaccine; or are eligible, in accordance with the ATAGI recommendations, to receive a booster dose of the vaccine and receives a booster dose within 4 weeks of becoming eligible","1. (A) unable to be vaccinated against the disease due to a medical contraindication and (B) holds a document that certifies it or (ii) a medical exemption;
2. the person -(A) is fully vaccinated in respect of the disease; and is ineligible to receive a booster dose of a vaccine for the
disease under the vaccination program recognised by the
Director of Public Health or his or her delegate; and
provides his or her relevant supervisor with evidence as to why the person is currently ineligible to receive the booster dose; and receives that booster dose within 4 weeks of the person becoming eligible to receive the booster dose; or 
3. the person -
(A) holds an exemption, or is a member of a class of persons specified in an exemption, from the requirement to be vaccinated against the disease; and
(B) provides a legible copy of the exemption to his or her relevant supervisor; or
4. the person is an emergency management worker who is only
present on the premises fo rthe purpose of responding to an emergency","If a person does not follow the emergency orders, they may be issued a summons to go to Court. If convicted for breaching emergency orders, they can be fined up to $16,800 or be sentenced to prison for up to six months, or both.","Public Health Act 1997 DIRECTION UNDER SECTION 16 (Additional vaccination requirements for workers in certain settings- No.1, No.2 and No.3)",End of Public Health Emergency which removed all Public Health Directions made under the Emergency Declaration,"No.1 revoked by no.2 on 11/03/22
Just the Director of Public Health signing the document instead of the Deputy Director and a change in the mandate compliance requirements that take effect on 1/4/22. Clarified that a person complies with the direction if he or she receives a booster dose of a vaccine within four weeks of becoming eligible to receive it. 
No. 2 revoked by no.3 on 29/3/22 with the direction taking effect on 23/4/22
Signed by the Director on 29 March 2022 to change the date from which point a person will need to comply with the requirements of the direction to 23 April 2022.",TAS Director of Public Health,,TASEOCTT1V3,0,3
TAS-015,TAS,Additional vaccination requirements for workers in certain settings,Employment,Workers who provide high intensity supports to an NDIS participant,transport,2022-03-04,2022-04-01,2022-06-30,118.0,False,"Must be vaccinated by 1/4/22 with at least one booster dose
After 1/4/22, a person is considered vaccinated if they are not eligible, in accordance with the ATAGI recommendations, to receive a booster dose of the vaccine; or are eligible, in accordance with the ATAGI recommendations, to receive a booster dose of the vaccine and receives a booster dose within 4 weeks of becoming eligible","1. (A) unable to be vaccinated against the disease due to a medical contraindication and (B) holds a document that certifies it or (ii) a medical exemption;
2. the person -(A) is fully vaccinated in respect of the disease; and is ineligible to receive a booster dose of a vaccine for the
disease under the vaccination program recognised by the
Director of Public Health or his or her delegate; and
provides his or her relevant supervisor with evidence as to why the person is currently ineligible to receive the booster dose; and receives that booster dose within 4 weeks of the person becoming eligible to receive the booster dose; or 
3. the person -
(A) holds an exemption, or is a member of a class of persons specified in an exemption, from the requirement to be vaccinated against the disease; and
(B) provides a legible copy of the exemption to his or her relevant supervisor; or
4. the person is an emergency management worker who is only
present on the premises fo rthe purpose of responding to an emergency","If a person does not follow the emergency orders, they may be issued a summons to go to Court. If convicted for breaching emergency orders, they can be fined up to $16,800 or be sentenced to prison for up to six months, or both.","Public Health Act 1997 DIRECTION UNDER SECTION 16 (Additional vaccination requirements for workers in certain settings- No.1, No.2 and No.3)",End of Public Health Emergency which removed all Public Health Directions made under the Emergency Declaration,"No.1 revoked by no.2 on 11/03/22
Just the Director of Public Health signing the document instead of the Deputy Director and a change in the mandate compliance requirements that take effect on 1/4/22. Clarified that a person complies with the direction if he or she receives a booster dose of a vaccine within four weeks of becoming eligible to receive it. 
No. 2 revoked by no.3 on 29/3/22 with the direction taking effect on 23/4/22
Signed by the Director on 29 March 2022 to change the date from which point a person will need to comply with the requirements of the direction to 23 April 2022.",TAS Director of Public Health,National Disability Services news update,TASEOCTT2V3,0,3
TAS-016,TAS,,Employment,all public sector workers,other,,2021-12-15,2022-06-30,,False,Ministerial staff must provide proof of vaccination by December 15 while other departments may have later due dates throughout January and February.,staff unable to provide proof of vaccination by the due date will be “worked with on an individual basis” with only a “few exceptions”.,"""Non-compliance could lead to termination,” Mr Gutwein said.",,,,,,TASEALL0000,0,4
VIC-001,VIC,COVID-19 Mandatory Vaccination Directions,Employment,residential aged care facilities,aged_care,2021-09-17,2021-10-01,2022-10-12,390.0,False,"First dose by 1/10/21
Second dose by 15/11/21

Between 17/09-30/09, unvaccinated must wear masks
Relevant date: From 30/09, workers must provide the operator with vaccination status and booking information","(a) a worker that is required to perform work or duties at the work premises that are necessary to provide for urgent specialist clinical or medical care at the work premises due to an emergency situation or a critical unforeseen circumstance; or (b) a worker that is deployed to fill a vacancy to provide urgent care, to maintain quality of care and/or continue essential operations at the work premises due to an emergency situation or a critical unforeseen circumstance; or (c) a worker who is required to attend the premises to respond to an emergency at the work premises; or (d) a worker who is required to perform urgent and essential work at the work premises to protect the health and safety of workers or members of the public, or to protect assets and infrastructure.","An operator of a residential aged care facility must request, collect and store information about workers' vaccination statuses and whether bookings have been made to receive partial and full vaccines
A person must not refuse or fail to comply with a direction given to the person, or a requirement made of the person, in the exercise of a power under an authorisation given under section 199.
In the case of a natural person, 120 penalty units; In the case of a body corporate, 600 penalty units.
(2) A person is not guilty of an offence against subsection (1) if the person had a reasonable excuse for refusing or failing to comply with the direction or requirement.","COVID-19 Mandatory Vaccination Directions (No 2)
COVID-19 Mandatory Vaccination (Specified Facilities)
Directions (No 10)",Pandemic (Workplace) Order 2022 (No. 10) expired,"12/01/22 - Pandemic COVID-19 Mandatory Vaccination (Specified Facilities) Order 2022 (No. 2) introduced booster doses
04/02/22 - Pandemic COVID-19 Mandatory Vaccination (Specified Facilities) Order 2022 (No. 4) added ""A worker who was unable to become fully vaccinated (boosted) before their booster deadline due to being in self-quarantine or self-isolation may attend the premises of a specified facility if they
have a booking to receive a booster vaccine within a specified period.""
11/02/22- Pandemic COVID-19 Mandatory Vaccination (Specified Facilities) Order 2022 (No. 5) changed booster deadline from 12/02/22 booster deadline to 12/03/22. The booster deadline for residential aged care facility workers that became fully vaccinated after 12/09/22 whose current booster deadline is 1/0322 is amended to 12/3/22.
66 The definition of healthcare worker for the purposes of this order is amended to exclude healthcare workers to the extent that they are employed at an education facility.
22/04/22: Revoked by Pandemic (Workplace) Order 2022 (No. 8) to combine Specified Facilities, General Workers, Specified Workers and Open Premises into one order",Minister for Health,,VICERACT1V1,0,1
VIC-002,VIC,COVID-19 Mandatory Vaccination Directions,Employment,construction sites,construction,2021-09-17,2021-10-02,2022-10-12,390.0,False,"First dose by 2/10/21

Relevant date: From 24/09/21 workers who have not booked their first dose cannot enter the premises","(a) a worker that is required to perform work or duties at the work premises that are necessary to provide for urgent specialist clinical or medical care at the work premises due to an emergency situation or a critical unforeseen circumstance; or (b) a worker that is deployed to fill a vacancy to provide urgent care, to maintain quality of care and/or continue essential operations at the work premises due to an emergency situation or a critical unforeseen circumstance; or (c) a worker who is required to attend the premises to respond to an emergency at the work premises; or (d) a worker who is required to perform urgent and essential work at the work premises to protect the health and safety of workers or members of the public, or to protect assets and infrastructure.","A person must not refuse or fail to comply with a direction given to the person, or a requirement made of the person, in the exercise of a power under an authorisation given under section 199.
In the case of a natural person, 120 penalty units; In the case of a body corporate, 600 penalty units.
(2) A person is not guilty of an offence against subsection (1) if the person had a reasonable excuse for refusing or failing to comply with the direction or requirement.","COVID-19 Mandatory Vaccination Directions (No 2)
COVID-19 Mandatory Vaccination (Specified Facilities)
Directions (No 10)",Pandemic (Workplace) Order 2022 (No. 10) expired,"22/04/22: Revoked by Pandemic (Workplace) Order 2022 (No. 8) to combine Specified Facilities, General Workers, Specified Workers and Open Premises into one order",Minister for Health,,VICEBCW0000,0,2
VIC-003,VIC,COVID-19 Mandatory Vaccination Directions,Employment,commercial freight workers,transport,2021-09-23,2021-10-07,2022-10-12,384.0,False,"From 24/09/21, workers must provide evidence that they have received a partial or full COVID-19 vaccination; or they have made a booking to receive a dose by 7 October 2021","(a) a worker that is required to perform work or duties at the work premises that are necessary to provide for urgent specialist clinical or medical care at the work premises due to an emergency situation or a critical unforeseen circumstance; or (b) a worker that is deployed to fill a vacancy to provide urgent care, to maintain quality of care and/or continue essential operations at the work premises due to an emergency situation or a critical unforeseen circumstance; or (c) a worker who is required to attend the premises to respond to an emergency at the work premises; or (d) a worker who is required to perform urgent and essential work at the work premises to protect the health and safety of workers or members of the public, or to protect assets and infrastructure.","A person must not refuse or fail to comply with a direction given to the person, or a requirement made of the person, in the exercise of a power under an authorisation given under section 199.
In the case of a natural person, 120 penalty units; In the case of a body corporate, 600 penalty units.
(2) A person is not guilty of an offence against subsection (1) if the person had a reasonable excuse for refusing or failing to comply with the direction or requirement.",COVID-19 Mandatory Vaccination Directions (No 3),Pandemic (Workplace) Order 2022 (No. 10) expired,"22/04/22: Revoked by Pandemic (Workplace) Order 2022 (No. 8) to combine Specified Facilities, General Workers, Specified Workers and Open Premises into one order",Minister for Health,,VICETFL0000,0,3
VIC-004,VIC,COVID-19 Mandatory Vaccination Directions,Employment,"healthcare workers entering 
Victoria under a specified worker (multiple entry) permit","healthcare, travel",2021-09-23,2021-10-07,2024-10-04,1107,False,"From 24/09/21, workers must provide evidence that they have received a partial or full COVID-19 vaccination; or they have made a booking to receive a dose by 7/10/21","(a) a worker that is required to perform work or duties at the work premises that are necessary to provide for urgent specialist clinical or medical care at the work premises due to an emergency situation or a critical unforeseen circumstance; or (b) a worker that is deployed to fill a vacancy to provide urgent care, to maintain quality of care and/or continue essential operations at the work premises due to an emergency situation or a critical unforeseen circumstance; or (c) a worker who is required to attend the premises to respond to an emergency at the work premises; or (d) a worker who is required to perform urgent and essential work at the work premises to protect the health and safety of workers or members of the public, or to protect assets and infrastructure.","A person must not refuse or fail to comply with a direction given to the person, or a requirement made of the person, in the exercise of a power under an authorisation given under section 199.
In the case of a natural person, 120 penalty units; In the case of a body corporate, 600 penalty units.
(2) A person is not guilty of an offence against subsection (1) if the person had a reasonable excuse for refusing or failing to comply with the direction or requirement.",COVID-19 Mandatory Vaccination Directions (No 3),Not sure when it was removed,,Minister for Health,,VICEHCWT200,0,2
VIC-005,VIC,COVID-19 Mandatory Vaccination Directions,Employment,healthcare workers,healthcare,2021-10-01,2021-10-29,2024-10-04,1099.0,False,workers must provide details by 15/10/21 and mandates the first dose by 29/10/21 and the second dose by 15/12/21,"(a) a worker that is required to perform work or duties at the work premises that are necessary to provide for urgent specialist clinical or medical care at the work premises due to an emergency situation or a critical unforeseen circumstance; or (b) a worker that is deployed to fill a vacancy to provide urgent care, to maintain quality of care and/or continue essential operations at the work premises due to an emergency situation or a critical unforeseen circumstance; or (c) a worker who is required to attend the premises to respond to an emergency at the work premises; or (d) a worker who is required to perform urgent and essential work at the work premises to protect the health and safety of workers or members of the public, or to protect assets and infrastructure.","A person must not refuse or fail to comply with a direction given to the person, or a requirement made of the person, in the exercise of a power under an authorisation given under section 199.
In the case of a natural person, 120 penalty units; In the case of a body corporate, 600 penalty units.
(2) A person is not guilty of an offence against subsection (1) if the person had a reasonable excuse for refusing or failing to comply with the direction or requirement.","COVID-19 Mandatory Vaccination (Specified Facilities) Directions (No 10)
Vaccination of Health Care Workers (COVID-19) Directions – Health Services
Vaccination of Health Care Workers (COVID-19) Directions – Health Service Establishments
Vaccination of Health Care Workers (COVID-19) Directions – Ambulance Services",Secretary Directions revoked,"11/02/22- Pandemic COVID-19 Mandatory Vaccination (Specified Facilities) Order 2022 (No. 5) changed booster deadline from 12/02/22 to 12/03/22. The booster deadline for HCW that became fully vaccinated after 12/09/22 whose current booster deadline is 1/0322 is amended to 12/3/22. 
The definition of healthcare worker for the purposes of this order is amended to exclude healthcare workers to the extent that they are employed at an education facility.
22/04/22: Revoked by Pandemic (Workplace) Order 2022 (No. 8) to combine Specified Facilities, General Workers, Specified Workers and Open Premises into one order
12/10/22: Pandemic (Workplace) Order 2022 (No. 10) expired and replaced by Secretary Directions on 13/10/22. Secretary Directions lifted / mandate removed  4 October 2024.",Minister for Health,,VICEHCWT1V1,0,1
VIC-006,VIC,COVID-19 Mandatory Vaccination (Workers) Directions,Employment,accommodation worker,other,2021-10-07,2021-10-22,2022-10-12,370.0,False,"From 15/10/21, employees must provide vaccination information including bookings to receive doses
First dose by 22/10/21
Second dose by 26/11/21","if a worker has a booking to receive, by the first dose deadline, they are exempted
The exceptional circumstances are:
(a) a worker is required to perform work or duties that is or are necessary to provide for urgent specialist clinical or medical care due to an emergency situation or a critical unforeseen circumstance; or (b) a worker is required to fill a vacancy to provide urgent care, to maintain quality of care and/or to continue essential operations due to an emergency situation or a critical unforeseen circumstance; or a worker is required to respond to an emergency; or (d) a worker is required to perform urgent and essential work to protect
the health and safety of workers or members of the public, or to protect assets and infrastructure; or (e) an education worker that is required to: (i) carry out assessments of an oral or performance examination; or (ii) work as a venue coordinator for those examinations.","A person must not refuse or fail to comply with a direction given to the person, or a requirement made of the person, in the exercise of a power under an authorisation given under section 199.
In the case of a natural person, 120 penalty units; In the case of a body corporate, 600 penalty units.
Giving false and misleading information to an authorised officer. In the case of a natural person, 60 penalty units;In the case of a body corporate, 300 penalty units.",COVID-19 Mandatory Vaccination (Workers) Directions,Pandemic (Workplace) Order 2022 (No. 10) expired,"7/10/21-15/12/21: COVID-19 Mandatory Vaccination (Workers) Directions No.1-No.8
15/12/21: Pandemic COVID-19 Mandatory Vaccination (Specified Workers) Order 2021 (No 1) revoked previous order
12/01/22: Vaccination (Specified Workers) Order 2022 (No 2) introduced booster dose 
04/02/22: Vaccination (Specified Workers) Order 2022 (No 3) added booster exemption for people under 18
11/02/22: Vaccination (Specified Workers) Order 2022 (No 4) booster deadline is extended to 12/03/22, provided that: By 12/03/22 the worker has a booking to receive their booster vaccine dose on or before 12/0322; and the worker has provided evidence of that booster dose to the operator of workplace.
25/02/22: Vaccination (Specified Workers) Order 2022 (No 5). Booster requirements have been included to allow specified workers who are fully
vaccinated but not yet boosted, 18 years and over and not excepted persons to work onsite in the
following limited circumstances including working on site for up to 3 months and 14 days
22/04/22: Specified Workers Order 2022 (No 6) was revoked by Pandemic (Workplace) Order 2022 (No. 8) to combine Specified Facilities, General Workers, Specified Workers and Open Premises into one order",Minister for Health,,VICEOTHT200,0,2
VIC-007,VIC,COVID-19 Mandatory Vaccination (Workers) Directions,Employment,agricultural and forestry worker,other,2021-10-07,2021-10-22,2022-10-12,370.0,False,"From 15/10/21, employees must provide vaccination information including bookings to receive doses
First dose by 22/10/21
Second dose by 26/11/22 in order to work outside their place of residence","(a) is unvaccinated or partially vaccinated; and
(b) is employed or engaged by the employer through the Pacific Australia Labour Mobility scheme; and (c) has a booking to receive a dose of a COVID-19 vaccine that will cause the worker to become partially vaccinated or fully vaccinated within 4 weeks of arriving in Australia.
if a worker has a booking to receive, by the first dose deadline, they are exempted
The exceptional circumstances are:
(a) a worker is required to perform work or duties that is or are necessary to provide for urgent specialist clinical or medical care due to an emergency situation or a critical unforeseen circumstance; or (b) a worker is required to fill a vacancy to provide urgent care, to maintain quality of care and/or to continue essential operations due to an emergency situation or a critical unforeseen circumstance; or a worker is required to respond to an emergency; or (d) a worker is required to perform urgent and essential work to protect
the health and safety of workers or members of the public, or to protect assets and infrastructure; or (e) an education worker that is required to: (i) carry out assessments of an oral or performance examination; or (ii) work as a venue coordinator for those examinations.","A person must not refuse or fail to comply with a direction given to the person, or a requirement made of the person, in the exercise of a power under an authorisation given under section 199.
In the case of a natural person, 120 penalty units; In the case of a body corporate, 600 penalty units.
Giving false and misleading information to an authorised officer. In the case of a natural person, 60 penalty units;In the case of a body corporate, 300 penalty units.",COVID-19 Mandatory Vaccination (Workers) Directions,Pandemic (Workplace) Order 2022 (No. 10) expired,"7/10/21-15/12/21: COVID-19 Mandatory Vaccination (Workers) Directions No.1-No.8
15/12/21: Pandemic COVID-19 Mandatory Vaccination (Specified Workers) Order 2021 (No 1) revoked previous order
12/01/22: Vaccination (Specified Workers) Order 2022 (No 2) introduced booster dose 
04/02/22: Vaccination (Specified Workers) Order 2022 (No 3) added booster exemption for people under 18
11/02/22: Vaccination (Specified Workers) Order 2022 (No 4) booster deadline is extended to 12/03/22, provided that: By 12/03/22 the worker has a booking to receive their booster vaccine dose on or before 12/0322; and the worker has provided evidence of that booster dose to the operator of workplace.
25/02/22: Vaccination (Specified Workers) Order 2022 (No 5). Booster requirements have been included to allow specified workers who are fully
vaccinated but not yet boosted, 18 years and over and not excepted persons to work onsite in the
following limited circumstances including working on site for up to 3 months and 14 days
22/04/22: Specified Workers Order 2022 (No 6) was revoked by Pandemic (Workplace) Order 2022 (No. 8) to combine Specified Facilities, General Workers, Specified Workers and Open Premises into one order",Minister for Health,,VICEOTHT300,0,4
VIC-008,VIC,COVID-19 Mandatory Vaccination (Workers) Directions,Employment,airport worker,transport,2021-10-07,2021-10-22,2022-10-12,370.0,False,"From 15/10/21, employees must provide vaccination information including bookings to receive doses
First dose by 22/10/21
Second dose by 26/11/22 in order to work outside their place of residence","if a worker has a booking to receive, by the first dose deadline, they are exempted
The exceptional circumstances are:
(a) a worker is required to perform work or duties that is or are necessary to provide for urgent specialist clinical or medical care due to an emergency situation or a critical unforeseen circumstance; or (b) a worker is required to fill a vacancy to provide urgent care, to maintain quality of care and/or to continue essential operations due to an emergency situation or a critical unforeseen circumstance; or a worker is required to respond to an emergency; or (d) a worker is required to perform urgent and essential work to protect
the health and safety of workers or members of the public, or to protect assets and infrastructure; or (e) an education worker that is required to: (i) carry out assessments of an oral or performance examination; or (ii) work as a venue coordinator for those examinations.","A person must not refuse or fail to comply with a direction given to the person, or a requirement made of the person, in the exercise of a power under an authorisation given under section 199.
In the case of a natural person, 120 penalty units; In the case of a body corporate, 600 penalty units.
Giving false and misleading information to an authorised officer. In the case of a natural person, 60 penalty units;In the case of a body corporate, 300 penalty units.",COVID-19 Mandatory Vaccination (Workers) Directions,Pandemic (Workplace) Order 2022 (No. 10) expired,"7/10/21-15/12/21: COVID-19 Mandatory Vaccination (Workers) Directions No.1-No.8
15/12/21: Pandemic COVID-19 Mandatory Vaccination (Specified Workers) Order 2021 (No 1) revoked previous order
12/01/22: Vaccination (Specified Workers) Order 2022 (No 2) introduced booster dose 
04/02/22: Vaccination (Specified Workers) Order 2022 (No 3) added booster exemption for people under 18
11/02/22: Vaccination (Specified Workers) Order 2022 (No 4) booster deadline is extended to 12/03/22, provided that: By 12/03/22 the worker has a booking to receive their booster vaccine dose on or before 12/0322; and the worker has provided evidence of that booster dose to the operator of workplace.
25/02/22: Vaccination (Specified Workers) Order 2022 (No 5). Booster requirements have been included to allow specified workers who are fully
vaccinated but not yet boosted, 18 years and over and not excepted persons to work onsite in the
following limited circumstances including working on site for up to 3 months and 14 days
22/04/22: Specified Workers Order 2022 (No 6) was revoked by Pandemic (Workplace) Order 2022 (No. 8) to combine Specified Facilities, General Workers, Specified Workers and Open Premises into one order",Minister for Health,,VICEOTHT400,0,4
VIC-009,VIC,COVID-19 Mandatory Vaccination (Workers) Directions,Employment,"ancillary, support and welfare worker",transport,2021-10-07,2021-10-22,2022-10-12,370.0,False,"From 15/10/21, employees must provide vaccination information including bookings to receive doses
First dose by 22/10/21
Second dose by 26/11/22 in order to work outside their place of residence","if a worker has a booking to receive, by the first dose deadline, they are exempted
The exceptional circumstances are:
(a) a worker is required to perform work or duties that is or are necessary to provide for urgent specialist clinical or medical care due to an emergency situation or a critical unforeseen circumstance; or (b) a worker is required to fill a vacancy to provide urgent care, to maintain quality of care and/or to continue essential operations due to an emergency situation or a critical unforeseen circumstance; or a worker is required to respond to an emergency; or (d) a worker is required to perform urgent and essential work to protect
the health and safety of workers or members of the public, or to protect assets and infrastructure; or (e) an education worker that is required to: (i) carry out assessments of an oral or performance examination; or (ii) work as a venue coordinator for those examinations.","A person must not refuse or fail to comply with a direction given to the person, or a requirement made of the person, in the exercise of a power under an authorisation given under section 199.
In the case of a natural person, 120 penalty units; In the case of a body corporate, 600 penalty units.
Giving false and misleading information to an authorised officer. In the case of a natural person, 60 penalty units;In the case of a body corporate, 300 penalty units.",COVID-19 Mandatory Vaccination (Workers) Directions,Pandemic (Workplace) Order 2022 (No. 10) expired,"7/10/21-15/12/21: COVID-19 Mandatory Vaccination (Workers) Directions No.1-No.8
15/12/21: Pandemic COVID-19 Mandatory Vaccination (Specified Workers) Order 2021 (No 1) revoked previous order
12/01/22: Vaccination (Specified Workers) Order 2022 (No 2) introduced booster dose 
04/02/22: Vaccination (Specified Workers) Order 2022 (No 3) added booster exemption for people under 18
11/02/22: Vaccination (Specified Workers) Order 2022 (No 4) booster deadline is extended to 12/03/22, provided that: By 12/03/22 the worker has a booking to receive their booster vaccine dose on or before 12/0322; and the worker has provided evidence of that booster dose to the operator of workplace.
25/02/22: Vaccination (Specified Workers) Order 2022 (No 5). Booster requirements have been included to allow specified workers who are fully
vaccinated but not yet boosted, 18 years and over and not excepted persons to work onsite in the
following limited circumstances including working on site for up to 3 months and 14 days
22/04/22: Specified Workers Order 2022 (No 6) was revoked by Pandemic (Workplace) Order 2022 (No. 8) to combine Specified Facilities, General Workers, Specified Workers and Open Premises into one order",Minister for Health,,VICEOTHT500,0,4
VIC-010,VIC,COVID-19 Mandatory Vaccination (Workers) Directions,Employment,authorised officer,other,2021-10-07,2021-10-22,2022-10-12,370.0,False,"From 15/10/21, employees must provide vaccination information including bookings to receive doses
First dose by 22/10/21
Second dose by 26/11/22 in order to work outside their place of residence","if a worker has a booking to receive, by the first dose deadline, they are exempted
The exceptional circumstances are:
(a) a worker is required to perform work or duties that is or are necessary to provide for urgent specialist clinical or medical care due to an emergency situation or a critical unforeseen circumstance; or (b) a worker is required to fill a vacancy to provide urgent care, to maintain quality of care and/or to continue essential operations due to an emergency situation or a critical unforeseen circumstance; or a worker is required to respond to an emergency; or (d) a worker is required to perform urgent and essential work to protect
the health and safety of workers or members of the public, or to protect assets and infrastructure; or (e) an education worker that is required to: (i) carry out assessments of an oral or performance examination; or (ii) work as a venue coordinator for those examinations.","A person must not refuse or fail to comply with a direction given to the person, or a requirement made of the person, in the exercise of a power under an authorisation given under section 199.
In the case of a natural person, 120 penalty units; In the case of a body corporate, 600 penalty units.
Giving false and misleading information to an authorised officer. In the case of a natural person, 60 penalty units;In the case of a body corporate, 300 penalty units.",COVID-19 Mandatory Vaccination (Workers) Directions,Pandemic (Workplace) Order 2022 (No. 10) expired,"7/10/21-15/12/21: COVID-19 Mandatory Vaccination (Workers) Directions No.1-No.8
15/12/21: Pandemic COVID-19 Mandatory Vaccination (Specified Workers) Order 2021 (No 1) revoked previous order
12/01/22: Vaccination (Specified Workers) Order 2022 (No 2) introduced booster dose 
04/02/22: Vaccination (Specified Workers) Order 2022 (No 3) added booster exemption for people under 18
11/02/22: Vaccination (Specified Workers) Order 2022 (No 4) booster deadline is extended to 12/03/22, provided that: By 12/03/22 the worker has a booking to receive their booster vaccine dose on or before 12/0322; and the worker has provided evidence of that booster dose to the operator of workplace.
25/02/22: Vaccination (Specified Workers) Order 2022 (No 5). Booster requirements have been included to allow specified workers who are fully
vaccinated but not yet boosted, 18 years and over and not excepted persons to work onsite in the
following limited circumstances including working on site for up to 3 months and 14 days
22/04/22: Specified Workers Order 2022 (No 6) was revoked by Pandemic (Workplace) Order 2022 (No. 8) to combine Specified Facilities, General Workers, Specified Workers and Open Premises into one order",Minister for Health,,VICEOTHT600,0,4
VIC-011,VIC,COVID-19 Mandatory Vaccination (Workers) Directions,Employment,care worker,other,2021-10-07,2021-10-22,2022-10-12,370.0,False,"From 15/10/21, employees must provide vaccination information including bookings to receive doses
First dose by 22/10/21
Second dose by 26/11/22 in order to work outside their place of residence
Must not enter
the care facility where:
(a) the employee or contractor has, on or after 4/10/20, worked at another care facility at the time a confirmed case was present at that other facility unless they are fully vaccinated and 7 days has passed. For unvaccinated workers, it is 14 days","if a worker has a booking to receive, by the first dose deadline, they are exempted
The exceptional circumstances are:
(a) a worker is required to perform work or duties that is or are necessary to provide for urgent specialist clinical or medical care due to an emergency situation or a critical unforeseen circumstance; or (b) a worker is required to fill a vacancy to provide urgent care, to maintain quality of care and/or to continue essential operations due to an emergency situation or a critical unforeseen circumstance; or a worker is required to respond to an emergency; or (d) a worker is required to perform urgent and essential work to protect
the health and safety of workers or members of the public, or to protect assets and infrastructure; or (e) an education worker that is required to: (i) carry out assessments of an oral or performance examination; or (ii) work as a venue coordinator for those examinations.","A person must not refuse or fail to comply with a direction given to the person, or a requirement made of the person, in the exercise of a power under an authorisation given under section 199.
In the case of a natural person, 120 penalty units; In the case of a body corporate, 600 penalty units.
Giving false and misleading information to an authorised officer. In the case of a natural person, 60 penalty units;In the case of a body corporate, 300 penalty units.","COVID-19 Mandatory Vaccination (Workers) Directions
Guidance for the Pandemic (Additional Industry Obligations) Order 2021 (No. 1)",Pandemic (Workplace) Order 2022 (No. 10) expired,"7/10/21-15/12/21: COVID-19 Mandatory Vaccination (Workers) Directions No.1-No.8
15/12/21: Pandemic COVID-19 Mandatory Vaccination (Specified Workers) Order 2021 (No 1) revoked previous order
12/01/22: Vaccination (Specified Workers) Order 2022 (No 2) introduced booster dose 
04/02/22: Vaccination (Specified Workers) Order 2022 (No 3) added booster exemption for people under 18
11/02/22: Vaccination (Specified Workers) Order 2022 (No 4) booster deadline is extended to 12/03/22, provided that: By 12/03/22 the worker has a booking to receive their booster vaccine dose on or before 12/0322; and the worker has provided evidence of that booster dose to the operator of workplace.
25/02/22: Vaccination (Specified Workers) Order 2022 (No 5). Booster requirements have been included to allow specified workers who are fully
vaccinated but not yet boosted, 18 years and over and not excepted persons to work onsite in the
following limited circumstances including working on site for up to 3 months and 14 days
22/04/22: Specified Workers Order 2022 (No 6) was revoked by Pandemic (Workplace) Order 2022 (No. 8) to combine Specified Facilities, General Workers, Specified Workers and Open Premises into one order",Minister for Health,,VICEOTHT700,0,4
VIC-012,VIC,COVID-19 Mandatory Vaccination (Workers) Directions,Employment,community worker,other,2021-10-07,2021-10-22,2022-10-12,370.0,False,"From 15/10/21, employees must provide vaccination information including bookings to receive doses
First dose by 22/10/21
Second dose by 26/11/22 in order to work outside their place of residence","if a worker has a booking to receive, by the first dose deadline, they are exempted
The exceptional circumstances are:
(a) a worker is required to perform work or duties that is or are necessary to provide for urgent specialist clinical or medical care due to an emergency situation or a critical unforeseen circumstance; or (b) a worker is required to fill a vacancy to provide urgent care, to maintain quality of care and/or to continue essential operations due to an emergency situation or a critical unforeseen circumstance; or a worker is required to respond to an emergency; or (d) a worker is required to perform urgent and essential work to protect
the health and safety of workers or members of the public, or to protect assets and infrastructure; or (e) an education worker that is required to: (i) carry out assessments of an oral or performance examination; or (ii) work as a venue coordinator for those examinations.","A person must not refuse or fail to comply with a direction given to the person, or a requirement made of the person, in the exercise of a power under an authorisation given under section 199.
In the case of a natural person, 120 penalty units; In the case of a body corporate, 600 penalty units.
Giving false and misleading information to an authorised officer. In the case of a natural person, 60 penalty units;In the case of a body corporate, 300 penalty units.",COVID-19 Mandatory Vaccination (Workers) Directions,Pandemic (Workplace) Order 2022 (No. 10) expired,"7/10/21-15/12/21: COVID-19 Mandatory Vaccination (Workers) Directions No.1-No.8
15/12/21: Pandemic COVID-19 Mandatory Vaccination (Specified Workers) Order 2021 (No 1) revoked previous order
12/01/22: Vaccination (Specified Workers) Order 2022 (No 2) introduced booster dose 
04/02/22: Vaccination (Specified Workers) Order 2022 (No 3) added booster exemption for people under 18
11/02/22: Vaccination (Specified Workers) Order 2022 (No 4) booster deadline is extended to 12/03/22, provided that: By 12/03/22 the worker has a booking to receive their booster vaccine dose on or before 12/0322; and the worker has provided evidence of that booster dose to the operator of workplace.
25/02/22: Vaccination (Specified Workers) Order 2022 (No 5). Booster requirements have been included to allow specified workers who are fully
vaccinated but not yet boosted, 18 years and over and not excepted persons to work onsite in the
following limited circumstances including working on site for up to 3 months and 14 days
22/04/22: Specified Workers Order 2022 (No 6) was revoked by Pandemic (Workplace) Order 2022 (No. 8) to combine Specified Facilities, General Workers, Specified Workers and Open Premises into one order",Minister for Health,,VICEOTHT800,0,4
VIC-013,VIC,COVID-19 Mandatory Vaccination (Workers) Directions,Employment,creative arts worker,other,2021-10-07,2021-10-22,2022-10-12,370.0,False,"From 15/10/21, employees must provide vaccination information including bookings to receive doses
First dose by 22/10/21
Second dose by 26/11/22 in order to work outside their place of residence","if a worker has a booking to receive, by the first dose deadline, they are exempted
The exceptional circumstances are:
(a) a worker is required to perform work or duties that is or are necessary to provide for urgent specialist clinical or medical care due to an emergency situation or a critical unforeseen circumstance; or (b) a worker is required to fill a vacancy to provide urgent care, to maintain quality of care and/or to continue essential operations due to an emergency situation or a critical unforeseen circumstance; or a worker is required to respond to an emergency; or (d) a worker is required to perform urgent and essential work to protect
the health and safety of workers or members of the public, or to protect assets and infrastructure; or (e) an education worker that is required to: (i) carry out assessments of an oral or performance examination; or (ii) work as a venue coordinator for those examinations.","A person must not refuse or fail to comply with a direction given to the person, or a requirement made of the person, in the exercise of a power under an authorisation given under section 199.
In the case of a natural person, 120 penalty units; In the case of a body corporate, 600 penalty units.
Giving false and misleading information to an authorised officer. In the case of a natural person, 60 penalty units;In the case of a body corporate, 300 penalty units.",COVID-19 Mandatory Vaccination (Workers) Directions,Pandemic (Workplace) Order 2022 (No. 10) expired,"7/10/21-15/12/21: COVID-19 Mandatory Vaccination (Workers) Directions No.1-No.8
15/12/21: Pandemic COVID-19 Mandatory Vaccination (Specified Workers) Order 2021 (No 1) revoked previous order
12/01/22: Vaccination (Specified Workers) Order 2022 (No 2) introduced booster dose 
04/02/22: Vaccination (Specified Workers) Order 2022 (No 3) added booster exemption for people under 18
11/02/22: Vaccination (Specified Workers) Order 2022 (No 4) booster deadline is extended to 12/03/22, provided that: By 12/03/22 the worker has a booking to receive their booster vaccine dose on or before 12/0322; and the worker has provided evidence of that booster dose to the operator of workplace.
25/02/22: Vaccination (Specified Workers) Order 2022 (No 5). Booster requirements have been included to allow specified workers who are fully
vaccinated but not yet boosted, 18 years and over and not excepted persons to work onsite in the
following limited circumstances including working on site for up to 3 months and 14 days",Minister for Health,,VICEOTHT900,0,4
VIC-014,VIC,COVID-19 Mandatory Vaccination (Workers) Directions,Employment,custodial worker,other,2021-10-07,2021-10-22,2022-10-12,370.0,False,"From 15/10/21, employees must provide vaccination information including bookings to receive doses
First dose by 22/10/21
Second dose by 26/11/22 in order to work outside their place of residence","if a worker has a booking to receive, by the first dose deadline, they are exempted
The exceptional circumstances are:
(a) a worker is required to perform work or duties that is or are necessary to provide for urgent specialist clinical or medical care due to an emergency situation or a critical unforeseen circumstance; or (b) a worker is required to fill a vacancy to provide urgent care, to maintain quality of care and/or to continue essential operations due to an emergency situation or a critical unforeseen circumstance; or a worker is required to respond to an emergency; or (d) a worker is required to perform urgent and essential work to protect
the health and safety of workers or members of the public, or to protect assets and infrastructure; or (e) an education worker that is required to: (i) carry out assessments of an oral or performance examination; or (ii) work as a venue coordinator for those examinations.","A person must not refuse or fail to comply with a direction given to the person, or a requirement made of the person, in the exercise of a power under an authorisation given under section 199.
In the case of a natural person, 120 penalty units; In the case of a body corporate, 600 penalty units.
Giving false and misleading information to an authorised officer. In the case of a natural person, 60 penalty units;In the case of a body corporate, 300 penalty units.",COVID-19 Mandatory Vaccination (Workers) Directions,Pandemic (Workplace) Order 2022 (No. 10) expired,"7/10/21-15/12/21: COVID-19 Mandatory Vaccination (Workers) Directions No.1-No.8
15/12/21: Pandemic COVID-19 Mandatory Vaccination (Specified Workers) Order 2021 (No 1) revoked previous order
12/01/22: Vaccination (Specified Workers) Order 2022 (No 2) introduced booster dose 
04/02/22: Vaccination (Specified Workers) Order 2022 (No 3) added booster exemption for people under 18
11/02/22: Vaccination (Specified Workers) Order 2022 (No 4) booster deadline is extended to 12/03/22, provided that: By 12/03/22 the worker has a booking to receive their booster vaccine dose on or before 12/0322; and the worker has provided evidence of that booster dose to the operator of workplace.
25/02/22: Vaccination (Specified Workers) Order 2022 (No 5). Booster requirements have been included to allow specified workers who are fully
vaccinated but not yet boosted, 18 years and over and not excepted persons to work onsite in the
following limited circumstances including working on site for up to 3 months and 14 days
22/04/22: Specified Workers Order 2022 (No 6) was revoked by Pandemic (Workplace) Order 2022 (No. 8) to combine Specified Facilities, General Workers, Specified Workers and Open Premises into one order",Minister for Health,,VICEOTHT1V1,0,4
VIC-015,VIC,COVID-19 Mandatory Vaccination (Workers) Directions,Employment,"emergency service worker (including police, firefighters)",emergency,2021-10-07,2021-10-22,2022-10-12,370.0,False,"From 15/10/21, employees must provide vaccination information including bookings to receive doses
First dose by 22/10/21
Second dose by 26/11/22 in order to work outside their place of residence","if a worker has a booking to receive, by the first dose deadline, they are exempted
The exceptional circumstances are:
(a) a worker is required to perform work or duties that is or are necessary to provide for urgent specialist clinical or medical care due to an emergency situation or a critical unforeseen circumstance; or (b) a worker is required to fill a vacancy to provide urgent care, to maintain quality of care and/or to continue essential operations due to an emergency situation or a critical unforeseen circumstance; or a worker is required to respond to an emergency; or (d) a worker is required to perform urgent and essential work to protect
the health and safety of workers or members of the public, or to protect assets and infrastructure; or (e) an education worker that is required to: (i) carry out assessments of an oral or performance examination; or (ii) work as a venue coordinator for those examinations.","A person must not refuse or fail to comply with a direction given to the person, or a requirement made of the person, in the exercise of a power under an authorisation given under section 199.
In the case of a natural person, 120 penalty units; In the case of a body corporate, 600 penalty units.
Giving false and misleading information to an authorised officer. In the case of a natural person, 60 penalty units;In the case of a body corporate, 300 penalty units.",COVID-19 Mandatory Vaccination (Workers) Directions,Pandemic (Workplace) Order 2022 (No. 10) expired,"7/10/21-15/12/21: COVID-19 Mandatory Vaccination (Workers) Directions No.1-No.8
15/12/21: Pandemic COVID-19 Mandatory Vaccination (Specified Workers) Order 2021 (No 1) revoked previous order
12/01/22: Vaccination (Specified Workers) Order 2022 (No 2) introduced booster dose 
04/02/22: Vaccination (Specified Workers) Order 2022 (No 3) added booster exemption for people under 18
11/02/22: Vaccination (Specified Workers) Order 2022 (No 4) booster deadline is extended to 12/03/22, provided that: By 12/03/22 the worker has a booking to receive their booster vaccine dose on or before 12/0322; and the worker has provided evidence of that booster dose to the operator of workplace.
25/02/22: Vaccination (Specified Workers) Order 2022 (No 5). Booster requirements have been included to allow specified workers who are fully
vaccinated but not yet boosted, 18 years and over and not excepted persons to work onsite in the
following limited circumstances including working on site for up to 3 months and 14 days
22/04/22: Specified Workers Order 2022 (No 6) was revoked by Pandemic (Workplace) Order 2022 (No. 8) to combine Specified Facilities, General Workers, Specified Workers and Open Premises into one order",Minister for Health,,VICEFES00V1,0,2
VIC-016,VIC,COVID-19 Mandatory Vaccination (Workers) Directions,Employment,entertainment and function worker,other,2021-10-07,2021-10-22,2022-10-12,370.0,False,"From 15/10/21, employees must provide vaccination information including bookings to receive doses
First dose by 22/10/21
Second dose by 26/11/22 in order to work outside their place of residence","if a worker has a booking to receive, by the first dose deadline, they are exempted
The exceptional circumstances are:
(a) a worker is required to perform work or duties that is or are necessary to provide for urgent specialist clinical or medical care due to an emergency situation or a critical unforeseen circumstance; or (b) a worker is required to fill a vacancy to provide urgent care, to maintain quality of care and/or to continue essential operations due to an emergency situation or a critical unforeseen circumstance; or a worker is required to respond to an emergency; or (d) a worker is required to perform urgent and essential work to protect
the health and safety of workers or members of the public, or to protect assets and infrastructure; or (e) an education worker that is required to: (i) carry out assessments of an oral or performance examination; or (ii) work as a venue coordinator for those examinations.","A person must not refuse or fail to comply with a direction given to the person, or a requirement made of the person, in the exercise of a power under an authorisation given under section 199.
In the case of a natural person, 120 penalty units; In the case of a body corporate, 600 penalty units.
Giving false and misleading information to an authorised officer. In the case of a natural person, 60 penalty units;In the case of a body corporate, 300 penalty units.",COVID-19 Mandatory Vaccination (Workers) Directions,Pandemic (Workplace) Order 2022 (No. 10) expired,"7/10/21-15/12/21: COVID-19 Mandatory Vaccination (Workers) Directions No.1-No.8
15/12/21: Pandemic COVID-19 Mandatory Vaccination (Specified Workers) Order 2021 (No 1) revoked previous order
12/01/22: Vaccination (Specified Workers) Order 2022 (No 2) introduced booster dose 
04/02/22: Vaccination (Specified Workers) Order 2022 (No 3) added booster exemption for people under 18
11/02/22: Vaccination (Specified Workers) Order 2022 (No 4) booster deadline is extended to 12/03/22, provided that: By 12/03/22 the worker has a booking to receive their booster vaccine dose on or before 12/0322; and the worker has provided evidence of that booster dose to the operator of workplace.
25/02/22: Vaccination (Specified Workers) Order 2022 (No 5). Booster requirements have been included to allow specified workers who are fully
vaccinated but not yet boosted, 18 years and over and not excepted persons to work onsite in the
following limited circumstances including working on site for up to 3 months and 14 days
22/04/22: Specified Workers Order 2022 (No 6) was revoked by Pandemic (Workplace) Order 2022 (No. 8) to combine Specified Facilities, General Workers, Specified Workers and Open Premises into one order",Minister for Health,,VICEOTHT110,0,4
VIC-017,VIC,COVID-19 Mandatory Vaccination (Workers) Directions,Employment,funeral worker,other,2021-10-07,2021-10-22,2022-10-12,370.0,False,"From 15/10/21, employees must provide vaccination information including bookings to receive doses
First dose by 22/10/21
Second dose by 26/11/22 in order to work outside their place of residence","if a worker has a booking to receive, by the first dose deadline, they are exempted
The exceptional circumstances are:
(a) a worker is required to perform work or duties that is or are necessary to provide for urgent specialist clinical or medical care due to an emergency situation or a critical unforeseen circumstance; or (b) a worker is required to fill a vacancy to provide urgent care, to maintain quality of care and/or to continue essential operations due to an emergency situation or a critical unforeseen circumstance; or a worker is required to respond to an emergency; or (d) a worker is required to perform urgent and essential work to protect
the health and safety of workers or members of the public, or to protect assets and infrastructure; or (e) an education worker that is required to: (i) carry out assessments of an oral or performance examination; or (ii) work as a venue coordinator for those examinations.","A person must not refuse or fail to comply with a direction given to the person, or a requirement made of the person, in the exercise of a power under an authorisation given under section 199.
In the case of a natural person, 120 penalty units; In the case of a body corporate, 600 penalty units.
Giving false and misleading information to an authorised officer. In the case of a natural person, 60 penalty units;In the case of a body corporate, 300 penalty units.",COVID-19 Mandatory Vaccination (Workers) Directions,Pandemic (Workplace) Order 2022 (No. 10) expired,"7/10/21-15/12/21: COVID-19 Mandatory Vaccination (Workers) Directions No.1-No.8
15/12/21: Pandemic COVID-19 Mandatory Vaccination (Specified Workers) Order 2021 (No 1) revoked previous order
12/01/22: Vaccination (Specified Workers) Order 2022 (No 2) introduced booster dose 
04/02/22: Vaccination (Specified Workers) Order 2022 (No 3) added booster exemption for people under 18
11/02/22: Vaccination (Specified Workers) Order 2022 (No 4) booster deadline is extended to 12/03/22, provided that: By 12/03/22 the worker has a booking to receive their booster vaccine dose on or before 12/0322; and the worker has provided evidence of that booster dose to the operator of workplace.
25/02/22: Vaccination (Specified Workers) Order 2022 (No 5). Booster requirements have been included to allow specified workers who are fully
vaccinated but not yet boosted, 18 years and over and not excepted persons to work onsite in the
following limited circumstances including working on site for up to 3 months and 14 days
22/04/22: Specified Workers Order 2022 (No 6) was revoked by Pandemic (Workplace) Order 2022 (No. 8) to combine Specified Facilities, General Workers, Specified Workers and Open Premises into one order",Minister for Health,,VICEOTHT120,0,4
VIC-018,VIC,COVID-19 Mandatory Vaccination (Workers) Directions,Employment,higher education worker,education,2021-10-07,2021-10-22,2022-10-12,370.0,False,"From 15/10/21, employees must provide vaccination information including bookings to receive doses
First dose by 22/10/21
Second dose by 26/11/22 in order to work outside their place of residence","if a worker has a booking to receive, by the first dose deadline, they are exempted
The exceptional circumstances are:
(a) a worker is required to perform work or duties that is or are necessary to provide for urgent specialist clinical or medical care due to an emergency situation or a critical unforeseen circumstance; or (b) a worker is required to fill a vacancy to provide urgent care, to maintain quality of care and/or to continue essential operations due to an emergency situation or a critical unforeseen circumstance; or a worker is required to respond to an emergency; or (d) a worker is required to perform urgent and essential work to protect
the health and safety of workers or members of the public, or to protect assets and infrastructure; or (e) an education worker that is required to: (i) carry out assessments of an oral or performance examination; or (ii) work as a venue coordinator for those examinations.","A person must not refuse or fail to comply with a direction given to the person, or a requirement made of the person, in the exercise of a power under an authorisation given under section 199.
In the case of a natural person, 120 penalty units; In the case of a body corporate, 600 penalty units.
Giving false and misleading information to an authorised officer. In the case of a natural person, 60 penalty units;In the case of a body corporate, 300 penalty units.",COVID-19 Mandatory Vaccination (Workers) Directions,Pandemic (Workplace) Order 2022 (No. 10) expired,"7/10/21-15/12/21: COVID-19 Mandatory Vaccination (Workers) Directions No.1-No.8
15/12/21: Pandemic COVID-19 Mandatory Vaccination (Specified Workers) Order 2021 (No 1) revoked previous order
12/01/22: Vaccination (Specified Workers) Order 2022 (No 2) introduced booster dose 
04/02/22: Vaccination (Specified Workers) Order 2022 (No 3) added booster exemption for people under 18
11/02/22: Vaccination (Specified Workers) Order 2022 (No 4) booster deadline is extended to 12/03/22, provided that: By 12/03/22 the worker has a booking to receive their booster vaccine dose on or before 12/0322; and the worker has provided evidence of that booster dose to the operator of workplace.
25/02/22: Vaccination (Specified Workers) Order 2022 (No 5). Booster requirements have been included to allow specified workers who are fully
vaccinated but not yet boosted, 18 years and over and not excepted persons to work onsite in the
following limited circumstances including working on site for up to 3 months and 14 days
22/04/22: Specified Workers Order 2022 (No 6) was revoked by Pandemic (Workplace) Order 2022 (No. 8) to combine Specified Facilities, General Workers, Specified Workers and Open Premises into one order",Minister for Health,,VICEOTHT130,0,2
VIC-019,VIC,COVID-19 Mandatory Vaccination (Workers) Directions,Employment,justice worker,other,2021-10-07,2021-10-22,2022-10-12,370.0,False,"From 15/10/21, employees must provide vaccination information including bookings to receive doses
First dose by 22/10/21
Second dose by 26/11/22 in order to work outside their place of residence","if a worker has a booking to receive, by the first dose deadline, they are exempted
The exceptional circumstances are:
(a) a worker is required to perform work or duties that is or are necessary to provide for urgent specialist clinical or medical care due to an emergency situation or a critical unforeseen circumstance; or (b) a worker is required to fill a vacancy to provide urgent care, to maintain quality of care and/or to continue essential operations due to an emergency situation or a critical unforeseen circumstance; or a worker is required to respond to an emergency; or (d) a worker is required to perform urgent and essential work to protect
the health and safety of workers or members of the public, or to protect assets and infrastructure; or (e) an education worker that is required to: (i) carry out assessments of an oral or performance examination; or (ii) work as a venue coordinator for those examinations.","A person must not refuse or fail to comply with a direction given to the person, or a requirement made of the person, in the exercise of a power under an authorisation given under section 199.
In the case of a natural person, 120 penalty units; In the case of a body corporate, 600 penalty units.
Giving false and misleading information to an authorised officer. In the case of a natural person, 60 penalty units;In the case of a body corporate, 300 penalty units.",COVID-19 Mandatory Vaccination (Workers) Directions,Pandemic (Workplace) Order 2022 (No. 10) expired,"7/10/21-15/12/21: COVID-19 Mandatory Vaccination (Workers) Directions No.1-No.8
15/12/21: Pandemic COVID-19 Mandatory Vaccination (Specified Workers) Order 2021 (No 1) revoked previous order
12/01/22: Vaccination (Specified Workers) Order 2022 (No 2) introduced booster dose 
04/02/22: Vaccination (Specified Workers) Order 2022 (No 3) added booster exemption for people under 18
11/02/22: Vaccination (Specified Workers) Order 2022 (No 4) booster deadline is extended to 12/03/22, provided that: By 12/03/22 the worker has a booking to receive their booster vaccine dose on or before 12/0322; and the worker has provided evidence of that booster dose to the operator of workplace.
25/02/22: Vaccination (Specified Workers) Order 2022 (No 5). Booster requirements have been included to allow specified workers who are fully
vaccinated but not yet boosted, 18 years and over and not excepted persons to work onsite in the
following limited circumstances including working on site for up to 3 months and 14 days
22/04/22: Specified Workers Order 2022 (No 6) was revoked by Pandemic (Workplace) Order 2022 (No. 8) to combine Specified Facilities, General Workers, Specified Workers and Open Premises into one order",Minister for Health,,VICEOTHT140,0,4
VIC-020,VIC,COVID-19 Mandatory Vaccination (Workers) Directions,Employment,manufacturing worker,other,2021-10-07,2021-10-22,2022-10-12,370.0,False,"From 15/10/21, employees must provide vaccination information including bookings to receive doses
First dose by 22/10/21
Second dose by 26/11/22 in order to work outside their place of residence","if a worker has a booking to receive, by the first dose deadline, they are exempted
The exceptional circumstances are:
(a) a worker is required to perform work or duties that is or are necessary to provide for urgent specialist clinical or medical care due to an emergency situation or a critical unforeseen circumstance; or (b) a worker is required to fill a vacancy to provide urgent care, to maintain quality of care and/or to continue essential operations due to an emergency situation or a critical unforeseen circumstance; or a worker is required to respond to an emergency; or (d) a worker is required to perform urgent and essential work to protect
the health and safety of workers or members of the public, or to protect assets and infrastructure; or (e) an education worker that is required to: (i) carry out assessments of an oral or performance examination; or (ii) work as a venue coordinator for those examinations.","A person must not refuse or fail to comply with a direction given to the person, or a requirement made of the person, in the exercise of a power under an authorisation given under section 199.
In the case of a natural person, 120 penalty units; In the case of a body corporate, 600 penalty units.
Giving false and misleading information to an authorised officer. In the case of a natural person, 60 penalty units;In the case of a body corporate, 300 penalty units.",COVID-19 Mandatory Vaccination (Workers) Directions,Pandemic (Workplace) Order 2022 (No. 10) expired,"7/10/21-15/12/21: COVID-19 Mandatory Vaccination (Workers) Directions No.1-No.8
15/12/21: Pandemic COVID-19 Mandatory Vaccination (Specified Workers) Order 2021 (No 1) revoked previous order
12/01/22: Vaccination (Specified Workers) Order 2022 (No 2) introduced booster dose 
04/02/22: Vaccination (Specified Workers) Order 2022 (No 3) added booster exemption for people under 18
11/02/22: Vaccination (Specified Workers) Order 2022 (No 4) booster deadline is extended to 12/03/22, provided that: By 12/03/22 the worker has a booking to receive their booster vaccine dose on or before 12/0322; and the worker has provided evidence of that booster dose to the operator of workplace.
25/02/22: Vaccination (Specified Workers) Order 2022 (No 5). Booster requirements have been included to allow specified workers who are fully
vaccinated but not yet boosted, 18 years and over and not excepted persons to work onsite in the
following limited circumstances including working on site for up to 3 months and 14 days
22/04/22: Specified Workers Order 2022 (No 6) was revoked by Pandemic (Workplace) Order 2022 (No. 8) to combine Specified Facilities, General Workers, Specified Workers and Open Premises into one order",Minister for Health,,VICEOTHT150,0,4
VIC-021,VIC,COVID-19 Mandatory Vaccination (Workers) Directions,Employment,Meat and seafood processing worker,other,2021-10-07,2021-10-22,2022-06-26,262.0,False,"From 15/10/21, employees must provide vaccination information including bookings to receive doses
First dose by 22/10/21
Second dose by 26/11/22 in order to work outside their place of residence","if a worker has a booking to receive, by the first dose deadline, they are exempted
The exceptional circumstances are:
(a) a worker is required to perform work or duties that is or are necessary to provide for urgent specialist clinical or medical care due to an emergency situation or a critical unforeseen circumstance; or (b) a worker is required to fill a vacancy to provide urgent care, to maintain quality of care and/or to continue essential operations due to an emergency situation or a critical unforeseen circumstance; or a worker is required to respond to an emergency; or (d) a worker is required to perform urgent and essential work to protect
the health and safety of workers or members of the public, or to protect assets and infrastructure; or (e) an education worker that is required to: (i) carry out assessments of an oral or performance examination; or (ii) work as a venue coordinator for those examinations.","A person must not refuse or fail to comply with a direction given to the person, or a requirement made of the person, in the exercise of a power under an authorisation given under section 199.
In the case of a natural person, 120 penalty units; In the case of a body corporate, 600 penalty units.
Giving false and misleading information to an authorised officer. In the case of a natural person, 60 penalty units;In the case of a body corporate, 300 penalty units.",COVID-19 Mandatory Vaccination (Workers) Directions,Not included in Pandemic (Workplace) Order 2022 (No. 9),"7/10/21-15/12/21: COVID-19 Mandatory Vaccination (Workers) Directions No.1-No.8
15/12/21: Pandemic COVID-19 Mandatory Vaccination (Specified Workers) Order 2021 (No 1) revoked previous order
12/01/22: Vaccination (Specified Workers) Order 2022 (No 2) introduced booster dose 
04/02/22: Vaccination (Specified Workers) Order 2022 (No 3) added booster exemption for people under 18
11/02/22: Vaccination (Specified Workers) Order 2022 (No 4) booster deadline is extended to 12/03/22, provided that: By 12/03/22 the worker has a booking to receive their booster vaccine dose on or before 12/0322; and the worker has provided evidence of that booster dose to the operator of workplace.
25/02/22: Vaccination (Specified Workers) Order 2022 (No 5). Booster requirements have been included to allow specified workers who are fully
vaccinated but not yet boosted, 18 years and over and not excepted persons to work onsite in the
following limited circumstances including working on site for up to 3 months and 14 days
22/04/22: Specified Workers Order 2022 (No 6) was revoked by Pandemic (Workplace) Order 2022 (No. 8) to combine Specified Facilities, General Workers, Specified Workers and Open Premises into one order",Minister for Health,,VICEMIW00V1,0,4
VIC-022,VIC,COVID-19 Mandatory Vaccination (Workers) Directions,Employment,Media and film production worker,other,2021-10-07,2021-10-22,2022-10-12,370.0,False,"From 15/10/21, employees must provide vaccination information including bookings to receive doses
First dose by 22/10/21
Second dose by 26/11/22 in order to work outside their place of residence","if a worker has a booking to receive, by the first dose deadline, they are exempted
The exceptional circumstances are:
(a) a worker is required to perform work or duties that is or are necessary to provide for urgent specialist clinical or medical care due to an emergency situation or a critical unforeseen circumstance; or (b) a worker is required to fill a vacancy to provide urgent care, to maintain quality of care and/or to continue essential operations due to an emergency situation or a critical unforeseen circumstance; or a worker is required to respond to an emergency; or (d) a worker is required to perform urgent and essential work to protect
the health and safety of workers or members of the public, or to protect assets and infrastructure; or (e) an education worker that is required to: (i) carry out assessments of an oral or performance examination; or (ii) work as a venue coordinator for those examinations.","A person must not refuse or fail to comply with a direction given to the person, or a requirement made of the person, in the exercise of a power under an authorisation given under section 199.
In the case of a natural person, 120 penalty units; In the case of a body corporate, 600 penalty units.
Giving false and misleading information to an authorised officer. In the case of a natural person, 60 penalty units;In the case of a body corporate, 300 penalty units.",COVID-19 Mandatory Vaccination (Workers) Directions,Pandemic (Workplace) Order 2022 (No. 10) expired,"7/10/21-15/12/21: COVID-19 Mandatory Vaccination (Workers) Directions No.1-No.8
15/12/21: Pandemic COVID-19 Mandatory Vaccination (Specified Workers) Order 2021 (No 1) revoked previous order
12/01/22: Vaccination (Specified Workers) Order 2022 (No 2) introduced booster dose 
04/02/22: Vaccination (Specified Workers) Order 2022 (No 3) added booster exemption for people under 18
11/02/22: Vaccination (Specified Workers) Order 2022 (No 4) booster deadline is extended to 12/03/22, provided that: By 12/03/22 the worker has a booking to receive their booster vaccine dose on or before 12/0322; and the worker has provided evidence of that booster dose to the operator of workplace.
25/02/22: Vaccination (Specified Workers) Order 2022 (No 5). Booster requirements have been included to allow specified workers who are fully
vaccinated but not yet boosted, 18 years and over and not excepted persons to work onsite in the
following limited circumstances including working on site for up to 3 months and 14 days",Minister for Health,,VICEOTHT160,0,4
VIC-023,VIC,COVID-19 Mandatory Vaccination (Workers) Directions,Employment,mining worker,mining,2021-10-07,2021-10-22,2022-10-12,370.0,False,"From 15/10/21, employees must provide vaccination information including bookings to receive doses
First dose by 22/10/21
Second dose by 26/11/22 in order to work outside their place of residence","if a worker has a booking to receive, by the first dose deadline, they are exempted
The exceptional circumstances are:
(a) a worker is required to perform work or duties that is or are necessary to provide for urgent specialist clinical or medical care due to an emergency situation or a critical unforeseen circumstance; or (b) a worker is required to fill a vacancy to provide urgent care, to maintain quality of care and/or to continue essential operations due to an emergency situation or a critical unforeseen circumstance; or a worker is required to respond to an emergency; or (d) a worker is required to perform urgent and essential work to protect
the health and safety of workers or members of the public, or to protect assets and infrastructure; or (e) an education worker that is required to: (i) carry out assessments of an oral or performance examination; or (ii) work as a venue coordinator for those examinations.","A person must not refuse or fail to comply with a direction given to the person, or a requirement made of the person, in the exercise of a power under an authorisation given under section 199.
In the case of a natural person, 120 penalty units; In the case of a body corporate, 600 penalty units.
Giving false and misleading information to an authorised officer. In the case of a natural person, 60 penalty units;In the case of a body corporate, 300 penalty units.",COVID-19 Mandatory Vaccination (Workers) Directions,Pandemic (Workplace) Order 2022 (No. 10) expired,"7/10/21-15/12/21: COVID-19 Mandatory Vaccination (Workers) Directions No.1-No.8
15/12/21: Pandemic COVID-19 Mandatory Vaccination (Specified Workers) Order 2021 (No 1) revoked previous order
12/01/22: Vaccination (Specified Workers) Order 2022 (No 2) introduced booster dose 
04/02/22: Vaccination (Specified Workers) Order 2022 (No 3) added booster exemption for people under 18
11/02/22: Vaccination (Specified Workers) Order 2022 (No 4) booster deadline is extended to 12/03/22, provided that: By 12/03/22 the worker has a booking to receive their booster vaccine dose on or before 12/0322; and the worker has provided evidence of that booster dose to the operator of workplace.
25/02/22: Vaccination (Specified Workers) Order 2022 (No 5). Booster requirements have been included to allow specified workers who are fully
vaccinated but not yet boosted, 18 years and over and not excepted persons to work onsite in the
following limited circumstances including working on site for up to 3 months and 14 days
22/04/22: Specified Workers Order 2022 (No 6) was revoked by Pandemic (Workplace) Order 2022 (No. 8) to combine Specified Facilities, General Workers, Specified Workers and Open Premises into one order",Minister for Health,,VICEOTHT160,0,3
VIC-024,VIC,COVID-19 Mandatory Vaccination (Workers) Directions,Employment,physical recreation worker,other,2021-10-07,2021-10-22,2022-10-12,370.0,False,"From 15/10/21, employees must provide vaccination information including bookings to receive doses
First dose by 22/10/21
Second dose by 26/11/22 in order to work outside their place of residence","if a worker has a booking to receive, by the first dose deadline, they are exempted
The exceptional circumstances are:
(a) a worker is required to perform work or duties that is or are necessary to provide for urgent specialist clinical or medical care due to an emergency situation or a critical unforeseen circumstance; or (b) a worker is required to fill a vacancy to provide urgent care, to maintain quality of care and/or to continue essential operations due to an emergency situation or a critical unforeseen circumstance; or a worker is required to respond to an emergency; or (d) a worker is required to perform urgent and essential work to protect
the health and safety of workers or members of the public, or to protect assets and infrastructure; or (e) an education worker that is required to: (i) carry out assessments of an oral or performance examination; or (ii) work as a venue coordinator for those examinations.","A person must not refuse or fail to comply with a direction given to the person, or a requirement made of the person, in the exercise of a power under an authorisation given under section 199.
In the case of a natural person, 120 penalty units; In the case of a body corporate, 600 penalty units.
Giving false and misleading information to an authorised officer. In the case of a natural person, 60 penalty units;In the case of a body corporate, 300 penalty units.",COVID-19 Mandatory Vaccination (Workers) Directions,Pandemic (Workplace) Order 2022 (No. 10) expired,"7/10/21-15/12/21: COVID-19 Mandatory Vaccination (Workers) Directions No.1-No.8
15/12/21: Pandemic COVID-19 Mandatory Vaccination (Specified Workers) Order 2021 (No 1) revoked previous order
12/01/22: Vaccination (Specified Workers) Order 2022 (No 2) introduced booster dose 
04/02/22: Vaccination (Specified Workers) Order 2022 (No 3) added booster exemption for people under 18
11/02/22: Vaccination (Specified Workers) Order 2022 (No 4) booster deadline is extended to 12/03/22, provided that: By 12/03/22 the worker has a booking to receive their booster vaccine dose on or before 12/0322; and the worker has provided evidence of that booster dose to the operator of workplace.
25/02/22: Vaccination (Specified Workers) Order 2022 (No 5). Booster requirements have been included to allow specified workers who are fully
vaccinated but not yet boosted, 18 years and over and not excepted persons to work onsite in the
following limited circumstances including working on site for up to 3 months and 14 days
22/04/22: Specified Workers Order 2022 (No 6) was revoked by Pandemic (Workplace) Order 2022 (No. 8) to combine Specified Facilities, General Workers, Specified Workers and Open Premises into one order",Minister for Health,,VICEOTHT170,0,4
VIC-025,VIC,COVID-19 Mandatory Vaccination (Workers) Directions,Employment,port or freight worker,transport,2021-10-07,2021-10-22,2022-10-12,370.0,False,"From 15/10/21, employees must provide vaccination information including bookings to receive doses
First dose by 22/10/21
Second dose by 26/11/22 in order to work outside their place of residence","if a worker has a booking to receive, by the first dose deadline, they are exempted
The exceptional circumstances are:
(a) a worker is required to perform work or duties that is or are necessary to provide for urgent specialist clinical or medical care due to an emergency situation or a critical unforeseen circumstance; or (b) a worker is required to fill a vacancy to provide urgent care, to maintain quality of care and/or to continue essential operations due to an emergency situation or a critical unforeseen circumstance; or a worker is required to respond to an emergency; or (d) a worker is required to perform urgent and essential work to protect
the health and safety of workers or members of the public, or to protect assets and infrastructure; or (e) an education worker that is required to: (i) carry out assessments of an oral or performance examination; or (ii) work as a venue coordinator for those examinations.","A person must not refuse or fail to comply with a direction given to the person, or a requirement made of the person, in the exercise of a power under an authorisation given under section 199.
In the case of a natural person, 120 penalty units; In the case of a body corporate, 600 penalty units.
Giving false and misleading information to an authorised officer. In the case of a natural person, 60 penalty units;In the case of a body corporate, 300 penalty units.",COVID-19 Mandatory Vaccination (Workers) Directions,Pandemic (Workplace) Order 2022 (No. 10) expired,"7/10/21-15/12/21: COVID-19 Mandatory Vaccination (Workers) Directions No.1-No.8
15/12/21: Pandemic COVID-19 Mandatory Vaccination (Specified Workers) Order 2021 (No 1) revoked previous order
12/01/22: Vaccination (Specified Workers) Order 2022 (No 2) introduced booster dose 
04/02/22: Vaccination (Specified Workers) Order 2022 (No 3) added booster exemption for people under 18
11/02/22: Vaccination (Specified Workers) Order 2022 (No 4) booster deadline is extended to 12/03/22, provided that: By 12/03/22 the worker has a booking to receive their booster vaccine dose on or before 12/0322; and the worker has provided evidence of that booster dose to the operator of workplace.
25/02/22: Vaccination (Specified Workers) Order 2022 (No 5). Booster requirements have been included to allow specified workers who are fully
vaccinated but not yet boosted, 18 years and over and not excepted persons to work onsite in the
following limited circumstances including working on site for up to 3 months and 14 days
22/04/22: Specified Workers Order 2022 (No 6) was revoked by Pandemic (Workplace) Order 2022 (No. 8) to combine Specified Facilities, General Workers, Specified Workers and Open Premises into one order",Minister for Health,,VICEOTHT180,0,4
VIC-026,VIC,COVID-19 Mandatory Vaccination (Workers) Directions,Employment,,other,2021-10-07,2021-10-22,2021-10-21,14.0,False,"From 15/10/21, employees must provide vaccination information including bookings to receive doses
First dose by 22/10/21
Second dose by 26/11/22 in order to work outside their place of residence","if a worker has a booking to receive, by the first dose deadline, they are exempted
The exceptional circumstances are:
(a) a worker is required to perform work or duties that is or are necessary to provide for urgent specialist clinical or medical care due to an emergency situation or a critical unforeseen circumstance; or (b) a worker is required to fill a vacancy to provide urgent care, to maintain quality of care and/or to continue essential operations due to an emergency situation or a critical unforeseen circumstance; or a worker is required to respond to an emergency; or (d) a worker is required to perform urgent and essential work to protect
the health and safety of workers or members of the public, or to protect assets and infrastructure; or (e) an education worker that is required to: (i) carry out assessments of an oral or performance examination; or (ii) work as a venue coordinator for those examinations.","A person must not refuse or fail to comply with a direction given to the person, or a requirement made of the person, in the exercise of a power under an authorisation given under section 199.
In the case of a natural person, 120 penalty units; In the case of a body corporate, 600 penalty units.
Giving false and misleading information to an authorised officer. In the case of a natural person, 60 penalty units;In the case of a body corporate, 300 penalty units.",COVID-19 Mandatory Vaccination (Workers) Directions,"Wasn't included in the next available direction found - COVID-19 Mandatory Vaccination (Workers) Directions
(No 5)",,Minister for Health,,VICEOTHT330,0,4
VIC-027,VIC,COVID-19 Mandatory Vaccination (Workers) Directions,Employment,"professional sports, high performance sports or racing person",transport,2021-10-07,2021-10-22,2022-10-12,370.0,False,"From 15/10/21, employees must provide vaccination information including bookings to receive doses
First dose by 22/10/21
Second dose by 26/11/22 in order to work outside their place of residence","if a worker has a booking to receive, by the first dose deadline, they are exempted
The exceptional circumstances are:
(a) a worker is required to perform work or duties that is or are necessary to provide for urgent specialist clinical or medical care due to an emergency situation or a critical unforeseen circumstance; or (b) a worker is required to fill a vacancy to provide urgent care, to maintain quality of care and/or to continue essential operations due to an emergency situation or a critical unforeseen circumstance; or a worker is required to respond to an emergency; or (d) a worker is required to perform urgent and essential work to protect
the health and safety of workers or members of the public, or to protect assets and infrastructure; or (e) an education worker that is required to: (i) carry out assessments of an oral or performance examination; or (ii) work as a venue coordinator for those examinations.","A person must not refuse or fail to comply with a direction given to the person, or a requirement made of the person, in the exercise of a power under an authorisation given under section 199.
In the case of a natural person, 120 penalty units; In the case of a body corporate, 600 penalty units.
Giving false and misleading information to an authorised officer. In the case of a natural person, 60 penalty units;In the case of a body corporate, 300 penalty units.",COVID-19 Mandatory Vaccination (Workers) Directions,Pandemic (Workplace) Order 2022 (No. 10) expired,"7/10/21-15/12/21: COVID-19 Mandatory Vaccination (Workers) Directions No.1-No.8
15/12/21: Pandemic COVID-19 Mandatory Vaccination (Specified Workers) Order 2021 (No 1) revoked previous order
12/01/22: Vaccination (Specified Workers) Order 2022 (No 2) introduced booster dose 
04/02/22: Vaccination (Specified Workers) Order 2022 (No 3) added booster exemption for people under 18
11/02/22: Vaccination (Specified Workers) Order 2022 (No 4) booster deadline is extended to 12/03/22, provided that: By 12/03/22 the worker has a booking to receive their booster vaccine dose on or before 12/0322; and the worker has provided evidence of that booster dose to the operator of workplace.
25/02/22: Vaccination (Specified Workers) Order 2022 (No 5). Booster requirements have been included to allow specified workers who are fully
vaccinated but not yet boosted, 18 years and over and not excepted persons to work onsite in the
following limited circumstances including working on site for up to 3 months and 14 days
22/04/22: Specified Workers Order 2022 (No 6) was revoked by Pandemic (Workplace) Order 2022 (No. 8) to combine Specified Facilities, General Workers, Specified Workers and Open Premises into one order",Minister for Health,,VICEOTHT190,0,4
VIC-028,VIC,COVID-19 Mandatory Vaccination (Workers) Directions,Employment,professional services worker,other,2021-10-07,2021-10-22,2022-10-12,370.0,False,"From 15/10/21, employees must provide vaccination information including bookings to receive doses
First dose by 22/10/21
Second dose by 26/11/22 in order to work outside their place of residence","if a worker has a booking to receive, by the first dose deadline, they are exempted
The exceptional circumstances are:
(a) a worker is required to perform work or duties that is or are necessary to provide for urgent specialist clinical or medical care due to an emergency situation or a critical unforeseen circumstance; or (b) a worker is required to fill a vacancy to provide urgent care, to maintain quality of care and/or to continue essential operations due to an emergency situation or a critical unforeseen circumstance; or a worker is required to respond to an emergency; or (d) a worker is required to perform urgent and essential work to protect
the health and safety of workers or members of the public, or to protect assets and infrastructure; or (e) an education worker that is required to: (i) carry out assessments of an oral or performance examination; or (ii) work as a venue coordinator for those examinations.","A person must not refuse or fail to comply with a direction given to the person, or a requirement made of the person, in the exercise of a power under an authorisation given under section 199.
In the case of a natural person, 120 penalty units; In the case of a body corporate, 600 penalty units.
Giving false and misleading information to an authorised officer. In the case of a natural person, 60 penalty units;In the case of a body corporate, 300 penalty units.",COVID-19 Mandatory Vaccination (Workers) Directions,Pandemic (Workplace) Order 2022 (No. 10) expired,"7/10/21-15/12/21: COVID-19 Mandatory Vaccination (Workers) Directions No.1-No.8
15/12/21: Pandemic COVID-19 Mandatory Vaccination (Specified Workers) Order 2021 (No 1) revoked previous order
12/01/22: Vaccination (Specified Workers) Order 2022 (No 2) introduced booster dose 
04/02/22: Vaccination (Specified Workers) Order 2022 (No 3) added booster exemption for people under 18
11/02/22: Vaccination (Specified Workers) Order 2022 (No 4) booster deadline is extended to 12/03/22, provided that: By 12/03/22 the worker has a booking to receive their booster vaccine dose on or before 12/0322; and the worker has provided evidence of that booster dose to the operator of workplace.
25/02/22: Vaccination (Specified Workers) Order 2022 (No 5). Booster requirements have been included to allow specified workers who are fully
vaccinated but not yet boosted, 18 years and over and not excepted persons to work onsite in the
following limited circumstances including working on site for up to 3 months and 14 days
22/04/22: Specified Workers Order 2022 (No 6) was revoked by Pandemic (Workplace) Order 2022 (No. 8) to combine Specified Facilities, General Workers, Specified Workers and Open Premises into one order",Minister for Health,,VICEOTHT320,0,6
VIC-029,VIC,COVID-19 Mandatory Vaccination (Workers) Directions,Employment,public sector worker,other,2021-10-07,2021-10-22,2022-10-12,370.0,False,"From 15/10/21, employees must provide vaccination information including bookings to receive doses
First dose by 22/10/21
Second dose by 26/11/22 in order to work outside their place of residence","if a worker has a booking to receive, by the first dose deadline, they are exempted
The exceptional circumstances are:
(a) a worker is required to perform work or duties that is or are necessary to provide for urgent specialist clinical or medical care due to an emergency situation or a critical unforeseen circumstance; or (b) a worker is required to fill a vacancy to provide urgent care, to maintain quality of care and/or to continue essential operations due to an emergency situation or a critical unforeseen circumstance; or a worker is required to respond to an emergency; or (d) a worker is required to perform urgent and essential work to protect
the health and safety of workers or members of the public, or to protect assets and infrastructure; or (e) an education worker that is required to: (i) carry out assessments of an oral or performance examination; or (ii) work as a venue coordinator for those examinations.","A person must not refuse or fail to comply with a direction given to the person, or a requirement made of the person, in the exercise of a power under an authorisation given under section 199.
In the case of a natural person, 120 penalty units; In the case of a body corporate, 600 penalty units.
Giving false and misleading information to an authorised officer. In the case of a natural person, 60 penalty units;In the case of a body corporate, 300 penalty units.",COVID-19 Mandatory Vaccination (Workers) Directions,Pandemic (Workplace) Order 2022 (No. 10) expired,"7/10/21-15/12/21: COVID-19 Mandatory Vaccination (Workers) Directions No.1-No.8
15/12/21: Pandemic COVID-19 Mandatory Vaccination (Specified Workers) Order 2021 (No 1) revoked previous order
12/01/22: Vaccination (Specified Workers) Order 2022 (No 2) introduced booster dose 
04/02/22: Vaccination (Specified Workers) Order 2022 (No 3) added booster exemption for people under 18
11/02/22: Vaccination (Specified Workers) Order 2022 (No 4) booster deadline is extended to 12/03/22, provided that: By 12/03/22 the worker has a booking to receive their booster vaccine dose on or before 12/0322; and the worker has provided evidence of that booster dose to the operator of workplace.
25/02/22: Vaccination (Specified Workers) Order 2022 (No 5). Booster requirements have been included to allow specified workers who are fully
vaccinated but not yet boosted, 18 years and over and not excepted persons to work onsite in the
following limited circumstances including working on site for up to 3 months and 14 days",Minister for Health,,VICEOTHT210,0,6
VIC-030,VIC,COVID-19 Mandatory Vaccination (Workers) Directions,Employment,real estate worker,other,2021-10-07,2021-10-22,2022-10-12,370.0,False,"From 15/10/21, employees must provide vaccination information including bookings to receive doses
First dose by 22/10/21
Second dose by 26/11/22 in order to work outside their place of residence","if a worker has a booking to receive, by the first dose deadline, they are exempted
The exceptional circumstances are:
(a) a worker is required to perform work or duties that is or are necessary to provide for urgent specialist clinical or medical care due to an emergency situation or a critical unforeseen circumstance; or (b) a worker is required to fill a vacancy to provide urgent care, to maintain quality of care and/or to continue essential operations due to an emergency situation or a critical unforeseen circumstance; or a worker is required to respond to an emergency; or (d) a worker is required to perform urgent and essential work to protect
the health and safety of workers or members of the public, or to protect assets and infrastructure; or (e) an education worker that is required to: (i) carry out assessments of an oral or performance examination; or (ii) work as a venue coordinator for those examinations.","A person must not refuse or fail to comply with a direction given to the person, or a requirement made of the person, in the exercise of a power under an authorisation given under section 199.
In the case of a natural person, 120 penalty units; In the case of a body corporate, 600 penalty units.
Giving false and misleading information to an authorised officer. In the case of a natural person, 60 penalty units;In the case of a body corporate, 300 penalty units.",COVID-19 Mandatory Vaccination (Workers) Directions,Pandemic (Workplace) Order 2022 (No. 10) expired,"7/10/21-15/12/21: COVID-19 Mandatory Vaccination (Workers) Directions No.1-No.8
15/12/21: Pandemic COVID-19 Mandatory Vaccination (Specified Workers) Order 2021 (No 1) revoked previous order
12/01/22: Vaccination (Specified Workers) Order 2022 (No 2) introduced booster dose 
04/02/22: Vaccination (Specified Workers) Order 2022 (No 3) added booster exemption for people under 18
11/02/22: Vaccination (Specified Workers) Order 2022 (No 4) booster deadline is extended to 12/03/22, provided that: By 12/03/22 the worker has a booking to receive their booster vaccine dose on or before 12/0322; and the worker has provided evidence of that booster dose to the operator of workplace.
25/02/22: Vaccination (Specified Workers) Order 2022 (No 5). Booster requirements have been included to allow specified workers who are fully
vaccinated but not yet boosted, 18 years and over and not excepted persons to work onsite in the
following limited circumstances including working on site for up to 3 months and 14 days
22/04/22: Specified Workers Order 2022 (No 6) was revoked by Pandemic (Workplace) Order 2022 (No. 8) to combine Specified Facilities, General Workers, Specified Workers and Open Premises into one order",Minister for Health,,VICEOTHT220,0,4
VIC-031,VIC,COVID-19 Mandatory Vaccination (Workers) Directions,Employment,religious worker,other,2021-10-07,2021-10-22,2022-10-12,370.0,False,"From 15/10/21, employees must provide vaccination information including bookings to receive doses
First dose by 22/10/21
Second dose by 26/11/22 in order to work outside their place of residence","if a worker has a booking to receive, by the first dose deadline, they are exempted
The exceptional circumstances are:
(a) a worker is required to perform work or duties that is or are necessary to provide for urgent specialist clinical or medical care due to an emergency situation or a critical unforeseen circumstance; or (b) a worker is required to fill a vacancy to provide urgent care, to maintain quality of care and/or to continue essential operations due to an emergency situation or a critical unforeseen circumstance; or a worker is required to respond to an emergency; or (d) a worker is required to perform urgent and essential work to protect
the health and safety of workers or members of the public, or to protect assets and infrastructure; or (e) an education worker that is required to: (i) carry out assessments of an oral or performance examination; or (ii) work as a venue coordinator for those examinations.","A person must not refuse or fail to comply with a direction given to the person, or a requirement made of the person, in the exercise of a power under an authorisation given under section 199.
In the case of a natural person, 120 penalty units; In the case of a body corporate, 600 penalty units.
Giving false and misleading information to an authorised officer. In the case of a natural person, 60 penalty units;In the case of a body corporate, 300 penalty units.",COVID-19 Mandatory Vaccination (Workers) Directions,Pandemic (Workplace) Order 2022 (No. 10) expired,"7/10/21-15/12/21: COVID-19 Mandatory Vaccination (Workers) Directions No.1-No.8
15/12/21: Pandemic COVID-19 Mandatory Vaccination (Specified Workers) Order 2021 (No 1) revoked previous order
12/01/22: Vaccination (Specified Workers) Order 2022 (No 2) introduced booster dose 
04/02/22: Vaccination (Specified Workers) Order 2022 (No 3) added booster exemption for people under 18
11/02/22: Vaccination (Specified Workers) Order 2022 (No 4) booster deadline is extended to 12/03/22, provided that: By 12/03/22 the worker has a booking to receive their booster vaccine dose on or before 12/0322; and the worker has provided evidence of that booster dose to the operator of workplace.
25/02/22: Vaccination (Specified Workers) Order 2022 (No 5). Booster requirements have been included to allow specified workers who are fully
vaccinated but not yet boosted, 18 years and over and not excepted persons to work onsite in the
following limited circumstances including working on site for up to 3 months and 14 days",Minister for Health,,VICEOTHT230,0,4
VIC-032,VIC,COVID-19 Mandatory Vaccination (Workers) Directions,Employment,repair and maintenance worker,other,2021-10-07,2021-10-22,2022-10-12,370.0,False,"From 15/10/21, employees must provide vaccination information including bookings to receive doses
First dose by 22/10/21
Second dose by 26/11/22 in order to work outside their place of residence","if a worker has a booking to receive, by the first dose deadline, they are exempted
The exceptional circumstances are:
(a) a worker is required to perform work or duties that is or are necessary to provide for urgent specialist clinical or medical care due to an emergency situation or a critical unforeseen circumstance; or (b) a worker is required to fill a vacancy to provide urgent care, to maintain quality of care and/or to continue essential operations due to an emergency situation or a critical unforeseen circumstance; or a worker is required to respond to an emergency; or (d) a worker is required to perform urgent and essential work to protect
the health and safety of workers or members of the public, or to protect assets and infrastructure; or (e) an education worker that is required to: (i) carry out assessments of an oral or performance examination; or (ii) work as a venue coordinator for those examinations.","A person must not refuse or fail to comply with a direction given to the person, or a requirement made of the person, in the exercise of a power under an authorisation given under section 199.
In the case of a natural person, 120 penalty units; In the case of a body corporate, 600 penalty units.
Giving false and misleading information to an authorised officer. In the case of a natural person, 60 penalty units;In the case of a body corporate, 300 penalty units.",COVID-19 Mandatory Vaccination (Workers) Directions,Pandemic (Workplace) Order 2022 (No. 10) expired,"7/10/21-15/12/21: COVID-19 Mandatory Vaccination (Workers) Directions No.1-No.8
15/12/21: Pandemic COVID-19 Mandatory Vaccination (Specified Workers) Order 2021 (No 1) revoked previous order
12/01/22: Vaccination (Specified Workers) Order 2022 (No 2) introduced booster dose 
04/02/22: Vaccination (Specified Workers) Order 2022 (No 3) added booster exemption for people under 18
11/02/22: Vaccination (Specified Workers) Order 2022 (No 4) booster deadline is extended to 12/03/22, provided that: By 12/03/22 the worker has a booking to receive their booster vaccine dose on or before 12/0322; and the worker has provided evidence of that booster dose to the operator of workplace.
25/02/22: Vaccination (Specified Workers) Order 2022 (No 5). Booster requirements have been included to allow specified workers who are fully
vaccinated but not yet boosted, 18 years and over and not excepted persons to work onsite in the
following limited circumstances including working on site for up to 3 months and 14 days
22/04/22: Specified Workers Order 2022 (No 6) was revoked by Pandemic (Workplace) Order 2022 (No. 8) to combine Specified Facilities, General Workers, Specified Workers and Open Premises into one order",Minister for Health,,VICEOTHT240,0,4
VIC-033,VIC,COVID-19 Mandatory Vaccination (Workers) Directions,Employment,retail worker,other,2021-10-07,2021-10-22,2022-10-12,370.0,False,"From 15/10/21, employees must provide vaccination information including bookings to receive doses
First dose by 22/10/21
Second dose by 26/11/22 in order to work outside their place of residence","if a worker has a booking to receive, by the first dose deadline, they are exempted
The exceptional circumstances are:
(a) a worker is required to perform work or duties that is or are necessary to provide for urgent specialist clinical or medical care due to an emergency situation or a critical unforeseen circumstance; or (b) a worker is required to fill a vacancy to provide urgent care, to maintain quality of care and/or to continue essential operations due to an emergency situation or a critical unforeseen circumstance; or a worker is required to respond to an emergency; or (d) a worker is required to perform urgent and essential work to protect
the health and safety of workers or members of the public, or to protect assets and infrastructure; or (e) an education worker that is required to: (i) carry out assessments of an oral or performance examination; or (ii) work as a venue coordinator for those examinations.","A person must not refuse or fail to comply with a direction given to the person, or a requirement made of the person, in the exercise of a power under an authorisation given under section 199.
In the case of a natural person, 120 penalty units; In the case of a body corporate, 600 penalty units.
Giving false and misleading information to an authorised officer. In the case of a natural person, 60 penalty units;In the case of a body corporate, 300 penalty units.",COVID-19 Mandatory Vaccination (Workers) Directions,Pandemic (Workplace) Order 2022 (No. 10) expired,"7/10/21-15/12/21: COVID-19 Mandatory Vaccination (Workers) Directions No.1-No.8
15/12/21: Pandemic COVID-19 Mandatory Vaccination (Specified Workers) Order 2021 (No 1) revoked previous order
12/01/22: Vaccination (Specified Workers) Order 2022 (No 2) introduced booster dose 
04/02/22: Vaccination (Specified Workers) Order 2022 (No 3) added booster exemption for people under 18
11/02/22: Vaccination (Specified Workers) Order 2022 (No 4) booster deadline is extended to 12/03/22, provided that: By 12/03/22 the worker has a booking to receive their booster vaccine dose on or before 12/0322; and the worker has provided evidence of that booster dose to the operator of workplace.
25/02/22: Vaccination (Specified Workers) Order 2022 (No 5). Booster requirements have been included to allow specified workers who are fully
vaccinated but not yet boosted, 18 years and over and not excepted persons to work onsite in the
following limited circumstances including working on site for up to 3 months and 14 days",Minister for Health,,VICEOTHT250,0,4
VIC-034,VIC,COVID-19 Mandatory Vaccination (Workers) Directions,Employment,science and technology worker,other,2021-10-07,2021-10-22,2022-10-12,370.0,False,"From 15/10/21, employees must provide vaccination information including bookings to receive doses
First dose by 22/10/21
Second dose by 26/11/22 in order to work outside their place of residence","if a worker has a booking to receive, by the first dose deadline, they are exempted
The exceptional circumstances are:
(a) a worker is required to perform work or duties that is or are necessary to provide for urgent specialist clinical or medical care due to an emergency situation or a critical unforeseen circumstance; or (b) a worker is required to fill a vacancy to provide urgent care, to maintain quality of care and/or to continue essential operations due to an emergency situation or a critical unforeseen circumstance; or a worker is required to respond to an emergency; or (d) a worker is required to perform urgent and essential work to protect
the health and safety of workers or members of the public, or to protect assets and infrastructure; or (e) an education worker that is required to: (i) carry out assessments of an oral or performance examination; or (ii) work as a venue coordinator for those examinations.","A person must not refuse or fail to comply with a direction given to the person, or a requirement made of the person, in the exercise of a power under an authorisation given under section 199.
In the case of a natural person, 120 penalty units; In the case of a body corporate, 600 penalty units.
Giving false and misleading information to an authorised officer. In the case of a natural person, 60 penalty units;In the case of a body corporate, 300 penalty units.",COVID-19 Mandatory Vaccination (Workers) Directions,Pandemic (Workplace) Order 2022 (No. 10) expired,"7/10/21-15/12/21: COVID-19 Mandatory Vaccination (Workers) Directions No.1-No.8
15/12/21: Pandemic COVID-19 Mandatory Vaccination (Specified Workers) Order 2021 (No 1) revoked previous order
12/01/22: Vaccination (Specified Workers) Order 2022 (No 2) introduced booster dose 
04/02/22: Vaccination (Specified Workers) Order 2022 (No 3) added booster exemption for people under 18
11/02/22: Vaccination (Specified Workers) Order 2022 (No 4) booster deadline is extended to 12/03/22, provided that: By 12/03/22 the worker has a booking to receive their booster vaccine dose on or before 12/0322; and the worker has provided evidence of that booster dose to the operator of workplace.
25/02/22: Vaccination (Specified Workers) Order 2022 (No 5). Booster requirements have been included to allow specified workers who are fully
vaccinated but not yet boosted, 18 years and over and not excepted persons to work onsite in the
following limited circumstances including working on site for up to 3 months and 14 days
22/04/22: Specified Workers Order 2022 (No 6) was revoked by Pandemic (Workplace) Order 2022 (No. 8) to combine Specified Facilities, General Workers, Specified Workers and Open Premises into one order",Minister for Health,,VICEOTHT260,0,4
VIC-035,VIC,COVID-19 Mandatory Vaccination (Workers) Directions,Employment,social and community service worker,other,2021-10-07,2021-10-22,2022-10-12,370.0,False,"From 15/10/21, employees must provide vaccination information including bookings to receive doses
First dose by 22/10/21
Second dose by 26/11/22 in order to work outside their place of residence","if a worker has a booking to receive, by the first dose deadline, they are exempted
The exceptional circumstances are:
(a) a worker is required to perform work or duties that is or are necessary to provide for urgent specialist clinical or medical care due to an emergency situation or a critical unforeseen circumstance; or (b) a worker is required to fill a vacancy to provide urgent care, to maintain quality of care and/or to continue essential operations due to an emergency situation or a critical unforeseen circumstance; or a worker is required to respond to an emergency; or (d) a worker is required to perform urgent and essential work to protect
the health and safety of workers or members of the public, or to protect assets and infrastructure; or (e) an education worker that is required to: (i) carry out assessments of an oral or performance examination; or (ii) work as a venue coordinator for those examinations.","A person must not refuse or fail to comply with a direction given to the person, or a requirement made of the person, in the exercise of a power under an authorisation given under section 199.
In the case of a natural person, 120 penalty units; In the case of a body corporate, 600 penalty units.
Giving false and misleading information to an authorised officer. In the case of a natural person, 60 penalty units;In the case of a body corporate, 300 penalty units.",COVID-19 Mandatory Vaccination (Workers) Directions,Pandemic (Workplace) Order 2022 (No. 10) expired,"7/10/21-15/12/21: COVID-19 Mandatory Vaccination (Workers) Directions No.1-No.8
15/12/21: Pandemic COVID-19 Mandatory Vaccination (Specified Workers) Order 2021 (No 1) revoked previous order
12/01/22: Vaccination (Specified Workers) Order 2022 (No 2) introduced booster dose 
04/02/22: Vaccination (Specified Workers) Order 2022 (No 3) added booster exemption for people under 18
11/02/22: Vaccination (Specified Workers) Order 2022 (No 4) booster deadline is extended to 12/03/22, provided that: By 12/03/22 the worker has a booking to receive their booster vaccine dose on or before 12/0322; and the worker has provided evidence of that booster dose to the operator of workplace.
25/02/22: Vaccination (Specified Workers) Order 2022 (No 5). Booster requirements have been included to allow specified workers who are fully
vaccinated but not yet boosted, 18 years and over and not excepted persons to work onsite in the
following limited circumstances including working on site for up to 3 months and 14 days
22/04/22: Specified Workers Order 2022 (No 6) was revoked by Pandemic (Workplace) Order 2022 (No. 8) to combine Specified Facilities, General Workers, Specified Workers and Open Premises into one order",Minister for Health,,VICEOTHT270,0,4
VIC-036,VIC,COVID-19 Mandatory Vaccination (Workers) Directions,Employment,transport worker,transport,2021-10-07,2021-10-22,2022-10-12,370.0,False,"From 15/10/21, employees must provide vaccination information including bookings to receive doses
First dose by 22/10/21
Second dose by 26/11/22 in order to work outside their place of residence","if a worker has a booking to receive, by the first dose deadline, they are exempted
The exceptional circumstances are:
(a) a worker is required to perform work or duties that is or are necessary to provide for urgent specialist clinical or medical care due to an emergency situation or a critical unforeseen circumstance; or (b) a worker is required to fill a vacancy to provide urgent care, to maintain quality of care and/or to continue essential operations due to an emergency situation or a critical unforeseen circumstance; or a worker is required to respond to an emergency; or (d) a worker is required to perform urgent and essential work to protect
the health and safety of workers or members of the public, or to protect assets and infrastructure; or (e) an education worker that is required to: (i) carry out assessments of an oral or performance examination; or (ii) work as a venue coordinator for those examinations.","A person must not refuse or fail to comply with a direction given to the person, or a requirement made of the person, in the exercise of a power under an authorisation given under section 199.
In the case of a natural person, 120 penalty units; In the case of a body corporate, 600 penalty units.
Giving false and misleading information to an authorised officer. In the case of a natural person, 60 penalty units;In the case of a body corporate, 300 penalty units.",COVID-19 Mandatory Vaccination (Workers) Directions,Pandemic (Workplace) Order 2022 (No. 10) expired,"7/10/21-15/12/21: COVID-19 Mandatory Vaccination (Workers) Directions No.1-No.8
15/12/21: Pandemic COVID-19 Mandatory Vaccination (Specified Workers) Order 2021 (No 1) revoked previous order
12/01/22: Vaccination (Specified Workers) Order 2022 (No 2) introduced booster dose 
04/02/22: Vaccination (Specified Workers) Order 2022 (No 3) added booster exemption for people under 18
11/02/22: Vaccination (Specified Workers) Order 2022 (No 4) booster deadline is extended to 12/03/22, provided that: By 12/03/22 the worker has a booking to receive their booster vaccine dose on or before 12/0322; and the worker has provided evidence of that booster dose to the operator of workplace.
25/02/22: Vaccination (Specified Workers) Order 2022 (No 5). Booster requirements have been included to allow specified workers who are fully
vaccinated but not yet boosted, 18 years and over and not excepted persons to work onsite in the
following limited circumstances including working on site for up to 3 months and 14 days
22/04/22: Specified Workers Order 2022 (No 6) was revoked by Pandemic (Workplace) Order 2022 (No. 8) to combine Specified Facilities, General Workers, Specified Workers and Open Premises into one order",Minister for Health,,VICEOTHT280,0,4
VIC-037,VIC,COVID-19 Mandatory Vaccination (Workers) Directions,Employment,utility and urban worker,other,2021-10-07,2021-10-22,2022-10-12,370.0,False,"From 15/10/21, employees must provide vaccination information including bookings to receive doses
First dose by 22/10/21
Second dose by 26/11/22 in order to work outside their place of residence","if a worker has a booking to receive, by the first dose deadline, they are exempted
The exceptional circumstances are:
(a) a worker is required to perform work or duties that is or are necessary to provide for urgent specialist clinical or medical care due to an emergency situation or a critical unforeseen circumstance; or (b) a worker is required to fill a vacancy to provide urgent care, to maintain quality of care and/or to continue essential operations due to an emergency situation or a critical unforeseen circumstance; or a worker is required to respond to an emergency; or (d) a worker is required to perform urgent and essential work to protect
the health and safety of workers or members of the public, or to protect assets and infrastructure; or (e) an education worker that is required to: (i) carry out assessments of an oral or performance examination; or (ii) work as a venue coordinator for those examinations.","A person must not refuse or fail to comply with a direction given to the person, or a requirement made of the person, in the exercise of a power under an authorisation given under section 199.
In the case of a natural person, 120 penalty units; In the case of a body corporate, 600 penalty units.
Giving false and misleading information to an authorised officer. In the case of a natural person, 60 penalty units;In the case of a body corporate, 300 penalty units.",COVID-19 Mandatory Vaccination (Workers) Directions,Pandemic (Workplace) Order 2022 (No. 10) expired,"7/10/21-15/12/21: COVID-19 Mandatory Vaccination (Workers) Directions No.1-No.8
15/12/21: Pandemic COVID-19 Mandatory Vaccination (Specified Workers) Order 2021 (No 1) revoked previous order
12/01/22: Vaccination (Specified Workers) Order 2022 (No 2) introduced booster dose 
04/02/22: Vaccination (Specified Workers) Order 2022 (No 3) added booster exemption for people under 18
11/02/22: Vaccination (Specified Workers) Order 2022 (No 4) booster deadline is extended to 12/03/22, provided that: By 12/03/22 the worker has a booking to receive their booster vaccine dose on or before 12/0322; and the worker has provided evidence of that booster dose to the operator of workplace.
25/02/22: Vaccination (Specified Workers) Order 2022 (No 5). Booster requirements have been included to allow specified workers who are fully
vaccinated but not yet boosted, 18 years and over and not excepted persons to work onsite in the
following limited circumstances including working on site for up to 3 months and 14 days
22/04/22: Specified Workers Order 2022 (No 6) was revoked by Pandemic (Workplace) Order 2022 (No. 8) to combine Specified Facilities, General Workers, Specified Workers and Open Premises into one order",Minister for Health,,VICEOTHT290,0,4
VIC-038,VIC,COVID-19 Mandatory Vaccination (Workers) Directions,Employment,Veterinary and pet/animal care worker,other,2021-10-07,2021-10-22,2022-10-12,370.0,False,"From 15/10/21, employees must provide vaccination information including bookings to receive doses
First dose by 22/10/21
Second dose by 26/11/22 in order to work outside their place of residence","if a worker has a booking to receive, by the first dose deadline, they are exempted
The exceptional circumstances are:
(a) a worker is required to perform work or duties that is or are necessary to provide for urgent specialist clinical or medical care due to an emergency situation or a critical unforeseen circumstance; or (b) a worker is required to fill a vacancy to provide urgent care, to maintain quality of care and/or to continue essential operations due to an emergency situation or a critical unforeseen circumstance; or a worker is required to respond to an emergency; or (d) a worker is required to perform urgent and essential work to protect
the health and safety of workers or members of the public, or to protect assets and infrastructure; or (e) an education worker that is required to: (i) carry out assessments of an oral or performance examination; or (ii) work as a venue coordinator for those examinations.","A person must not refuse or fail to comply with a direction given to the person, or a requirement made of the person, in the exercise of a power under an authorisation given under section 199.
In the case of a natural person, 120 penalty units; In the case of a body corporate, 600 penalty units.
Giving false and misleading information to an authorised officer. In the case of a natural person, 60 penalty units;In the case of a body corporate, 300 penalty units.",COVID-19 Mandatory Vaccination (Workers) Directions,Pandemic (Workplace) Order 2022 (No. 10) expired,"7/10/21-15/12/21: COVID-19 Mandatory Vaccination (Workers) Directions No.1-No.8
15/12/21: Pandemic COVID-19 Mandatory Vaccination (Specified Workers) Order 2021 (No 1) revoked previous order
12/01/22: Vaccination (Specified Workers) Order 2022 (No 2) introduced booster dose 
04/02/22: Vaccination (Specified Workers) Order 2022 (No 3) added booster exemption for people under 18
11/02/22: Vaccination (Specified Workers) Order 2022 (No 4) booster deadline is extended to 12/03/22, provided that: By 12/03/22 the worker has a booking to receive their booster vaccine dose on or before 12/0322; and the worker has provided evidence of that booster dose to the operator of workplace.
25/02/22: Vaccination (Specified Workers) Order 2022 (No 5). Booster requirements have been included to allow specified workers who are fully
vaccinated but not yet boosted, 18 years and over and not excepted persons to work onsite in the
following limited circumstances including working on site for up to 3 months and 14 days
22/04/22: Specified Workers Order 2022 (No 6) was revoked by Pandemic (Workplace) Order 2022 (No. 8) to combine Specified Facilities, General Workers, Specified Workers and Open Premises into one order",Minister for Health,,VICEOTHT310,0,4
VIC-039,VIC,"COVID-19 Mandatory Vaccination
(General Workers) Directions",Employment,outside their ordinary place of residence,other,2021-10-29,2021-10-29,2022-10-12,348.0,False,"Must be fully vaccinated to work
outside the person's ordinary place of residence","Workers that are under 12 years of age, under another vaccine mandate direction or Commonwealth employees, members of State Parliament and religious workers who are not covered by this Order.
if the person holds acceptable certification
from a medical practitioner that the person is unable to receive a dose, or a further dose, of a COVID-19 vaccine due to:
(a) a medical contraindication; or
(b) an acute medical illness (including where the person has been diagnosed with SARS-CoV-2).","A person must not refuse or fail to comply with a direction given to the person, or a requirement made of the person, in the exercise of a power under an authorisation given under section 199.
In the case of a natural person, 120 penalty units; In the case of a body corporate, 600 penalty units.
Giving false and misleading information to an authorised officer. In the case of a natural person, 60 penalty units;In the case of a body corporate, 300 penalty units.","Pandemic COVID-19 Mandatory Vaccination
(General Workers) Order 2021 (No. 1)",Pandemic (Workplace) Order 2022 (No. 10) expired,"12/01/22 - Pandemic COVID-19 Mandatory Vaccination (General Workers) Order 2022 (No. 2) revoked previous order
04/02/22- Pandemic COVID-19 Mandatory Vaccination (General Workers) Order 2022 (No. 3) revoked previous order
22/04/22: Revoked by Pandemic (Workplace) Order 2022 (No. 8) to combine Specified Facilities, General Workers, Specified Workers and Open Premises into one order",Minister for Health,,VICEALL0000,0,1
VIC-040,VIC,"COVID-19 Mandatory Vaccination
(General Workers) Directions",Employment,indoor and outdoor spaces,other,2021-10-29,2021-10-29,2021-12-15,47.0,False,"the employer must not permit the number of persons in an indoor space or an
outdoor space at the premises to exceed the density quotient (2 sq metres).","If the premises is an open premises or a specified facility
Workers that are under 12 years of age, under another vaccine mandate direction or Commonwealth employees, members of State Parliament and religious workers who are not covered by this Order.
if the person holds acceptable certification
from a medical practitioner that the person is unable to receive a dose, or a further dose, of a COVID-19 vaccine due to:
(a) a medical contraindication; or
(b) an acute medical illness (including where the person has been diagnosed with SARS-CoV-2).","A person must not refuse or fail to comply with a direction given to the person, or a requirement made of the person, in the exercise of a power under an authorisation given under section 199.
In the case of a natural person, 120 penalty units; In the case of a body corporate, 600 penalty units.
Giving false and misleading information to an authorised officer. In the case of a natural person, 60 penalty units;In the case of a body corporate, 300 penalty units.","COVID-19 Mandatory Vaccination (General Workers)
Directions
Pandemic COVID-19 Mandatory Vaccination
(General Workers) Order 2021 (No. 1)","COVID-19 Mandatory Vaccination (General Workers) Directions (No
3) revoked by Pandemic COVID-19 Mandatory Vaccination (General
Workers) Order 2021 (No. 1). which didn't include this mandate",,Minister for Health,,VICPIRG0000,0,3
VIC-041,VIC,"Pandemic COVID-19 Mandatory Vaccination
(Specified Workers) Order",Employment,disability worker,aged_care,2021-12-15,2021-12-15,2022-10-12,301.0,False,,"if a worker has a booking to receive, by the first dose deadline, they are exempted
The exceptional circumstances are:
(a) a worker is required to perform work or duties that is or are necessary to provide for urgent specialist clinical or medical care due to an emergency situation or a critical unforeseen circumstance; or (b) a worker is required to fill a vacancy to provide urgent care, to maintain quality of care and/or to continue essential operations due to an emergency situation or a critical unforeseen circumstance; or a worker is required to respond to an emergency; or (d) a worker is required to perform urgent and essential work to protect
the health and safety of workers or members of the public, or to protect assets and infrastructure; or (e) an education worker that is required to: (i) carry out assessments of an oral or performance examination; or (ii) work as a venue coordinator for those examinations.","A person must not refuse or fail to comply with a direction given to the person, or a requirement made of the person, in the exercise of a power under an authorisation given under section 199.
In the case of a natural person, 120 penalty units; In the case of a body corporate, 600 penalty units.
Giving false and misleading information to an authorised officer. In the case of a natural person, 60 penalty units;In the case of a body corporate, 300 penalty units.","Pandemic COVID-19 Mandatory Vaccination
(Specified Workers) Order 2021 (No. 1)",Pandemic (Workplace) Order 2022 (No. 10) expired,"7/10/21-15/12/21: COVID-19 Mandatory Vaccination (Workers) Directions No.1-No.8
15/12/21: Pandemic COVID-19 Mandatory Vaccination (Specified Workers) Order 2021 (No 1) revoked previous order
12/01/22: Vaccination (Specified Workers) Order 2022 (No 2) introduced booster dose 
04/02/22: Vaccination (Specified Workers) Order 2022 (No 3) added booster exemption for people under 18
11/02/22: Vaccination (Specified Workers) Order 2022 (No 4) booster deadline is extended to 12/03/22, provided that: By 12/03/22 the worker has a booking to receive their booster vaccine dose on or before 12/0322; and the worker has provided evidence of that booster dose to the operator of workplace.
25/02/22: Vaccination (Specified Workers) Order 2022 (No 5). Booster requirements have been included to allow specified workers who are fully
vaccinated but not yet boosted, 18 years and over and not excepted persons to work onsite in the
following limited circumstances including working on site for up to 3 months and 14 days
22/04/22: Specified Workers Order 2022 (No 6) was revoked by Pandemic (Workplace) Order 2022 (No. 8) to combine Specified Facilities, General Workers, Specified Workers and Open Premises into one order",Minister for Health,,VICEDSW00V1,0,2
VIC-042,VIC,Open Premises Directions,Public Space,"adult education or
higher education
premises","education, public_space",2021-12-15,2021-12-15,2022-10-12,301.0,False,"workers and visitors must be fully vaccinated and 18 or above to access open premises in Metropolitan Melbourne and
Regional Victoria
15/12/21: changed to all of VIC","do not apply to the operator of an adult education or higher education premises in relation to patrons attending the premises for the purpose of receiving or providing higher
education services, that: cannot be conducted remotely, including attending assessments and classes; or involve secondary school subjects.
Exemptions also include access to bathrooms, severe weather, education and childcare services, public event framework; emegency use and opeations; 12/4/22 added: state or federal elections
a worker is required to perform work or duties that is or are necessary to provide for urgent specialist clinical or medical care due to an emergency situation or a critical unforeseen circumstance; or a worker is required to fill a vacancy to provide urgent care, to maintain quality of care and/or to continue essential operations due to an emergency situation or a critical unforeseen circumstance; or
a worker is required to respond to an emergency; or
a worker is required to perform urgent and essential work to protect the health and safety of workers or members of the public, or to protect assets and infrastructure.","A person must not refuse or fail to comply with a direction given to the person, or a requirement made of the person, in the exercise of a power under an authorisation given under section 199.
In the case of a natural person, 120 penalty units; In the case of a body corporate, 600 penalty units.
Giving false and misleading information to an authorised officer. In the case of a natural person, 60 penalty units;In the case of a body corporate, 300 penalty units.",Open Premises Order (No.2),Pandemic (Workplace) Order 2022 (No. 10) expired,"22/04/22: Specified Workers Order 2022 (No 6) was revoked by Pandemic (Workplace) Order 2022 (No. 8) to combine Specified Facilities, General Workers, Specified Workers and Open Premises into one order",Minister for Health,,VICPEDU0000,0,4
VIC-043,VIC,Pandemic Open Premises Order,Public Space,amusement parks,public_space,2021-12-15,2021-12-15,2022-10-12,301.0,False,"workers and visitors must be fully vaccinated and 18 or above to access open premises
6/1/22: workers above 12 years and 2 months of age must be fully vaccinated","Exemptions include access to bathrooms, severe weather, education and childcare services, public event framework; emegency use and opeations; 12/4/22 added: state or federal elections
a worker is required to perform work or duties that is or are necessary to provide for urgent specialist clinical or medical care due to an emergency situation or a critical unforeseen circumstance; or a worker is required to fill a vacancy to provide urgent care, to maintain quality of care and/or to continue essential operations due to an emergency situation or a critical unforeseen circumstance; or
a worker is required to respond to an emergency; or
a worker is required to perform urgent and essential work to protect the health and safety of workers or members of the public, or to protect assets and infrastructure.","A person must not refuse or fail to comply with a direction given to the person, or a requirement made of the person, in the exercise of a power under an authorisation given under section 199.
In the case of a natural person, 120 penalty units; In the case of a body corporate, 600 penalty units.
Giving false and misleading information to an authorised officer. In the case of a natural person, 60 penalty units;In the case of a body corporate, 300 penalty units.",Pandemic Open Premises Order (No.1) 2021,Pandemic (Workplace) Order 2022 (No. 10) expired,"22/04/22: Specified Workers Order 2022 (No 6) was revoked by Pandemic (Workplace) Order 2022 (No. 8) to combine Specified Facilities, General Workers, Specified Workers and Open Premises into one order",Minister for Health,,VICPOTHT1000,0,1
VIC-044,VIC,"Pandemic (Movement and
Gathering) Order",Employment,Workers at ceremonies,other,2021-12-15,2021-12-15,2022-04-22,128.0,False,Must be fully vaccinated,"an excepted person; or (c) a person who:
(i) conducts services of public worship and acknowledgments of faith; or
(ii) performs marriages, funerals and special memorial services
according to tradition and ecclesiastical and civil law; or (iii) visits members of the community in their homes, hospitals and
other institutions to provide advice and religious comfort for the purpose of end of life faith reasons.","A person must not refuse or fail to comply with a direction given to the person, or a requirement made of the person, in the exercise of a power under an authorisation given under section 199.
In the case of a natural person, 120 penalty units; In the case of a body corporate, 600 penalty units.
Giving false and misleading information to an authorised officer. In the case of a natural person, 60 penalty units;In the case of a body corporate, 300 penalty units.","Pandemic (Movement and
Gathering) Order 2021 (No. 1)
Stay Safe Directions (Victoria)",Stated on the vic.gov webpage,,Minister for Health,,VICEOTHT320,0,4
VIC-045,VIC,Pandemic (Victorian Border Crossing) Order,Employment,International travel for international aircrew services worker,travel,2021-12-15,2021-12-15,2022-04-22,128.0,False,"must be fully vaccinated to enter victoria
Must not attend an educational
facility, childcare or early childhood services, residential aged care facility,
disability residential service or hospital (unless the person is obtaining urgent
medical care) in Victoria after arriving in Australia for 7 days (vaccinated) or 15 days (unvaccinated) (removed 12/01/22, but some more clauses were added. Check executive order removal details for more)","a medically exempt person or is an Australian
based international aircrew services worker.","A person must not refuse or fail to comply with a direction given to the person, or a requirement made of the person, in the exercise of a power under an authorisation given under section 199.
In the case of a natural person, 120 penalty units; In the case of a body corporate, 600 penalty units.
Giving false and misleading information to an authorised officer. In the case of a natural person, 60 penalty units;In the case of a body corporate, 300 penalty units.",Pandemic (Victorian Border Crossing) Order 2021 (No. 1),Stated on the vic.gov webpage,"12/01/22: Pandemic (Victorian Border Crossing) Order 2021 (No. 3) removed restrictions from entering specific facilities for a period of time after entering Victoria.
04/02/22: Pandemic (Victorian Border Crossing) Order 2021 (No. 4) added that ""Fully vaccinated or medically exempt international arrivals (including aircrew) may enter an educational facility, childcare or early childhood service.
Not fully vaccinated or medically exempt international arrivals (including adolescents) may enter an
educational facility, childcare or early childhood service, residential aged care, disability residential
service or hospitals 8 days after arrival."" 
18/02/22: No. 5 removed the requirement for the international arrivals permit scheme and the restrictions for international aircrew services workers who are medically exempt to attend a residential aged care
facility, disability residential service or hospital.
18/03/22: removed testing and quarantine requirements for fully vaccinated aircrew members",Minister for Health,,VICEINT0000,0,1
VIC-046,VIC,Pandemic (Victorian Border Crossing) Order,Public Space,International travel for international passengers,travel,2021-12-15,2021-12-15,2022-04-22,128.0,False,"12 years and 2 months of age or above and is fully vaccinated
If they are younger they must be travelling with one travelling with at least one parent or guardian who is fully
vaccinated or is a medically exempt person or travelling unaccompained
Need a permit too
Must not attend an educational
facility, childcare or early childhood services, residential aged care facility,
disability residential service or hospital (unless the person is obtaining urgent
medical care) in Victoria after arriving in Australia for 7 days (vaccinated) or 15 days (unvaccinated) (removed 12/01/22, but some more clauses were added. Check executive order removal details for more)",medically exempt,"A person must not refuse or fail to comply with a direction given to the person, or a requirement made of the person, in the exercise of a power under an authorisation given under section 199.
In the case of a natural person, 120 penalty units; In the case of a body corporate, 600 penalty units.
Giving false and misleading information to an authorised officer. In the case of a natural person, 60 penalty units;In the case of a body corporate, 300 penalty units.",Pandemic (Victorian Border Crossing) Order 2021 (No. 1),Stated on the vic.gov webpage,"12/01/22: Pandemic (Victorian Border Crossing) Order 2021 (No. 3) removed restrictions from entering specific facilities for a period of time after entering Victoria.
04/02/22: Pandemic (Victorian Border Crossing) Order 2021 (No. 4) added that ""Fully vaccinated or medically exempt international arrivals (including aircrew) may enter an educational facility, childcare or early childhood service.
Not fully vaccinated or medically exempt international arrivals (including adolescents) may enter an
educational facility, childcare or early childhood service, residential aged care, disability residential
service or hospitals 8 days after arrival."" 
18/02/22: No. 5 removed the requirement for the international arrivals permit scheme and the restrictions for children who are not fully vaccinated and are not medically exempt to attend a residential aged care
facility, disability residential service or hospital.",Minister for Health,,VICPINT0000,0,1
VIC-047,VIC,Pandemic (Visitors to Hospitals and Care Facilities) Order,Public Space,Hospitals,healthcare,2022-01-10,2022-01-12,2022-10-12,275.0,False,"only patients, hospital workers and visitors of patients can visit the hospital. For specifics, see directions.
for visitors who are aged 18 years or over:
(a) they are fully vaccinated; or
(b) they are not fully vaccinated and:
(i) present a negative RAT on the same day and (ii) wear an N95 face covering for the duration of their visit; or
(2) for visitors who are aged under 18 years:
(a) they are fully vaccinated; or
(b) they are not fully vaccinated and present a negative RAT on the same day","excepted person means a person who holds acceptable certification that the person is unable to receive a dose, or a further dose, of any COVID-19 vaccine that is available
in Australia due to: (1) a medical contraindication; or (2) an acute medical illness
(a) a person who is visiting for the purpose of providing end-of-life support to a patient of the hospital; or
(b) a person who is an essential carer of a patient, where undertaking a COVID-19 rapid antigen test prior to entry is not practicable; or
(c) a person who has undertaken a COVID-19 PCR test within 24 hours prior to visiting the hospital and provided acceptable evidence of a negative result from that test to the operator of the hospital; or (d) a person providing professional patient care, including but not limited to:
(i) emergency workers in the event of an emergency; and
(ii) ambulance workers; and (iii) visiting healthcare professionals; or
(e) a person who has a physical or mental health illness or condition, or disability, which makes both vaccination and COVID-19 rapid antigen testing unsuitable; or
(f) a person for whom both vaccination and COVID-19 rapid antigen testing are not safe in all the circumstances.
(a) the parent, carer or guardian of the patient, or has temporary care of the patient, and the purpose of the visit is to breastfeed the patient; or
(ii) a person whose presence at the hospital is for the purposes of end of life support for a patient of the hospital; or
(iii) an immediate family member of a patient whose medical
condition is life threatening; and (b) the person is authorised to enter or remain at the hospital
(i) the parent, carer or guardian of the patient, or has temporary care of the patient; or
(ii) the partner or support person of a pregnant patient of the hospital, and the purpose of the visit is to attend the birth of the patient's child; or
(iii) a person whose presence at the hospital is for the purposes of end of life support for a patient of the hospital; or
(iv) an immediate family member of a patient whose medical
condition is life threatening; and the person is authorised","The operator of a hospital must take all reasonable steps to facilitate telephone, video
or other means of electronic communication with the parents, guardians, partners,
carers, support persons and family members of patients to support the physical,
emotional and social wellbeing (including mental health) of patients.",Pandemic (Visitors to Hospitals and Care Facilities) Order 2022 (No. 2),Pandemic (Workplace) Order 2022 (No. 10) expired,,Minister for Health,,VICPHCW0000,0,2
VIC-048,VIC,Pandemic (Visitors to Hospitals and Care Facilities) Order,Public Space,Care facilities,public_space,2022-01-10,2022-01-12,2022-10-12,275.0,False,"NOT A VACCINE MANDATE
only residents, workers,  visitors of residents and visitors of prospective residents can visit the care facility
Must present a negative RAT on the same day they are visiting","excepted person means a person who holds acceptable certification that the person is unable to receive a dose, or a further dose, of any COVID-19 vaccine that is available
in Australia due to: (1) a medical contraindication; or (2) an acute medical illness
Person may enter, or remain on, the premises of the care
facility if: (a) the person's presence at the facility is for the purposes of providing end of life support to a resident of the care facility; and (b) the person is authorised to enter or remain at the care facility","The operator of a care facility must take all reasonable steps to ensure that:
(1) a person does not enter or remain on the premises of the care facility if the person
is prohibited from doing so by clause 18; and
(2) the care facility facilitates telephone, video or other means of electronic
communication with the parents, guardians, partners, carers, support persons
and family members of residents to support the physical, emotional and social
wellbeing (including mental health) of residents.",Pandemic (Visitors to Hospitals and Care Facilities) Order 2022 (No. 2),Pandemic (Workplace) Order 2022 (No. 10) expired,,Minister for Health,,VICPOTC0000,0,2
VIC-049,VIC,COVID-19 Mandatory Vaccination Directions,Employment,residential aged care facilities booster,aged_care,2022-01-12,2022-03-12,2022-06-24,163.0,False,"For workers that became fully vaccinated on or before 12/09/21, the deadline is 12/02/22.
For workers that became fully vaccinated after 12/09/21, the
deadline is 1/03/22.
11/02/22 order update: Deadline extended to 12/03/22","(a) a worker that is required to perform work or duties at the work premises that are necessary to provide for urgent specialist clinical or medical care at the work premises due to an emergency situation or a critical unforeseen circumstance; or (b) a worker that is deployed to fill a vacancy to provide urgent care, to maintain quality of care and/or continue essential operations at the work premises due to an emergency situation or a critical unforeseen circumstance; or (c) a worker who is required to attend the premises to respond to an emergency at the work premises; or (d) a worker who is required to perform urgent and essential work at the work premises to protect the health and safety of workers or members of the public, or to protect assets and infrastructure.","An operator of a residential aged care facility must request, collect and store information about workers' vaccination statuses and whether bookings have been made to receive partial and full vaccines
A person must not refuse or fail to comply with a direction given to the person, or a requirement made of the person, in the exercise of a power under an authorisation given under section 199.
In the case of a natural person, 120 penalty units; In the case of a body corporate, 600 penalty units.
(2) A person is not guilty of an offence against subsection (1) if the person had a reasonable excuse for refusing or failing to comply with the direction or requirement.","COVID-19 Mandatory Vaccination Directions (No 2)
COVID-19 Mandatory Vaccination (Specified Facilities)
Directions (No 10)",Not included in Pandemic (Workplace) Order 2022 (No. 9),"12/01/22 - Pandemic COVID-19 Mandatory Vaccination (Specified Facilities) Order 2022 (No. 2) introduced booster doses
04/02/22 - Pandemic COVID-19 Mandatory Vaccination (Specified Facilities) Order 2022 (No. 4) added ""A worker who was unable to become fully vaccinated (boosted) before their booster deadline due to being in self-quarantine or self-isolation may attend the premises of a specified facility if they
have a booking to receive a booster vaccine within a specified period.""
11/02/22- Pandemic COVID-19 Mandatory Vaccination (Specified Facilities) Order 2022 (No. 5) changed booster deadline from 12/02/22 booster deadline to 12/03/22. The definition of healthcare worker for the purposes of this order is amended to exclude healthcare workers to the extent that they are employed at an education facility.
22/04/22: Revoked by Pandemic (Workplace) Order 2022 (No. 8) to combine Specified Facilities, General Workers, Specified Workers and Open Premises into one order",Minister for Health,,VICERACT1V2,0,2
VIC-050,VIC,COVID-19 Mandatory Vaccination Directions,Employment,healthcare workers booster,healthcare,2022-01-12,2022-03-12,2024-10-04,996.0,False,"For workers that became fully vaccinated on or before
12/09/21, the
deadline is 12/02/22.
For workers that became fully vaccinated after 12/09/21, the
deadline is 29/03/22.
11/02/22 order update: Deadline extended to 12/03/22","(a) a worker that is required to perform work or duties at the work premises that are necessary to provide for urgent specialist clinical or medical care at the work premises due to an emergency situation or a critical unforeseen circumstance; or (b) a worker that is deployed to fill a vacancy to provide urgent care, to maintain quality of care and/or continue essential operations at the work premises due to an emergency situation or a critical unforeseen circumstance; or (c) a worker who is required to attend the premises to respond to an emergency at the work premises; or (d) a worker who is required to perform urgent and essential work at the work premises to protect the health and safety of workers or members of the public, or to protect assets and infrastructure.","A person must not refuse or fail to comply with a direction given to the person, or a requirement made of the person, in the exercise of a power under an authorisation given under section 199.
In the case of a natural person, 120 penalty units; In the case of a body corporate, 600 penalty units.
(2) A person is not guilty of an offence against subsection (1) if the person had a reasonable excuse for refusing or failing to comply with the direction or requirement.","COVID-19 Mandatory Vaccination Directions (No 3)
COVID-19 Mandatory Vaccination (Specified Facilities) Directions (No 10)
Vaccination of Health Care Workers (COVID-19) Directions – Health Services
Vaccination of Health Care Workers (COVID-19) Directions – Health Service Establishments
Vaccination of Health Care Workers (COVID-19) Directions – Ambulance Services",Secretary Directions revoked,"12/01/22 - Pandemic COVID-19 Mandatory Vaccination (Specified Facilities) Order 2022 (No. 2) introduced booster doses
11/02/22- Pandemic COVID-19 Mandatory Vaccination (Specified Facilities) Order 2022 (No. 5) changed booster deadline from 12/02/22 booster deadline to 12/03/22. The booster deadline for HCWs that became fully vaccinated after 12/09/22 whose current booster deadline is 1/0322 is amended to 12/3/22. The definition of healthcare worker for the purposes of this order is amended to exclude healthcare workers to the extent that they are employed at an education facility.
22/04/22: Revoked by Pandemic (Workplace) Order 2022 (No. 8) to combine Specified Facilities, General Workers, Specified Workers and Open Premises into one order
12/10/22: Pandemic (Workplace) Order 2022 (No. 10) expired and replaced by Secretary Directions on 13/10/22",Minister for Health,,VICEHCWT1V2,0,2
VIC-051,VIC,"Pandemic COVID-19 Mandatory
Vaccination (Specified Workers) Order 2022 (No. 2)",Employment,custodial worker booster dose,other,2022-01-12,2022-02-12,2022-10-12,273.0,False,"12/02/22- Booster dose deadline for workers that became fully vaccinated by 12/09/21
12/03/22- Booster dose deadline for workers that became fully vaccinated after 12/09/21

11/02/22: extended booster deadline is to 12/03/22, provided that by 12/03/22 the worker has a booking to receive their booster on or before 12/03/22","if a worker has a booking to receive, by the first dose deadline, they are exempted
The exceptional circumstances are:
(a) a worker is required to perform work or duties that is or are necessary to provide for urgent specialist clinical or medical care due to an emergency situation or a critical unforeseen circumstance; or (b) a worker is required to fill a vacancy to provide urgent care, to maintain quality of care and/or to continue essential operations due to an emergency situation or a critical unforeseen circumstance; or a worker is required to respond to an emergency; or (d) a worker is required to perform urgent and essential work to protect
the health and safety of workers or members of the public, or to protect assets and infrastructure; or (e) an education worker that is required to: (i) carry out assessments of an oral or performance examination; or (ii) work as a venue coordinator for those examinations.
04/02/22: added booster exemption for people under 18
25/02/22:Booster requirements have been included to allow specified workers who are fully vaccinated but not yet boosted, 18 years and over and not excepted persons to work onsite in the following limited circumstances including working on site for up to 3 months and 14 days","A person must not refuse or fail to comply with a direction given to the person, or a requirement made of the person, in the exercise of a power under an authorisation given under section 199.
In the case of a natural person, 120 penalty units; In the case of a body corporate, 600 penalty units.
Giving false and misleading information to an authorised officer. In the case of a natural person, 60 penalty units;In the case of a body corporate, 300 penalty units.","Pandemic COVID-19 Mandatory
Vaccination (Specified Workers) Order 2022 (No. 2)",Pandemic (Workplace) Order 2022 (No. 10) expired,"7/10/21-15/12/21: COVID-19 Mandatory Vaccination (Workers) Directions No.1-No.8
15/12/21: Pandemic COVID-19 Mandatory Vaccination (Specified Workers) Order 2021 (No 1) revoked previous order
12/01/22: Vaccination (Specified Workers) Order 2022 (No 2) introduced booster dose 
04/02/22: Vaccination (Specified Workers) Order 2022 (No 3) added booster exemption for people under 18
11/02/22: Vaccination (Specified Workers) Order 2022 (No 4) booster deadline is extended to 12/03/22, provided that by 12/03/22 the worker has a booking to receive their booster vaccine dose on or before 12/03/22; and the worker has provided evidence of that booster dose to the operator of workplace.
25/02/22: Vaccination (Specified Workers) Order 2022 (No 5). Booster requirements have been included to allow specified workers who are fully
vaccinated but not yet boosted, 18 years and over and not excepted persons to work onsite in the
following limited circumstances including working on site for up to 3 months and 14 days
22/04/22: Specified Workers Order 2022 (No 6) was revoked by Pandemic (Workplace) Order 2022 (No. 8) to combine Specified Facilities, General Workers, Specified Workers and Open Premises into one order",Minister for Health,,VICEOTHT1V2,0,4
VIC-052,VIC,"Pandemic COVID-19 Mandatory
Vaccination (Specified Workers) Order 2022 (No. 2)",Employment,disability worker booster dose,aged_care,2022-01-12,2022-02-12,2022-10-12,273.0,False,"12/02/22- Booster dose deadline for workers that became fully vaccinated by 12/09/21
12/03/22- Booster dose deadline for workers that became fully vaccinated after 12/09/21

11/02/22: extended booster deadline is to 12/03/22, provided that by 12/03/22 the worker has a booking to receive their booster on or before 12/03/22","if a worker has a booking to receive, by the first dose deadline, they are exempted
The exceptional circumstances are:
(a) a worker is required to perform work or duties that is or are necessary to provide for urgent specialist clinical or medical care due to an emergency situation or a critical unforeseen circumstance; or (b) a worker is required to fill a vacancy to provide urgent care, to maintain quality of care and/or to continue essential operations due to an emergency situation or a critical unforeseen circumstance; or a worker is required to respond to an emergency; or (d) a worker is required to perform urgent and essential work to protect
the health and safety of workers or members of the public, or to protect assets and infrastructure; or (e) an education worker that is required to: (i) carry out assessments of an oral or performance examination; or (ii) work as a venue coordinator for those examinations.
04/02/22: added booster exemption for people under 18
25/02/22:Booster requirements have been included to allow specified workers who are fully vaccinated but not yet boosted, 18 years and over and not excepted persons to work onsite in the following limited circumstances including working on site for up to 3 months and 14 days","A person must not refuse or fail to comply with a direction given to the person, or a requirement made of the person, in the exercise of a power under an authorisation given under section 199.
In the case of a natural person, 120 penalty units; In the case of a body corporate, 600 penalty units.
Giving false and misleading information to an authorised officer. In the case of a natural person, 60 penalty units;In the case of a body corporate, 300 penalty units.","Pandemic COVID-19 Mandatory
Vaccination (Specified Workers) Order 2022 (No. 2)",Pandemic (Workplace) Order 2022 (No. 10) expired,"7/10/21-15/12/21: COVID-19 Mandatory Vaccination (Workers) Directions No.1-No.8
15/12/21: Pandemic COVID-19 Mandatory Vaccination (Specified Workers) Order 2021 (No 1) revoked previous order
12/01/22: Vaccination (Specified Workers) Order 2022 (No 2) introduced booster dose 
04/02/22: Vaccination (Specified Workers) Order 2022 (No 3) added booster exemption for people under 18
11/02/22: Vaccination (Specified Workers) Order 2022 (No 4) booster deadline is extended to 12/03/22, provided that by 12/03/22 the worker has a booking to receive their booster vaccine dose on or before 12/03/22; and the worker has provided evidence of that booster dose to the operator of workplace.
25/02/22: Vaccination (Specified Workers) Order 2022 (No 5). Booster requirements have been included to allow specified workers who are fully
vaccinated but not yet boosted, 18 years and over and not excepted persons to work onsite in the
following limited circumstances including working on site for up to 3 months and 14 days
22/04/22: Specified Workers Order 2022 (No 6) was revoked by Pandemic (Workplace) Order 2022 (No. 8) to combine Specified Facilities, General Workers, Specified Workers and Open Premises into one order",Minister for Health,,VICEDSW00V2,0,3
VIC-053,VIC,"Pandemic COVID-19 Mandatory
Vaccination (Specified Workers) Order 2022 (No. 2)",Employment,"emergency service worker (police, firefighters etc) booster dose",emergency,2022-01-12,2022-02-12,2022-10-12,273.0,False,"12/02/22- Booster dose deadline for workers that became fully vaccinated by 12/09/21
12/03/22- Booster dose deadline for workers that became fully vaccinated after 12/09/21

11/02/22: extended booster deadline is to 12/03/22, provided that by 12/03/22 the worker has a booking to receive their booster on or before 12/03/22","if a worker has a booking to receive, by the first dose deadline, they are exempted
The exceptional circumstances are:
(a) a worker is required to perform work or duties that is or are necessary to provide for urgent specialist clinical or medical care due to an emergency situation or a critical unforeseen circumstance; or (b) a worker is required to fill a vacancy to provide urgent care, to maintain quality of care and/or to continue essential operations due to an emergency situation or a critical unforeseen circumstance; or a worker is required to respond to an emergency; or (d) a worker is required to perform urgent and essential work to protect
the health and safety of workers or members of the public, or to protect assets and infrastructure; or (e) an education worker that is required to: (i) carry out assessments of an oral or performance examination; or (ii) work as a venue coordinator for those examinations.
04/02/22: added booster exemption for people under 18
25/02/22:Booster requirements have been included to allow specified workers who are fully vaccinated but not yet boosted, 18 years and over and not excepted persons to work onsite in the following limited circumstances including working on site for up to 3 months and 14 days","A person must not refuse or fail to comply with a direction given to the person, or a requirement made of the person, in the exercise of a power under an authorisation given under section 199.
In the case of a natural person, 120 penalty units; In the case of a body corporate, 600 penalty units.
Giving false and misleading information to an authorised officer. In the case of a natural person, 60 penalty units;In the case of a body corporate, 300 penalty units.","Pandemic COVID-19 Mandatory
Vaccination (Specified Workers) Order 2022 (No. 2)",Pandemic (Workplace) Order 2022 (No. 10) expired,"7/10/21-15/12/21: COVID-19 Mandatory Vaccination (Workers) Directions No.1-No.8
15/12/21: Pandemic COVID-19 Mandatory Vaccination (Specified Workers) Order 2021 (No 1) revoked previous order
12/01/22: Vaccination (Specified Workers) Order 2022 (No 2) introduced booster dose 
04/02/22: Vaccination (Specified Workers) Order 2022 (No 3) added booster exemption for people under 18
11/02/22: Vaccination (Specified Workers) Order 2022 (No 4) booster deadline is extended to 12/03/22, provided that by 12/03/22 the worker has a booking to receive their booster vaccine dose on or before 12/03/22; and the worker has provided evidence of that booster dose to the operator of workplace.
25/02/22: Vaccination (Specified Workers) Order 2022 (No 5). Booster requirements have been included to allow specified workers who are fully
vaccinated but not yet boosted, 18 years and over and not excepted persons to work onsite in the
following limited circumstances including working on site for up to 3 months and 14 days
22/04/22: Specified Workers Order 2022 (No 6) was revoked by Pandemic (Workplace) Order 2022 (No. 8) to combine Specified Facilities, General Workers, Specified Workers and Open Premises into one order",Minister for Health,,VICEFES00V2,0,3
VIC-054,VIC,"Pandemic COVID-19 Mandatory
Vaccination (Specified Workers) Order 2022 (No. 2)",Employment,food distribution worker booster dose,other,2022-01-12,2022-02-12,2022-06-26,165.0,False,"12/02/22- Booster dose deadline for workers that became fully vaccinated by 12/09/21
12/03/22- Booster dose deadline for workers that became fully vaccinated after 12/09/21

11/02/22: extended booster deadline is to 12/03/22, provided that by 12/03/22 the worker has a booking to receive their booster on or before 12/03/22","if a worker has a booking to receive, by the first dose deadline, they are exempted
The exceptional circumstances are:
(a) a worker is required to perform work or duties that is or are necessary to provide for urgent specialist clinical or medical care due to an emergency situation or a critical unforeseen circumstance; or (b) a worker is required to fill a vacancy to provide urgent care, to maintain quality of care and/or to continue essential operations due to an emergency situation or a critical unforeseen circumstance; or a worker is required to respond to an emergency; or (d) a worker is required to perform urgent and essential work to protect
the health and safety of workers or members of the public, or to protect assets and infrastructure; or (e) an education worker that is required to: (i) carry out assessments of an oral or performance examination; or (ii) work as a venue coordinator for those examinations.
04/02/22: added booster exemption for people under 18
25/02/22:Booster requirements have been included to allow specified workers who are fully vaccinated but not yet boosted, 18 years and over and not excepted persons to work onsite in the following limited circumstances including working on site for up to 3 months and 14 days","A person must not refuse or fail to comply with a direction given to the person, or a requirement made of the person, in the exercise of a power under an authorisation given under section 199.
In the case of a natural person, 120 penalty units; In the case of a body corporate, 600 penalty units.
Giving false and misleading information to an authorised officer. In the case of a natural person, 60 penalty units;In the case of a body corporate, 300 penalty units.","Pandemic COVID-19 Mandatory
Vaccination (Specified Workers) Order 2022 (No. 2)",Not included in Pandemic (Workplace) Order 2022 (No. 9),"7/10/21-15/12/21: COVID-19 Mandatory Vaccination (Workers) Directions No.1-No.8
15/12/21: Pandemic COVID-19 Mandatory Vaccination (Specified Workers) Order 2021 (No 1) revoked previous order
12/01/22: Vaccination (Specified Workers) Order 2022 (No 2) introduced booster dose 
04/02/22: Vaccination (Specified Workers) Order 2022 (No 3) added booster exemption for people under 18
11/02/22: Vaccination (Specified Workers) Order 2022 (No 4) booster deadline is extended to 12/03/22, provided that by 12/03/22 the worker has a booking to receive their booster vaccine dose on or before 12/03/22; and the worker has provided evidence of that booster dose to the operator of workplace.
25/02/22: Vaccination (Specified Workers) Order 2022 (No 5). Booster requirements have been included to allow specified workers who are fully
vaccinated but not yet boosted, 18 years and over and not excepted persons to work onsite in the
following limited circumstances including working on site for up to 3 months and 14 days
22/04/22: Specified Workers Order 2022 (No 6) was revoked by Pandemic (Workplace) Order 2022 (No. 8) to combine Specified Facilities, General Workers, Specified Workers and Open Premises into one order",Minister for Health,,VICEFAD00V2,0,4
VIC-055,VIC,"Pandemic COVID-19 Mandatory
Vaccination (Specified Workers) Order 2022 (No. 2)",Employment,"meat and seafood
processing worker booster dose",other,2022-01-12,2022-02-12,2022-06-26,165.0,False,"12/02/22- Booster dose deadline for workers that became fully vaccinated by 12/09/21
12/03/22- Booster dose deadline for workers that became fully vaccinated after 12/09/21

11/02/22: extended booster deadline is to 12/03/22, provided that by 12/03/22 the worker has a booking to receive their booster on or before 12/03/22","if a worker has a booking to receive, by the first dose deadline, they are exempted
The exceptional circumstances are:
(a) a worker is required to perform work or duties that is or are necessary to provide for urgent specialist clinical or medical care due to an emergency situation or a critical unforeseen circumstance; or (b) a worker is required to fill a vacancy to provide urgent care, to maintain quality of care and/or to continue essential operations due to an emergency situation or a critical unforeseen circumstance; or a worker is required to respond to an emergency; or (d) a worker is required to perform urgent and essential work to protect
the health and safety of workers or members of the public, or to protect assets and infrastructure; or (e) an education worker that is required to: (i) carry out assessments of an oral or performance examination; or (ii) work as a venue coordinator for those examinations.
04/02/22: added booster exemption for people under 18
25/02/22:Booster requirements have been included to allow specified workers who are fully vaccinated but not yet boosted, 18 years and over and not excepted persons to work onsite in the following limited circumstances including working on site for up to 3 months and 14 days","A person must not refuse or fail to comply with a direction given to the person, or a requirement made of the person, in the exercise of a power under an authorisation given under section 199.
In the case of a natural person, 120 penalty units; In the case of a body corporate, 600 penalty units.
Giving false and misleading information to an authorised officer. In the case of a natural person, 60 penalty units;In the case of a body corporate, 300 penalty units.","Pandemic COVID-19 Mandatory
Vaccination (Specified Workers) Order 2022 (No. 2)",Not included in Pandemic (Workplace) Order 2022 (No. 9),"7/10/21-15/12/21: COVID-19 Mandatory Vaccination (Workers) Directions No.1-No.8
15/12/21: Pandemic COVID-19 Mandatory Vaccination (Specified Workers) Order 2021 (No 1) revoked previous order
12/01/22: Vaccination (Specified Workers) Order 2022 (No 2) introduced booster dose 
04/02/22: Vaccination (Specified Workers) Order 2022 (No 3) added booster exemption for people under 18
11/02/22: Vaccination (Specified Workers) Order 2022 (No 4) booster deadline is extended to 12/03/22, provided that by 12/03/22 the worker has a booking to receive their booster vaccine dose on or before 12/03/22; and the worker has provided evidence of that booster dose to the operator of workplace.
25/02/22: Vaccination (Specified Workers) Order 2022 (No 5). Booster requirements have been included to allow specified workers who are fully
vaccinated but not yet boosted, 18 years and over and not excepted persons to work onsite in the
following limited circumstances including working on site for up to 3 months and 14 days
22/04/22: Specified Workers Order 2022 (No 6) was revoked by Pandemic (Workplace) Order 2022 (No. 8) to combine Specified Facilities, General Workers, Specified Workers and Open Premises into one order",Minister for Health,,VICEMIW00V2,0,4
VIC-056,VIC,"Pandemic COVID-19 Mandatory
Vaccination (Specified Workers) Order 2022 (No. 2)",Employment,"quarantine
accommodation
worker booster dose",quarantine,2022-01-12,2022-02-12,2022-10-12,273.0,False,"12/02/22- Booster dose deadline for workers that became fully vaccinated by 12/09/21
12/03/22- Booster dose deadline for workers that became fully vaccinated after 12/09/21

11/02/22: extended booster deadline is to 12/03/22, provided that by 12/03/22 the worker has a booking to receive their booster on or before 12/03/22","if a worker has a booking to receive, by the first dose deadline, they are exempted
The exceptional circumstances are:
(a) a worker is required to perform work or duties that is or are necessary to provide for urgent specialist clinical or medical care due to an emergency situation or a critical unforeseen circumstance; or (b) a worker is required to fill a vacancy to provide urgent care, to maintain quality of care and/or to continue essential operations due to an emergency situation or a critical unforeseen circumstance; or a worker is required to respond to an emergency; or (d) a worker is required to perform urgent and essential work to protect
the health and safety of workers or members of the public, or to protect assets and infrastructure; or (e) an education worker that is required to: (i) carry out assessments of an oral or performance examination; or (ii) work as a venue coordinator for those examinations.
04/02/22: added booster exemption for people under 18
25/02/22:Booster requirements have been included to allow specified workers who are fully vaccinated but not yet boosted, 18 years and over and not excepted persons to work onsite in the following limited circumstances including working on site for up to 3 months and 14 days","A person must not refuse or fail to comply with a direction given to the person, or a requirement made of the person, in the exercise of a power under an authorisation given under section 199.
In the case of a natural person, 120 penalty units; In the case of a body corporate, 600 penalty units.
Giving false and misleading information to an authorised officer. In the case of a natural person, 60 penalty units;In the case of a body corporate, 300 penalty units.","Pandemic COVID-19 Mandatory
Vaccination (Specified Workers) Order 2022 (No. 2)",Pandemic (Workplace) Order 2022 (No. 10) expired,"7/10/21-15/12/21: COVID-19 Mandatory Vaccination (Workers) Directions No.1-No.8
15/12/21: Pandemic COVID-19 Mandatory Vaccination (Specified Workers) Order 2021 (No 1) revoked previous order
12/01/22: Vaccination (Specified Workers) Order 2022 (No 2) introduced booster dose 
04/02/22: Vaccination (Specified Workers) Order 2022 (No 3) added booster exemption for people under 18
11/02/22: Vaccination (Specified Workers) Order 2022 (No 4) booster deadline is extended to 12/03/22, provided that by 12/03/22 the worker has a booking to receive their booster vaccine dose on or before 12/03/22; and the worker has provided evidence of that booster dose to the operator of workplace.
25/02/22: Vaccination (Specified Workers) Order 2022 (No 5). Booster requirements have been included to allow specified workers who are fully
vaccinated but not yet boosted, 18 years and over and not excepted persons to work onsite in the
following limited circumstances including working on site for up to 3 months and 14 days
22/04/22: Specified Workers Order 2022 (No 6) was revoked by Pandemic (Workplace) Order 2022 (No. 8) to combine Specified Facilities, General Workers, Specified Workers and Open Premises into one order",Minister for Health,,VICEHQW00V2,0,3
VIC-057,VIC,"COVID-19 Mandatory Vaccination (Specified Facilities)
Directions",Employment,"education facility booster (including teachers, early childhood educators and educational support staff)","education, transport",2022-01-25,2022-03-25,2022-10-12,260.0,False,"For workers that became fully vaccinated on or before 25/10/21, the deadline is 25/02/22.
For workers that became fully vaccinated after 25/10/21, the deadline is 15/03/22.
25/02/22 order update: deadline extended to 25/03/22","Exception — booking by first dose deadline
(a) a worker is required to perform work or duties at the facility that is or are necessary to provide for urgent specialist clinical or medical care due to an emergency situation or a critical unforeseen circumstance; or (b) a worker is required to fill a vacancy to provide urgent care, to maintain quality of care and/or continue essential operations at the facility due to an emergency situation or a critical unforeseen circumstance; or
(c) a worker is required to attend the facility to respond to an emergency at the facility; or (d) a worker is required to perform urgent and essential work at the facility to protect the health and safety of workers or members of the public, or to protect assets and infrastructure; or (e) an education worker is required to: (i) carry out assessments of an oral or performance examination as part of the Victorian Certificate of Education or International Baccalaureate; or (ii) work as a venue coordinator for those examinations.","A person must not refuse or fail to comply with a direction given to the person, or a requirement made of the person, in the exercise of a power under an authorisation given under section 199.
In the case of a natural person, 120 penalty units; In the case of a body corporate, 600 penalty units.
(2) A person is not guilty of an offence against subsection (1) if the person had a reasonable excuse for refusing or failing to comply with the direction or requirement.","COVID-19 Mandatory Vaccination (Specified Facilities)
Directions (No 10)",Pandemic (Workplace) Order 2022 (No. 10) expired,"25/01/22 - Pandemic COVID-19 Mandatory Vaccination (Specified Facilities) Order 2022 (No. 3) introduced booster doses
04/02/22 - Pandemic COVID-19 Mandatory Vaccination (Specified Facilities) Order 2022 (No. 4) added ""A worker who was unable to become fully vaccinated (boosted) before their booster deadline due to being in self-quarantine or self-isolation may attend the premises of a specified facility if they
have a booking to receive a booster vaccine within a specified period.""
25/02/22: Pandemic COVID-19 Mandatory Vaccination (Specified Facilities) Order 2022 (No. 6) changed booster deadline from 25/02/22 booster to 25/03/22. An education facility worker that became fully vaccinated on or before 25 October 2021 and has not received a booster vaccine dose by 25/02/22 must not be allowed to work on the specified facility premises unless they have a booking to receive a booster vaccine dose on or before 25/03/22 and has provided evidence of that booster dose booking to their employer.
22/04/22: Revoked by Pandemic (Workplace) Order 2022 (No. 8) to combine Specified Facilities, General Workers, Specified Workers and Open Premises into one order",Minister for Health,,VICEEDUT1V2,0,3
VIC-058,VIC,"COVID-19 Vaccination
Requirements Policy",Employment,all employees of the Department of Education and Training and its portfolio agencies,"education, transport",2022-02-10,2022-02-10,2024-06-24,865,False,"are to attend the workplace only when they have up-to-date vaccination
status against COVID-19","An employee or other Workplace Participant may be permitted to work outside their ordinary place
of residence for the Department and its portfolio agencies if the employee is an Excepted Person
(see definitions below) and has produced Acceptable Certification to the department or one of its
portfolio agencies to substantiate that they are an Excepted Person.","Employees who do not comply with the directions outlined in this Policy may be subject to
disciplinary action, and/or to a show cause process relating to their capacity to undertake the role,
which may result in termination of employment. Workplace Participants may have their contract for
the provision of services with the Employer terminated.
For Victorian Public Service Employees, compliance with this Policy will be managed in
accordance with Vaccination requirements for Victorian public service employers guidance
materials.",,,,Department of Education and Training,,VICEDCJT200,0,5
VIC-059,VIC,Cruise Ships Protocol (No. 2),Public Space,Cruise ship passengers,public_space,2022-06-10,2022-06-10,2022-10-12,124.0,False,"Must be fully vaccinated to embark
A cruise ship operator must ensure that at least 95% of passengers travelling on a cruise ship are fully vaccinated at the point of embarkation. (Includes children and people with medical exemptions)",,"A person must not refuse or fail to comply with a direction given to the person, or a requirement made of the person, in the exercise of a power under an authorisation given under section 199.
In the case of a natural person, 120 penalty units; In the case of a body corporate, 600 penalty units.
Giving false and misleading information to an authorised officer. In the case of a natural person, 60 penalty units;In the case of a body corporate, 300 penalty units.",Cruise Ships Protocol (No. 2),"Stated in the Order that it ends at the date and time the Pandemic (Workplace) Order is either:
(a) amended to remove the power of the Chief Health Officer to make a
protocol that specifies requirements in relation to the use and operation
of cruise ships; or (b) revoked and not immediately replaced.
Pandemic (Workplace) Order 2022 (No. 10) expired on 12/10/22",,Minister for Health,,VICEPOW0000,0,4
VIC-060,VIC,Cruise Ships Protocol (No. 2),Employment,Cruise ship crew members,other,2022-06-10,2022-06-10,2022-10-12,124.0,False,"Crew member can only work on a cruise ship in Victoria if they are fully
vaccinated (boosted), unless the crew member is not eligible to be fully
vaccinated (boosted) because less than 3 months has passed since the worker
became fully vaccinated.",,"A person must not refuse or fail to comply with a direction given to the person, or a requirement made of the person, in the exercise of a power under an authorisation given under section 199.
In the case of a natural person, 120 penalty units; In the case of a body corporate, 600 penalty units.
Giving false and misleading information to an authorised officer. In the case of a natural person, 60 penalty units;In the case of a body corporate, 300 penalty units.",Cruise Ships Protocol (No. 2),"Stated in the Order that it ends at the date and time the Pandemic (Workplace) Order is either:
(a) amended to remove the power of the Chief Health Officer to make a
protocol that specifies requirements in relation to the use and operation
of cruise ships; or (b) revoked and not immediately replaced.
Pandemic (Workplace) Order 2022 (No. 10) expired on 12/10/22",,Minister for Health,,VICPPOW0000,0,4
VIC-061,VIC,Covid-19 Vaccination Requirements Policy,Employment,"all employees and other workplace participants of the Victorian Institute of Teaching (VIT)
*Might not be a government mandate as they are not affiliated with the Department of Education","education, public_service",2022-09-17,2023-01-01,,,False,only employees or other workplace participants with up to date vaccination status against COVID-19 and who provide evidence of their vaccination status are permitted to work for VIT outside their ordinary place of residence.,,"Employees who do not comply with the directions outlined in this Policy within a three-month period of this Policy’s implementation may be subject to disciplinary action, and/or to a show cause process relating to their capacity to undertake the role, and/or otherwise dealt with in accordance with the Management of Misconduct clause (Clause 24) of the Victorian Institute of Teaching Enterprise Agreement 2021. Workplace participants may have their contract for the provision of services with the VIT terminated.",,,,Victorian Institute for Teaching,,VICEDCJT100,1,5
VIC-062,VIC,"COVID-19 Mandatory Vaccination (Specified Facilities)
Directions",Employment,"education facility (including teachers, early childhood
educators and educational support staff)","education, transport",,2021-10-25,2022-06-24,,True,"First dose by 25/10/21
Second dose by 29/11/21
Must provide vaccination and booking details from 18/10/21 to the education operator","Exception — booking by first dose deadline
(a) a worker is required to perform work or duties at the facility that is or are necessary to provide for urgent specialist clinical or medical care due to an emergency situation or a critical unforeseen circumstance; or (b) a worker is required to fill a vacancy to provide urgent care, to maintain quality of care and/or continue essential operations at the facility due to an emergency situation or a critical unforeseen circumstance; or
(c) a worker is required to attend the facility to respond to an emergency at the facility; or (d) a worker is required to perform urgent and essential work at the facility to protect the health and safety of workers or members of the public, or to protect assets and infrastructure; or (e) an education worker is required to: (i) carry out assessments of an oral or performance examination as part of the Victorian Certificate of Education or International Baccalaureate; or (ii) work as a venue coordinator for those examinations.","A person must not refuse or fail to comply with a direction given to the person, or a requirement made of the person, in the exercise of a power under an authorisation given under section 199.
In the case of a natural person, 120 penalty units; In the case of a body corporate, 600 penalty units.
(2) A person is not guilty of an offence against subsection (1) if the person had a reasonable excuse for refusing or failing to comply with the direction or requirement.","COVID-19 Mandatory Vaccination (Specified Facilities)
Directions (No 10)",Not included in Pandemic (Workplace) Order 2022 (No. 9),"25/01/22 - Pandemic COVID-19 Mandatory Vaccination (Specified Facilities) Order 2022 (No. 3) introduced booster doses
04/02/22 - Pandemic COVID-19 Mandatory Vaccination (Specified Facilities) Order 2022 (No. 4) added ""A worker who was unable to become fully vaccinated (boosted) before their booster deadline due to being in self-quarantine or self-isolation may attend the premises of a specified facility if they
have a booking to receive a booster vaccine within a specified period.""
25/02/22: Pandemic COVID-19 Mandatory Vaccination (Specified Facilities) Order 2022 (No. 6) changed booster deadline from 25/02/22 booster to 25/03/22. An education facility worker that became fully vaccinated on or before 25 October 2021 and has not received a booster vaccine dose by 25/02/22 must not be allowed to work on the specified facility premises unless they have a booking to receive a booster vaccine dose on or before 25/03/22 and has provided evidence of that booster dose booking to their employer.
22/04/22: Revoked by Pandemic (Workplace) Order 2022 (No. 8) to combine Specified Facilities, General Workers, Specified Workers and Open Premises into one order",Minister for Health,New articles that also announced government school staff will be entitled to a half-day of paid time off in order to attend a vaccination appointment.,VICEEDUT1V1,0,3
VIC-063,VIC,Pandemic Open Premises Order,Public Space,"arcades, escape rooms, bingo centres",public_space,,2021-10-23,2022-10-12,,True,"workers and visitors must be fully vaccinated and 18 or above to access open premises
6/1/22: workers above 12 years and 2 months of age must be fully vaccinated","Exemptions include access to bathrooms, severe weather, education and childcare services, public event framework; emegency use and opeations; 12/4/22 added: state or federal elections
a worker is required to perform work or duties that is or are necessary to provide for urgent specialist clinical or medical care due to an emergency situation or a critical unforeseen circumstance; or a worker is required to fill a vacancy to provide urgent care, to maintain quality of care and/or to continue essential operations due to an emergency situation or a critical unforeseen circumstance; or
a worker is required to respond to an emergency; or
a worker is required to perform urgent and essential work to protect the health and safety of workers or members of the public, or to protect assets and infrastructure.","A person must not refuse or fail to comply with a direction given to the person, or a requirement made of the person, in the exercise of a power under an authorisation given under section 199.
In the case of a natural person, 120 penalty units; In the case of a body corporate, 600 penalty units.
Giving false and misleading information to an authorised officer. In the case of a natural person, 60 penalty units;In the case of a body corporate, 300 penalty units.",Pandemic Open Premises Order (No.1) 2021,Pandemic (Workplace) Order 2022 (No. 10) expired,"22/04/22: Specified Workers Order 2022 (No 6) was revoked by Pandemic (Workplace) Order 2022 (No. 8) to combine Specified Facilities, General Workers, Specified Workers and Open Premises into one order",Minister for Health,,VICPOTHT2000,0,3
VIC-064,VIC,Open Premises Directions,Public Space,animal premises,public_space,,2021-10-23,2021-12-15,,True,"visitors must be fully vaccinated and 18 or above to access open premises in Metropolitan Melbourne and
Regional Victoria
15/12/21: changed to all of VIC
6/1/22: workers above 12 years and 2 months of age must be fully vaccinate","Exemptions include access to bathrooms, severe weather, education and childcare services, public event framework; emegency use and opeations; 12/4/22 added: state or federal elections
a worker is required to perform work or duties that is or are necessary to provide for urgent specialist clinical or medical care due to an emergency situation or a critical unforeseen circumstance; or a worker is required to fill a vacancy to provide urgent care, to maintain quality of care and/or to continue essential operations due to an emergency situation or a critical unforeseen circumstance; or
a worker is required to respond to an emergency; or
a worker is required to perform urgent and essential work to protect the health and safety of workers or members of the public, or to protect assets and infrastructure.","A person must not refuse or fail to comply with a direction given to the person, or a requirement made of the person, in the exercise of a power under an authorisation given under section 199.
In the case of a natural person, 120 penalty units; In the case of a body corporate, 600 penalty units.
Giving false and misleading information to an authorised officer. In the case of a natural person, 60 penalty units;In the case of a body corporate, 300 penalty units.",Open Premises Order (No.2),Requirememnt removed before 5/12/2021 as it's not in the new order,,Minister for Health,,VICPOTHT3000,0,5
VIC-065,VIC,Open Premises Directions,Public Space,"casino operating as accommodation
premises",public_space,,2021-10-23,2022-10-12,,True,"visitors must be fully vaccinated and 18 or above to access open premises in Metropolitan Melbourne and
Regional Victoria
15/12/21: changed to all of VIC
6/1/22: workers above 12 years and 2 months of age must be fully vaccinate","Exemptions include access to bathrooms, severe weather, education and childcare services, public event framework; emegency use and opeations; 12/4/22 added: state or federal elections
a worker is required to perform work or duties that is or are necessary to provide for urgent specialist clinical or medical care due to an emergency situation or a critical unforeseen circumstance; or a worker is required to fill a vacancy to provide urgent care, to maintain quality of care and/or to continue essential operations due to an emergency situation or a critical unforeseen circumstance; or
a worker is required to respond to an emergency; or
a worker is required to perform urgent and essential work to protect the health and safety of workers or members of the public, or to protect assets and infrastructure.","A person must not refuse or fail to comply with a direction given to the person, or a requirement made of the person, in the exercise of a power under an authorisation given under section 199.
In the case of a natural person, 120 penalty units; In the case of a body corporate, 600 penalty units.
Giving false and misleading information to an authorised officer. In the case of a natural person, 60 penalty units;In the case of a body corporate, 300 penalty units.","Open Premises Order (No.2)
Pandemic Open Premises Order (No.1) 2021",Pandemic (Workplace) Order 2022 (No. 10) expired,"22/04/22: Specified Workers Order 2022 (No 6) was revoked by Pandemic (Workplace) Order 2022 (No. 8) to combine Specified Facilities, General Workers, Specified Workers and Open Premises into one order",Minister for Health,,VICPOTHT4000,0,5
VIC-066,VIC,Open Premises Directions,Public Space,"casino operating as
food and drink
premises",public_space,,2021-10-23,2022-10-12,,True,"visitors must be fully vaccinated and 18 or above to access open premises in Metropolitan Melbourne and
Regional Victoria
15/12/21: changed to all of VIC
6/1/22: workers above 12 years and 2 months of age must be fully vaccinate","Exemptions include access to bathrooms, severe weather, education and childcare services, public event framework; emegency use and opeations; 12/4/22 added: state or federal elections
a worker is required to perform work or duties that is or are necessary to provide for urgent specialist clinical or medical care due to an emergency situation or a critical unforeseen circumstance; or a worker is required to fill a vacancy to provide urgent care, to maintain quality of care and/or to continue essential operations due to an emergency situation or a critical unforeseen circumstance; or
a worker is required to respond to an emergency; or
a worker is required to perform urgent and essential work to protect the health and safety of workers or members of the public, or to protect assets and infrastructure.","A person must not refuse or fail to comply with a direction given to the person, or a requirement made of the person, in the exercise of a power under an authorisation given under section 199.
In the case of a natural person, 120 penalty units; In the case of a body corporate, 600 penalty units.
Giving false and misleading information to an authorised officer. In the case of a natural person, 60 penalty units;In the case of a body corporate, 300 penalty units.","Open Premises Order (No.2)
Pandemic Open Premises Order (No.1) 2021",Pandemic (Workplace) Order 2022 (No. 10) expired,"22/04/22: Specified Workers Order 2022 (No 6) was revoked by Pandemic (Workplace) Order 2022 (No. 8) to combine Specified Facilities, General Workers, Specified Workers and Open Premises into one order",Minister for Health,,VICPFADT100,0,5
VIC-067,VIC,Open Premises Directions,Public Space,"childcare or early
childhood premises","education, public_space",,2021-10-23,2021-12-15,,True,"workers and visitors must be fully vaccinated and 18 or above to access open premises in Metropolitan Melbourne and
Regional Victoria","Exemptions include access to bathrooms, severe weather, education and childcare services, public event framework; emegency use and opeations; 12/4/22 added: state or federal elections
a worker is required to perform work or duties that is or are necessary to provide for urgent specialist clinical or medical care due to an emergency situation or a critical unforeseen circumstance; or a worker is required to fill a vacancy to provide urgent care, to maintain quality of care and/or to continue essential operations due to an emergency situation or a critical unforeseen circumstance; or
a worker is required to respond to an emergency; or
a worker is required to perform urgent and essential work to protect the health and safety of workers or members of the public, or to protect assets and infrastructure.","A person must not refuse or fail to comply with a direction given to the person, or a requirement made of the person, in the exercise of a power under an authorisation given under section 199.
In the case of a natural person, 120 penalty units; In the case of a body corporate, 600 penalty units.
Giving false and misleading information to an authorised officer. In the case of a natural person, 60 penalty units;In the case of a body corporate, 300 penalty units.",Open Premises Order (No.2),Requirememnt removed before 5/12/2021 as it's not in the new order,,Minister for Health,,VICPECF0000,0,5
VIC-068,VIC,Open Premises Directions,Public Space,community premises,public_space,,2021-10-23,2022-10-12,,True,"visitors must be fully vaccinated and 18 or above to access open premises in Metropolitan Melbourne and
Regional Victoria
15/12/21: changed to all of VIC
6/1/22: workers above 12 years and 2 months of age must be fully vaccinate","do not apply in relation to an indoor space or an outdoor space at a community premises if that indoor space or outdoor space at the premises is operated only for the purposes of contactless collection or delivery of pre-ordered goods; providing essential public support services or essential health services; providing essential local government services or meetings, participating in essential training; a premises that has a playground, skatepark or outdoor communal exercise equipment or; providing early childhood education or care services.
Exemptions include access to bathrooms, severe weather, education and childcare services, public event framework; emegency use and opeations; 12/4/22 added: state or federal elections
a worker is required to perform work or duties that is or are necessary to provide for urgent specialist clinical or medical care due to an emergency situation or a critical unforeseen circumstance; or a worker is required to fill a vacancy to provide urgent care, to maintain quality of care and/or to continue essential operations due to an emergency situation or a critical unforeseen circumstance; or
a worker is required to respond to an emergency; or
a worker is required to perform urgent and essential work to protect the health and safety of workers or members of the public, or to protect assets and infrastructure.","A person must not refuse or fail to comply with a direction given to the person, or a requirement made of the person, in the exercise of a power under an authorisation given under section 199.
In the case of a natural person, 120 penalty units; In the case of a body corporate, 600 penalty units.
Giving false and misleading information to an authorised officer. In the case of a natural person, 60 penalty units;In the case of a body corporate, 300 penalty units.","Open Premises Order (No.2)
Pandemic Open Premises Order (No.1) 2021",Pandemic (Workplace) Order 2022 (No. 10) expired,"22/04/22: Specified Workers Order 2022 (No 6) was revoked by Pandemic (Workplace) Order 2022 (No. 8) to combine Specified Facilities, General Workers, Specified Workers and Open Premises into one order",Minister for Health,,VICPOTHT500,0,5
VIC-069,VIC,Open Premises Directions,Public Space,creative arts premises,public_space,,2021-10-23,2022-10-12,,True,"workers and visitors must be fully vaccinated and 18 or above to access open premises in Metropolitan Melbourne and
Regional Victoria
15/12/21: changed to all of VIC and removed the clause requiring equipment to be cleaned between users
6/1/22: workers above 12 years and 2 months of age must be fully vaccinate","Exemptions include access to bathrooms, severe weather, education and childcare services, public event framework; emegency use and opeations; 12/4/22 added: state or federal elections
a worker is required to perform work or duties that is or are necessary to provide for urgent specialist clinical or medical care due to an emergency situation or a critical unforeseen circumstance; or a worker is required to fill a vacancy to provide urgent care, to maintain quality of care and/or to continue essential operations due to an emergency situation or a critical unforeseen circumstance; or
a worker is required to respond to an emergency; or
a worker is required to perform urgent and essential work to protect the health and safety of workers or members of the public, or to protect assets and infrastructure.","A person must not refuse or fail to comply with a direction given to the person, or a requirement made of the person, in the exercise of a power under an authorisation given under section 199.
In the case of a natural person, 120 penalty units; In the case of a body corporate, 600 penalty units.
Giving false and misleading information to an authorised officer. In the case of a natural person, 60 penalty units;In the case of a body corporate, 300 penalty units.","Open Premises Order (No.2)
Pandemic Open Premises Order (No.1) 2021",Pandemic (Workplace) Order 2022 (No. 10) expired,"22/04/22: Specified Workers Order 2022 (No 6) was revoked by Pandemic (Workplace) Order 2022 (No. 8) to combine Specified Facilities, General Workers, Specified Workers and Open Premises into one order",Minister for Health,,VICPOTHT600,0,5
VIC-070,VIC,Open Premises Directions,Public Space,"entertainment and
function premises
that are not specified
elsewhere",public_space,,2021-10-23,2022-10-12,,True,"workers and visitors must be fully vaccinated and 18 or above to access open premises in Metropolitan Melbourne and
Regional Victoria
15/12/21: changed to all of VIC and added a requirement to publish a covid safe plan
6/1/22: workers above 12 years and 2 months of age must be fully vaccinate","Exemptions include access to bathrooms, severe weather, education and childcare services, public event framework; emegency use and opeations; 12/4/22 added: state or federal elections
a worker is required to perform work or duties that is or are necessary to provide for urgent specialist clinical or medical care due to an emergency situation or a critical unforeseen circumstance; or a worker is required to fill a vacancy to provide urgent care, to maintain quality of care and/or to continue essential operations due to an emergency situation or a critical unforeseen circumstance; or
a worker is required to respond to an emergency; or
a worker is required to perform urgent and essential work to protect the health and safety of workers or members of the public, or to protect assets and infrastructure.","A person must not refuse or fail to comply with a direction given to the person, or a requirement made of the person, in the exercise of a power under an authorisation given under section 199.
In the case of a natural person, 120 penalty units; In the case of a body corporate, 600 penalty units.
Giving false and misleading information to an authorised officer. In the case of a natural person, 60 penalty units;In the case of a body corporate, 300 penalty units.","Open Premises Order (No.2)
Pandemic Open Premises Order (No.1) 2021",Pandemic (Workplace) Order 2022 (No. 10) expired,"22/04/22: Specified Workers Order 2022 (No 6) was revoked by Pandemic (Workplace) Order 2022 (No. 8) to combine Specified Facilities, General Workers, Specified Workers and Open Premises into one order",Minister for Health,,VICPOTHT700,0,5
VIC-071,VIC,Open Premises Directions,Public Space,"food and drink
premises",public_space,,2021-10-23,2022-10-12,,True,"visitors must be fully vaccinated and 18 or above to access open premises in Metropolitan Melbourne and
Regional Victoria
15/12/21: changed to all of VIC
6/1/22: workers above 12 years and 2 months of age must be fully vaccinate","Doesn't apply to food courts or premises being operated only for the purposes of providing take-away goods or delivery of pre-ordered goods or if a patron attends only to take away food
Exemptions include access to bathrooms, severe weather, education and childcare services, public event framework; emegency use and opeations; 12/4/22 added: state or federal elections
a worker is required to perform work or duties that is or are necessary to provide for urgent specialist clinical or medical care due to an emergency situation or a critical unforeseen circumstance; or a worker is required to fill a vacancy to provide urgent care, to maintain quality of care and/or to continue essential operations due to an emergency situation or a critical unforeseen circumstance; or
a worker is required to respond to an emergency; or
a worker is required to perform urgent and essential work to protect the health and safety of workers or members of the public, or to protect assets and infrastructure.","A person must not refuse or fail to comply with a direction given to the person, or a requirement made of the person, in the exercise of a power under an authorisation given under section 199.
In the case of a natural person, 120 penalty units; In the case of a body corporate, 600 penalty units.
Giving false and misleading information to an authorised officer. In the case of a natural person, 60 penalty units;In the case of a body corporate, 300 penalty units.","Open Premises Order (No.2)
Pandemic Open Premises Order (No.1) 2021",Pandemic (Workplace) Order 2022 (No. 10) expired,"22/04/22: Specified Workers Order 2022 (No 6) was revoked by Pandemic (Workplace) Order 2022 (No. 8) to combine Specified Facilities, General Workers, Specified Workers and Open Premises into one order",Minister for Health,,VICPFADT200,0,5
VIC-072,VIC,Open Premises Directions,Public Space,"funeral parlours and
crematoriums",public_space,,2021-10-23,2021-12-15,,True,"workers and visitors must be fully vaccinated and 18 or above to access open premises in Metropolitan Melbourne and
Regional Victoria","Do not apply if the metropolitan premises is within the density quotient (4 sq metres); and does not permit the total number of patrons in all of the indoor spaces at the premises to exceed 10; and
(c) does not permit the total number of patrons in all of the outdoor spaces at the premises to exceed 20.
for regional it's to exceed the density quotient (4 sq metres); and (b) does not permit the total number of patrons at the whole of the premises at any time to exceed the lesser of:
(i) the density quotient (4 sq metres); or (ii) 20.
Exemptions include access to bathrooms, severe weather, education and childcare services, public event framework; emegency use and opeations
a worker is required to perform work or duties that is or are necessary to provide for urgent specialist clinical or medical care due to an emergency situation or a critical unforeseen circumstance; or a worker is required to fill a vacancy to provide urgent care, to maintain quality of care and/or to continue essential operations due to an emergency situation or a critical unforeseen circumstance; or
a worker is required to respond to an emergency; or
a worker is required to perform urgent and essential work to protect the health and safety of workers or members of the public, or to protect assets and infrastructure.","A person must not refuse or fail to comply with a direction given to the person, or a requirement made of the person, in the exercise of a power under an authorisation given under section 199.
In the case of a natural person, 120 penalty units; In the case of a body corporate, 600 penalty units.
Giving false and misleading information to an authorised officer. In the case of a natural person, 60 penalty units;In the case of a body corporate, 300 penalty units.",Open Premises Order (No.2),Requirememnt removed before 5/12/2021 as it's not in the new order,,Minister for Health,,VICPOTHT800,0,5
VIC-073,VIC,Open Premises Directions,Public Space,gaming machine premises,public_space,,2021-10-23,2022-10-12,,True,"workers and visitors must be fully vaccinated and 18 or above to access open premises in Metropolitan Melbourne and
Regional Victoria
15/12/21: changed to all of VIC and removed the 1.5m spacing requirement
6/1/22: workers above 12 years and 2 months of age must be fully vaccinate","21/10-15/12/21: doesn't apply to regional VIC if the number of patrons in an outdoor space is less than 20, and less than 10 for indoor spaces
Exemptions include access to bathrooms, severe weather, education and childcare services, public event framework; emegency use and opeations; 12/4/22 added: state or federal elections
a worker is required to perform work or duties that is or are necessary to provide for urgent specialist clinical or medical care due to an emergency situation or a critical unforeseen circumstance; or a worker is required to fill a vacancy to provide urgent care, to maintain quality of care and/or to continue essential operations due to an emergency situation or a critical unforeseen circumstance; or
a worker is required to respond to an emergency; or
a worker is required to perform urgent and essential work to protect the health and safety of workers or members of the public, or to protect assets and infrastructure.","A person must not refuse or fail to comply with a direction given to the person, or a requirement made of the person, in the exercise of a power under an authorisation given under section 199.
In the case of a natural person, 120 penalty units; In the case of a body corporate, 600 penalty units.
Giving false and misleading information to an authorised officer. In the case of a natural person, 60 penalty units;In the case of a body corporate, 300 penalty units.","Open Premises Order (No.2)
Pandemic Open Premises Order (No.1) 2021",Pandemic (Workplace) Order 2022 (No. 10) expired,"22/04/22: Specified Workers Order 2022 (No 6) was revoked by Pandemic (Workplace) Order 2022 (No. 8) to combine Specified Facilities, General Workers, Specified Workers and Open Premises into one order",Minister for Health,,VICPOTHT900,0,5
VIC-074,VIC,Open Premises Directions,Public Space,"general retail
premises",public_space,,2021-10-23,2021-12-15,,True,"workers and visitors must be fully vaccinated and 18 or above to access open premises in Metropolitan Melbourne and
Regional Victoria","Exemptions include access to bathrooms, severe weather, education and childcare services, public event framework; emegency use and opeations
a worker is required to perform work or duties that is or are necessary to provide for urgent specialist clinical or medical care due to an emergency situation or a critical unforeseen circumstance; or a worker is required to fill a vacancy to provide urgent care, to maintain quality of care and/or to continue essential operations due to an emergency situation or a critical unforeseen circumstance; or
a worker is required to respond to an emergency; or
a worker is required to perform urgent and essential work to protect the health and safety of workers or members of the public, or to protect assets and infrastructure.","A person must not refuse or fail to comply with a direction given to the person, or a requirement made of the person, in the exercise of a power under an authorisation given under section 199.
In the case of a natural person, 120 penalty units; In the case of a body corporate, 600 penalty units.
Giving false and misleading information to an authorised officer. In the case of a natural person, 60 penalty units;In the case of a body corporate, 300 penalty units.",Open Premises Order (No.2),Requirememnt removed before 5/12/2021 as it's not in the new order,,Minister for Health,,VICPOTHT110,0,5
VIC-075,VIC,Open Premises Directions,Public Space,"karaoke and
nightclubs operating
as food and drink
premises",public_space,,2021-10-23,2022-10-12,,True,"workers and visitors must be fully vaccinated and 18 or above to access open premises in Metropolitan Melbourne and
Regional Victoria
15/12/21: changed to all of VIC
6/1/22: workers above 12 years and 2 months of age must be fully vaccinate","Exemptions include access to bathrooms, severe weather, education and childcare services, public event framework; emegency use and opeations; 12/4/22 added: state or federal elections
a worker is required to perform work or duties that is or are necessary to provide for urgent specialist clinical or medical care due to an emergency situation or a critical unforeseen circumstance; or a worker is required to fill a vacancy to provide urgent care, to maintain quality of care and/or to continue essential operations due to an emergency situation or a critical unforeseen circumstance; or
a worker is required to respond to an emergency; or
a worker is required to perform urgent and essential work to protect the health and safety of workers or members of the public, or to protect assets and infrastructure.","A person must not refuse or fail to comply with a direction given to the person, or a requirement made of the person, in the exercise of a power under an authorisation given under section 199.
In the case of a natural person, 120 penalty units; In the case of a body corporate, 600 penalty units.
Giving false and misleading information to an authorised officer. In the case of a natural person, 60 penalty units;In the case of a body corporate, 300 penalty units.","Open Premises Order (No.2)
Pandemic Open Premises Order (No.1) 2021",Pandemic (Workplace) Order 2022 (No. 10) expired,"22/04/22: Specified Workers Order 2022 (No 6) was revoked by Pandemic (Workplace) Order 2022 (No. 8) to combine Specified Facilities, General Workers, Specified Workers and Open Premises into one order",Minister for Health,,VIDPFADT300,0,5
VIC-076,VIC,Open Premises Directions,Public Space,"large rehearsal
theatre",public_space,,2021-10-23,2021-12-15,,True,"workers and visitors must be fully vaccinated and 18 or above to access open premises in Metropolitan Melbourne and
Regional Victoria","Exemptions include access to bathrooms, severe weather, education and childcare services, public event framework; emegency use and opeations
a worker is required to perform work or duties that is or are necessary to provide for urgent specialist clinical or medical care due to an emergency situation or a critical unforeseen circumstance; or a worker is required to fill a vacancy to provide urgent care, to maintain quality of care and/or to continue essential operations due to an emergency situation or a critical unforeseen circumstance; or
a worker is required to respond to an emergency; or
a worker is required to perform urgent and essential work to protect the health and safety of workers or members of the public, or to protect assets and infrastructure.","A person must not refuse or fail to comply with a direction given to the person, or a requirement made of the person, in the exercise of a power under an authorisation given under section 199.
In the case of a natural person, 120 penalty units; In the case of a body corporate, 600 penalty units.
Giving false and misleading information to an authorised officer. In the case of a natural person, 60 penalty units;In the case of a body corporate, 300 penalty units.",Open Premises Order (No.2),Requirememnt removed before 5/12/2021 as it's not in the new order,,Minister for Health,,,0,6
VIC-077,VIC,Open Premises Directions,Public Space,"physical recreation
premises",public_space,,2021-10-23,2022-10-12,,True,"workers and visitors must be fully vaccinated and 18 or above to access open premises in Metropolitan Melbourne and
Regional Victoria
15/12/21: changed to all of VIC
6/1/22: workers above 12 years and 2 months of age must be fully vaccinate","Exceptions for community sports; professional or high performance sport; broadcasting; authorised worker; hydrotherapy services
Exemptions include access to bathrooms, severe weather, education and childcare services, public event framework; emegency use and opeations; 12/4/22 added: state or federal elections
a worker is required to perform work or duties that is or are necessary to provide for urgent specialist clinical or medical care due to an emergency situation or a critical unforeseen circumstance; or a worker is required to fill a vacancy to provide urgent care, to maintain quality of care and/or to continue essential operations due to an emergency situation or a critical unforeseen circumstance; or
a worker is required to respond to an emergency; or
a worker is required to perform urgent and essential work to protect the health and safety of workers or members of the public, or to protect assets and infrastructure.","A person must not refuse or fail to comply with a direction given to the person, or a requirement made of the person, in the exercise of a power under an authorisation given under section 199.
In the case of a natural person, 120 penalty units; In the case of a body corporate, 600 penalty units.
Giving false and misleading information to an authorised officer. In the case of a natural person, 60 penalty units;In the case of a body corporate, 300 penalty units.","Open Premises Order (No.2)
Pandemic Open Premises Order (No.1) 2021",Pandemic (Workplace) Order 2022 (No. 10) expired,"22/04/22: Specified Workers Order 2022 (No 6) was revoked by Pandemic (Workplace) Order 2022 (No. 8) to combine Specified Facilities, General Workers, Specified Workers and Open Premises into one order",Minister for Health,,VICPOTHT120,0,6
VIC-078,VIC,Open Premises Directions,Public Space,places of worship,public_space,,2021-10-23,2021-12-15,,True,"workers and visitors must be fully vaccinated and 18 or above to access open premises in Metropolitan Melbourne and
Regional Victoria
Lower patron limits for unvaccinated operations","Exception for essential public support services and broadcasting
Exemptions include access to bathrooms, severe weather, education and childcare services, public event framework; emegency use and opeations
a worker is required to perform work or duties that is or are necessary to provide for urgent specialist clinical or medical care due to an emergency situation or a critical unforeseen circumstance; or a worker is required to fill a vacancy to provide urgent care, to maintain quality of care and/or to continue essential operations due to an emergency situation or a critical unforeseen circumstance; or
a worker is required to respond to an emergency; or
a worker is required to perform urgent and essential work to protect the health and safety of workers or members of the public, or to protect assets and infrastructure.","A person must not refuse or fail to comply with a direction given to the person, or a requirement made of the person, in the exercise of a power under an authorisation given under section 199.
In the case of a natural person, 120 penalty units; In the case of a body corporate, 600 penalty units.
Giving false and misleading information to an authorised officer. In the case of a natural person, 60 penalty units;In the case of a body corporate, 300 penalty units.",Open Premises Order (No.2),Requirememnt removed before 5/12/2021 as it's not in the new order,,Minister for Health,,VICPOTHT130,0,6
VIC-079,VIC,Open Premises Directions,Public Space,real estate premises,public_space,,2021-10-23,2021-12-15,,True,"workers and visitors must be fully vaccinated and 18 or above to access
an auction conducted in either Metropolitan Melbourne or Regional
Victoria; or an inspection conducted in Regional Victoria.
Lower patron limit for unvaccinated patrons in Regional VIC","Exemptions include access to bathrooms, severe weather, education and childcare services, public event framework; emegency use and opeations; 12/4/22 added: state or federal elections
a worker is required to perform work or duties that is or are necessary to provide for urgent specialist clinical or medical care due to an emergency situation or a critical unforeseen circumstance; or a worker is required to fill a vacancy to provide urgent care, to maintain quality of care and/or to continue essential operations due to an emergency situation or a critical unforeseen circumstance; or
a worker is required to respond to an emergency; or
a worker is required to perform urgent and essential work to protect the health and safety of workers or members of the public, or to protect assets and infrastructure.","A person must not refuse or fail to comply with a direction given to the person, or a requirement made of the person, in the exercise of a power under an authorisation given under section 199.
In the case of a natural person, 120 penalty units; In the case of a body corporate, 600 penalty units.
Giving false and misleading information to an authorised officer. In the case of a natural person, 60 penalty units;In the case of a body corporate, 300 penalty units.",Open Premises Order (No.2),Requirememnt removed before 5/12/2021 as it's not in the new order,,Minister for Health,,VICPOTHT140,0,6
VIC-080,VIC,Open Premises Directions,Public Space,"sex on premises,
brothels and
sexually explicit
venues",public_space,,2021-10-23,2022-10-12,,True,"workers and visitors must be fully vaccinated and 18 or above to access open premises in Metropolitan Melbourne and
Regional Victoria
15/12/21: changed to all of VIC
6/1/22: workers above 12 years and 2 months of age must be fully vaccinate","Exemptions include access to bathrooms, severe weather, education and childcare services, public event framework; emegency use and opeations; 12/4/22 added: state or federal elections
a worker is required to perform work or duties that is or are necessary to provide for urgent specialist clinical or medical care due to an emergency situation or a critical unforeseen circumstance; or a worker is required to fill a vacancy to provide urgent care, to maintain quality of care and/or to continue essential operations due to an emergency situation or a critical unforeseen circumstance; or
a worker is required to respond to an emergency; or
a worker is required to perform urgent and essential work to protect the health and safety of workers or members of the public, or to protect assets and infrastructure.","A person must not refuse or fail to comply with a direction given to the person, or a requirement made of the person, in the exercise of a power under an authorisation given under section 199.
In the case of a natural person, 120 penalty units; In the case of a body corporate, 600 penalty units.
Giving false and misleading information to an authorised officer. In the case of a natural person, 60 penalty units;In the case of a body corporate, 300 penalty units.","Open Premises Order (No.2)
Pandemic Open Premises Order (No.1) 2021",Pandemic (Workplace) Order 2022 (No. 10) expired,"22/04/22: Specified Workers Order 2022 (No 6) was revoked by Pandemic (Workplace) Order 2022 (No. 8) to combine Specified Facilities, General Workers, Specified Workers and Open Premises into one order",Minister for Health,,VICPOTHT150,0,6
VIC-081,VIC,Open Premises Directions,Public Space,"swimming pools,
spas, saunas,
steam rooms and
springs",public_space,,2021-10-23,2022-10-12,,True,"workers and visitors must be fully vaccinated and 18 or above to access open premises in Metropolitan Melbourne and
Regional Victoria
15/12/21: changed to all of VIC
6/1/22: workers above 12 years and 2 months of age must be fully vaccinate","Exemptions include access to bathrooms, severe weather, education and childcare services, public event framework; emegency use and opeations; 12/4/22 added: state or federal elections
a worker is required to perform work or duties that is or are necessary to provide for urgent specialist clinical or medical care due to an emergency situation or a critical unforeseen circumstance; or a worker is required to fill a vacancy to provide urgent care, to maintain quality of care and/or to continue essential operations due to an emergency situation or a critical unforeseen circumstance; or
a worker is required to respond to an emergency; or
a worker is required to perform urgent and essential work to protect the health and safety of workers or members of the public, or to protect assets and infrastructure.","A person must not refuse or fail to comply with a direction given to the person, or a requirement made of the person, in the exercise of a power under an authorisation given under section 199.
In the case of a natural person, 120 penalty units; In the case of a body corporate, 600 penalty units.
Giving false and misleading information to an authorised officer. In the case of a natural person, 60 penalty units;In the case of a body corporate, 300 penalty units.","Open Premises Order (No.2)
Pandemic Open Premises Order (No.1) 2021",Pandemic (Workplace) Order 2022 (No. 10) expired,"22/04/22: Specified Workers Order 2022 (No 6) was revoked by Pandemic (Workplace) Order 2022 (No. 8) to combine Specified Facilities, General Workers, Specified Workers and Open Premises into one order",Minister for Health,,VICPOTHT160,0,6
VIC-082,VIC,Open Premises Directions,Public Space,"restricted retail
premises",public_space,,2021-10-23,2022-10-12,,True,"workers and visitors must be fully vaccinated and 18 or above to access open premises in Metropolitan Melbourne and
Regional Victoria
15/12/21: changed to all of VIC
6/1/22: workers above 12 years and 2 months of age must be fully vaccinate","Exceptions (21/10-15/12/21): Essential retail premises and general retail premises; online auction houses
Exemptions include access to bathrooms, severe weather, education and childcare services, public event framework; emegency use and opeations; 12/4/22 added: state or federal elections
a worker is required to perform work or duties that is or are necessary to provide for urgent specialist clinical or medical care due to an emergency situation or a critical unforeseen circumstance; or a worker is required to fill a vacancy to provide urgent care, to maintain quality of care and/or to continue essential operations due to an emergency situation or a critical unforeseen circumstance; or
a worker is required to respond to an emergency; or
a worker is required to perform urgent and essential work to protect the health and safety of workers or members of the public, or to protect assets and infrastructure.","A person must not refuse or fail to comply with a direction given to the person, or a requirement made of the person, in the exercise of a power under an authorisation given under section 199.
In the case of a natural person, 120 penalty units; In the case of a body corporate, 600 penalty units.
Giving false and misleading information to an authorised officer. In the case of a natural person, 60 penalty units;In the case of a body corporate, 300 penalty units.","Open Premises Order (No.2)
Pandemic Open Premises Order (No.1) 2021",Pandemic (Workplace) Order 2022 (No. 10) expired,"22/04/22: Specified Workers Order 2022 (No 6) was revoked by Pandemic (Workplace) Order 2022 (No. 8) to combine Specified Facilities, General Workers, Specified Workers and Open Premises into one order",Minister for Health,,VICPOTHT170,0,6
VIC-083,VIC,Open Premises Directions,Public Space,"tours (walking or
cycling)",public_space,,2021-10-23,2022-10-12,,True,"workers and visitors must be fully vaccinated and 18 or above to access open premises in Metropolitan Melbourne and
Regional Victoria
15/12/21: changed to all of VIC
must ensure any shared
equipment used is cleaned between users.
6/1/22: workers above 12 years and 2 months of age must be fully vaccinate","premises used for tourism services if the tourism services are provided in a cruise ship, if the operator does not permit the total number of patrons on the vessel to exceed 99.
Exemptions include access to bathrooms, severe weather, education and childcare services, public event framework; emegency use and opeations; 12/4/22 added: state or federal elections
a worker is required to perform work or duties that is or are necessary to provide for urgent specialist clinical or medical care due to an emergency situation or a critical unforeseen circumstance; or a worker is required to fill a vacancy to provide urgent care, to maintain quality of care and/or to continue essential operations due to an emergency situation or a critical unforeseen circumstance; or
a worker is required to respond to an emergency; or
a worker is required to perform urgent and essential work to protect the health and safety of workers or members of the public, or to protect assets and infrastructure.","A person must not refuse or fail to comply with a direction given to the person, or a requirement made of the person, in the exercise of a power under an authorisation given under section 199.
In the case of a natural person, 120 penalty units; In the case of a body corporate, 600 penalty units.
Giving false and misleading information to an authorised officer. In the case of a natural person, 60 penalty units;In the case of a body corporate, 300 penalty units.","Open Premises Order (No.2)
Pandemic Open Premises Order (No.1) 2021",Pandemic (Workplace) Order 2022 (No. 10) expired,"22/04/22: Specified Workers Order 2022 (No 6) was revoked by Pandemic (Workplace) Order 2022 (No. 8) to combine Specified Facilities, General Workers, Specified Workers and Open Premises into one order",Minister for Health,,VICPOTHT180,0,6
VIC-084,VIC,Open Premises Directions,Public Space,"premises used for tourism
services",public_space,,2021-10-23,2022-10-12,,True,"workers and visitors must be fully vaccinated and 18 or above to access open premises in Metropolitan Melbourne and
Regional Victoria
15/12/21: changed to all of VIC
6/1/22: workers above 12 years and 2 months of age must be fully vaccinate","Exemptions include access to bathrooms, severe weather, education and childcare services, public event framework; emegency use and opeations; 12/4/22 added: state or federal elections
a worker is required to perform work or duties that is or are necessary to provide for urgent specialist clinical or medical care due to an emergency situation or a critical unforeseen circumstance; or a worker is required to fill a vacancy to provide urgent care, to maintain quality of care and/or to continue essential operations due to an emergency situation or a critical unforeseen circumstance; or
a worker is required to respond to an emergency; or
a worker is required to perform urgent and essential work to protect the health and safety of workers or members of the public, or to protect assets and infrastructure.","A person must not refuse or fail to comply with a direction given to the person, or a requirement made of the person, in the exercise of a power under an authorisation given under section 199.
In the case of a natural person, 120 penalty units; In the case of a body corporate, 600 penalty units.
Giving false and misleading information to an authorised officer. In the case of a natural person, 60 penalty units;In the case of a body corporate, 300 penalty units.","Open Premises Order (No.2)
Pandemic Open Premises Order (No.1) 2021",Pandemic (Workplace) Order 2022 (No. 10) expired,"22/04/22: Specified Workers Order 2022 (No 6) was revoked by Pandemic (Workplace) Order 2022 (No. 8) to combine Specified Facilities, General Workers, Specified Workers and Open Premises into one order",Minister for Health,,VICPOTHT190,0,6
VIC-085,VIC,Open Premises Directions,Public Space,education premises,"education, public_space",,2021-10-21,2021-12-15,,True,"NOT A MANDATE
students must only attend onsite education in metropolitan Vic for a specified number of days according to their year group. 
Pre-primary: 3 days a week 
Y1&2: 2 days per week 
Y3-6, 8-10: 2 days per week with face masks 
Y7, 11, 12: 5 days per week with face masks","Exemptions include access to bathrooms, severe weather, education and childcare services, public event framework; emegency use and opeations; 12/4/22 added: state or federal elections
a worker is required to perform work or duties that is or are necessary to provide for urgent specialist clinical or medical care due to an emergency situation or a critical unforeseen circumstance; or a worker is required to fill a vacancy to provide urgent care, to maintain quality of care and/or to continue essential operations due to an emergency situation or a critical unforeseen circumstance; or
a worker is required to respond to an emergency; or
a worker is required to perform urgent and essential work to protect the health and safety of workers or members of the public, or to protect assets and infrastructure.","A person must not refuse or fail to comply with a direction given to the person, or a requirement made of the person, in the exercise of a power under an authorisation given under section 199.
In the case of a natural person, 120 penalty units; In the case of a body corporate, 600 penalty units.
Giving false and misleading information to an authorised officer. In the case of a natural person, 60 penalty units;In the case of a body corporate, 300 penalty units.",Open Premises Order (No.2),Requirement removed before 15/12/2021 as it's not in the new order,,Minister for Health,,VICEEDUT200,0,6
VIC-086,VIC,Victorian Border Crossing Permit Directions,Public Space,"Prohibited persons
a person who has been in a red zone in a State, Territory or Green Zone Country in the 14 days prior to entry to Victoria but does not include:
(a) a person described in clause 5(1)(b);
(b) a Victorian resident described in clause 6(1); or
(c) a Victorian resident described in clause 7(1);",travel,,,2022-12-15,,True,Must not enter Victoria,"A prohibited person must not enter Victoria unless the prohibited person:
(a) is an aircrew services worker who is permitted to enter Victoria under clause 9; or
(b) has a valid transit permit under clause 10; or
(c) has a valid specified worker (other) permit under clause 11(1); or
(d) has a valid specified worker (exclusive outdoor activities) permit under clause 11(2); or
(e) has a valid specified worker (low workplace interaction) permit under clause 11(7); or
(f) is an excepted person under clause 13; or
(g) has a valid exemption under clause 3(5) or 14.","A person who fails to comply with these directions is liable for an on-the-spot fine of:
i. aged 18 years or older – $1,652; aged 15 years or older but under the age of 18 years – $660.80; aged under 15 years – $165.20; or
in the case of a body corporate – $9,913; or
Refusing or failing to comply with a requirement to self-isolate or self-quarantine:
i. aged 18 years or older – $4,957; ii. aged 15 years or older but under the age of 18 years – $826.10; or
iii. under the age of 15 years – $165.20; 
Refusing or failing to comply with a requirement in relation to a person travelling from a restricted area (however described) and seeking to enter Victoria without a reasonable excuse or other valid reason or excuse, in the case of a natural person:
i. aged 18 years or older – $4,957; ii. aged 15 years or older but under the age of 18 years – $826.10; iii. under the age of 15 years – $165.20.
A person must not refuse or fail to comply with a direction given to the person, or a requirement made of the person, in the exercise of a power under an authorisation given under section 199.
In the case of a natural person, 120 penalty units; In the case of a body corporate, 600 penalty units.
Giving false and misleading information to an authorised officer. In the case of a natural person, 60 penalty units;In the case of a body corporate, 300 penalty units.",Victorian Border Crossing Permit Directions,Removed before or on this date as it's not in the next order (Pandemic (Victorian Border Crossing) Order 2021 (No. 1)),,Minister for Health,,VICPIST0000,0,6
WA-001,WA,Mandatory Vaccination Policy Phased Approach Group 1,Employment,Hotel quarantine workers,quarantine,2021-04-27,2021-04-27,2022-02-05,284.0,False,Fully vaccinated by 10 May 2021,"does not include a quarantine centre driver.
(a) law enforcement; or
(b) responding to an emergency other than COVID-19; or
(c) performing maintenance or repairs, but only to the extent that, due to the nature
of the maintenance or repairs, it is not reasonably practicable for a quarantine
centre worker who is vaccinated against COVID-19 to perform the maintenance
or repairs and the person who is able to perform the maintenance or repairs is
not eligible to be vaccinated against COVID-19 at the time that the maintenance
or repairs are required to be performed.","It is an offence for a person to fail, without reasonable excuse, to comply with any of these
directions, punishable by a fine of up to $20,000 for individuals and $100,000 for bodies
corporate.",Access to Quarantine Centres Directions (No 2),revoked by another document,,Public Health Order,"WA Government Annoucement
News articles",WAEHQW0000,0,1
WA-002,WA,COVID-19 Mandatory Vaccination and Vaccination Program Policy Version 2,Employment,WA health system entities and employees in a Residential aged care facility,aged_care,2021-08-09,2021-09-17,2022-11-04,452.0,False,"First dose by 17 September 2021
Fully vaccinated by 17 November 2021","1. a permanent medical exemption authorised by a medical practitioner
2. a temporary medical exemption authorised by a medical practitioner
3. an authorised temporary exemption or exception due to the inability to access a
COVID-19 vaccine
4. an authorised temporary exemption or exception due to a critical workforce
shortage, to maintain the provision of quality of care or to protect the health and
safety of residents, or
5. an authorised exemption or exception related to another category in the relevant
state or territory public health order.","Unvaccinated Employees will initially be allowed to remain away from the workplace for a period
of two weeks without disciplinary action being commenced – the Preliminary Access Restriction
Period (PARP). The PARP provides time for the Employee to make a decision regarding their
intention to be Vaccinated and/or to receive a COVID-19 vaccine, prior to commencement of
formal disciplinary proceedings. The PARP will be unpaid.
Following the expiration of the two week PARP, the Employer may initiate disciplinary proceedings
in accordance with the Discipline Policy and Procedures.
Any decision to initiate disciplinary action, and subsequent disciplinary outcomes, will be
considered on a case by case basis and compliant with the Discipline Policy and Procedures.
Given the access restrictions provided for by the Aged Care Worker Directions, termination of
employment is a potential outcome for instances of non-compliance.
It is an offence for a person to fail, without reasonable excuse, to comply with any of these directions, punishable by a fine of up to $20,000 for individuals and $100,000 for bodies corporate.",Residential Aged Care Facility Worker Access Directions.,4/11/22 End of Public Health Emergency which removed all Public Health Directions made under the Emergency Declaration,"Policy replaced by a newer version on 13/01/22 
06/19/21 Direction No.1 revoked by No.2 which added the ""fully vaccinated by 17 November 2021"" date
22/09/21 - Direction No.2 replaced by No.3 which added a ""further public state of emergency made on 22/09/21"" notice. No change in mandate requirements.  No revocation section
11/10/21 - No.3 revoked by No.4 which added a revocation section",WA Chief Health Officer,"WA Government Annoucement
News articles
Release of guidelines
Australian Government news announcement
National Cabinet agreed on 28/06/21 that the COVID-19 vaccination of residential
aged care workers will become mandatory by mid-September 2021.",WAERAC00V2,0,1
WA-003,WA,COVID-19 Mandatory Vaccination and Vaccination Program Policy Version 2,Employment,Health care worker - Tier 1 health care facilities,healthcare,2021-09-16,2021-10-01,2022-11-04,414.0,False,"·       First dose by 1 October 2021
·       Fully vaccinated by 1 November 2021
evidence in the form approved by the Chief Health Officer that they have
been vaccinated against COVID-19, if:
(a) directed to do so by an emergency officer; or
(b) required to do so by their employer or by the owner, occupier or person
apparently in charge of a health care facility.","defined under the Directions
Medical exemption, or a Temporary exemption approved by the Chief Health Officer or their delegate, or as otherwise outlined in the Directions. Or if they are:
(a) performing a law enforcement function that cannot reasonably be performed
other than by entering the health care facility; or
(b) performing a statutory duty that cannot reasonably be performed other than by entering the health care
facility; or
(c) performing any function or duty or exercising any right or power under a Fair
Work entry permit; or
(d) responding to an emergency in a capacity other than as a health care worker or
a health support worker; or
(e) providing emergency care to a patient in the health care facility where the
emergency care is necessary to be provided immediately and a fully vaccinated
or a partially vaccinated health care worker or health support worker is not available to provide that emergency care
Or an ad hoc volunteer","Unvaccinated Employees will initially be allowed to remain away from the workplace for a period
of two weeks without disciplinary action being commenced – the Preliminary Access Restriction
Period (PARP). The PARP provides time for the Employee to make a decision regarding their
intention to be Vaccinated and/or to receive a COVID-19 vaccine, prior to commencement of
formal disciplinary proceedings. The PARP will be unpaid.
Following the expiration of the two week PARP, the Employer may initiate disciplinary proceedings
in accordance with the Discipline Policy and Procedures.
Any decision to initiate disciplinary action, and subsequent disciplinary outcomes, will be considered on a case by case basis and compliant with the Discipline Policy and Procedures.
Given the access restrictions provided for by the Aged Care Worker Directions, termination of
employment is a potential outcome for instances of non-compliance.
It is an offence for a person to fail, without reasonable excuse, to comply with any of these
directions, punishable by a fine of up to $20,000 for individuals and $100,000 for bodies
corporate.",Health Worker (Restrictions on Access) Directions,4/11/22 End of Public Health Emergency which removed all Public Health Directions made under the Emergency Declaration,"13/01/2022 - policy replaced by a new version
16/09/21 - Direction No.1 revoked by No.2. No mandate changes
No. 3 came into effect but directions doesn't have a revocation section, no mandate changes.
No.3 revoked by No.4 which removed the exemption clause: 
""performing a law enforcement function that cannot reasonably be performed other than by entering the health care facility""",Public Health Order,"WA Government Annoucement on 16/09/21
News articles
Release of guidelines
Hon Roger Cook media announcement on 02/09/21",WAEHCWT1V2,0,2
WA-004,WA,COVID-19 Mandatory Vaccination and Vaccination Program Policy Version 2,Employment,Health support worker - Tier 1 health care facilities,"healthcare, transport",2021-09-16,2021-10-01,2022-11-04,414.0,False,"·       First dose by 1 October 2021
·       Fully vaccinated by 1 November 2021
evidence in the form approved by the Chief Health Officer that they have
been vaccinated against COVID-19, if:
(a) directed to do so by an emergency officer; or
(b) required to do so by their employer or by the owner, occupier or person
apparently in charge of a health care facility.","defined under the Directions
Medical exemption, or a Temporary exemption approved by the Chief Health Officer or their delegate, or as otherwise outlined in the Directions. Or if they are:
(a) performing a law enforcement function that cannot reasonably be performed
other than by entering the health care facility; or
(b) performing a statutory duty that cannot reasonably be performed other than by entering the health care
facility; or
(c) performing any function or duty or exercising any right or power under a Fair
Work entry permit; or
(d) responding to an emergency in a capacity other than as a health care worker or
a health support worker; or
(e) providing emergency care to a patient in the health care facility where the
emergency care is necessary to be provided immediately and a fully vaccinated
or a partially vaccinated health care worker or health support worker is not available to provide that emergency care
Or an ad hoc volunteer","Unvaccinated Employees will initially be allowed to remain away from the workplace for a period
of two weeks without disciplinary action being commenced – the Preliminary Access Restriction
Period (PARP). The PARP provides time for the Employee to make a decision regarding their
intention to be Vaccinated and/or to receive a COVID-19 vaccine, prior to commencement of
formal disciplinary proceedings. The PARP will be unpaid.
Following the expiration of the two week PARP, the Employer may initiate disciplinary proceedings
in accordance with the Discipline Policy and Procedures.
Any decision to initiate disciplinary action, and subsequent disciplinary outcomes, will be considered on a case by case basis and compliant with the Discipline Policy and Procedures.
Given the access restrictions provided for by the Aged Care Worker Directions, termination of
employment is a potential outcome for instances of non-compliance.
It is an offence for a person to fail, without reasonable excuse, to comply with any of these
directions, punishable by a fine of up to $20,000 for individuals and $100,000 for bodies
corporate.",Health Worker (Restrictions on Access) Directions.,4/11/22 End of Public Health Emergency which removed all Public Health Directions made under the Emergency Declaration,"13/01/2022 - policy replaced by a new version
16/09/21 - Direction No.1 revoked by No.2. No mandate changes
No. 3 came into effect but directions doesn't have a revocation section, no mandate changes.
No.3 revoked by No.4 which removed the exemption clause: 
""performing a law enforcement function that cannot reasonably be performed other than by entering the health care facility""",Public Health Order,"WA Government Annoucement on 16/09/21
News articles
Release of guidelines
Hon Roger Cook media announcement on 02/09/21",WAEHSWT1V2,0,4
WA-005,WA,Mandatory Vaccination Policy Phased Approach,Employment,Tier 2 Health care workers,healthcare,2021-09-16,2021-11-01,2022-11-04,414.0,False,"First dose by 1/11/21. Fully vaccinated by 1/12/21
evidence in the form approved by the Chief Health Officer that they have
been vaccinated against COVID-19, if:
(a) directed to do so by an emergency officer; or
(b) required to do so by their employer or by the owner, occupier or person
apparently in charge of a health care facility.","defined under the Directions
Medical exemption, or a Temporary exemption approved by the Chief Health Officer or their delegate, or as otherwise outlined in the Directions. Or if they are:
(a) performing a law enforcement function that cannot reasonably be performed
other than by entering the health care facility; or
(b) performing a statutory duty that cannot reasonably be performed other than by entering the health care
facility; or
(c) performing any function or duty or exercising any right or power under a Fair
Work entry permit; or
(d) responding to an emergency in a capacity other than as a health care worker or
a health support worker; or
(e) providing emergency care to a patient in the health care facility where the
emergency care is necessary to be provided immediately and a fully vaccinated
or a partially vaccinated health care worker or health support worker is not available to provide that emergency care
Or an ad hoc volunteer","Unvaccinated Employees will initially be allowed to remain away from the workplace for a period
of two weeks without disciplinary action being commenced – the Preliminary Access Restriction
Period (PARP). The PARP provides time for the Employee to make a decision regarding their
intention to be Vaccinated and/or to receive a COVID-19 vaccine, prior to commencement of
formal disciplinary proceedings. The PARP will be unpaid.
Following the expiration of the two week PARP, the Employer may initiate disciplinary proceedings
in accordance with the Discipline Policy and Procedures.
Any decision to initiate disciplinary action, and subsequent disciplinary outcomes, will be considered on a case by case basis and compliant with the Discipline Policy and Procedures.
Given the access restrictions provided for by the Aged Care Worker Directions, termination of
employment is a potential outcome for instances of non-compliance.
It is an offence for a person to fail, without reasonable excuse, to comply with any of these
directions, punishable by a fine of up to $20,000 for individuals and $100,000 for bodies
corporate.",Health Worker (Restrictions on Access) Directions.,4/11/22 End of Public Health Emergency which removed all Public Health Directions made under the Emergency Declaration,"16/09/21 - Direction No.1 revoked by No.2. No mandate changes
No. 3 came into effect but directions doesn't have a revocation section, no mandate changes.
No.3 revoked by No.4 which removed the exemption clause: 
""performing a law enforcement function that cannot reasonably be performed other than by entering the health care facility""",Public Health Order,"WA Government Annoucement
News articles
Release of guidelines
Hon Roger Cook media announcement on 02/09/21",WAEHCWT2V2,0,3
WA-006,WA,Mandatory Vaccination Policy Phased Approach Group 1,Employment,Health care worker - Tier 3 health care facilities,healthcare,2021-09-16,2021-12-01,2022-11-04,414.0,False,"First dose by 01/12/21. Second dose by 01/01/22
evidence in the form approved by the Chief Health Officer that they have
been vaccinated against COVID-19, if:
(a) directed to do so by an emergency officer; or
(b) required to do so by their employer or by the owner, occupier or person
apparently in charge of a health care facility.","defined under the Directions
Medical exemption, or a Temporary exemption approved by the Chief Health Officer or their delegate, or as otherwise outlined in the Directions. Or if they are:
(a) performing a law enforcement function that cannot reasonably be performed
other than by entering the health care facility; or
(b) performing a statutory duty that cannot reasonably be performed other than by entering the health care
facility; or
(c) performing any function or duty or exercising any right or power under a Fair
Work entry permit; or
(d) responding to an emergency in a capacity other than as a health care worker or
a health support worker; or
(e) providing emergency care to a patient in the health care facility where the
emergency care is necessary to be provided immediately and a fully vaccinated
or a partially vaccinated health care worker or health support worker is not available to provide that emergency care
Or an ad hoc volunteer","Unvaccinated Employees will initially be allowed to remain away from the workplace for a period
of two weeks without disciplinary action being commenced – the Preliminary Access Restriction
Period (PARP). The PARP provides time for the Employee to make a decision regarding their
intention to be Vaccinated and/or to receive a COVID-19 vaccine, prior to commencement of
formal disciplinary proceedings. The PARP will be unpaid.
Following the expiration of the two week PARP, the Employer may initiate disciplinary proceedings
in accordance with the Discipline Policy and Procedures.
Any decision to initiate disciplinary action, and subsequent disciplinary outcomes, will be considered on a case by case basis and compliant with the Discipline Policy and Procedures.
Given the access restrictions provided for by the Aged Care Worker Directions, termination of
employment is a potential outcome for instances of non-compliance.
It is an offence for a person to fail, without reasonable excuse, to comply with any of these
directions, punishable by a fine of up to $20,000 for individuals and $100,000 for bodies
corporate.",Health Worker (Restrictions on Access) Directions,End of Public Health Emergency which removed all Public Health Directions made under the Emergency Declaration,"13/01/2022 - policy replaced by a new version
16/09/21 - Direction No.1 revoked by No.2. No mandate changes
22/09/22 - No. 3 came into effect but directions doesn't have a revocation section, no mandate changes.
25/01/22 - No.3 revoked by No.4 which removed the exemption clause: ""performing a law enforcement function that cannot reasonably be performed other than by entering the health care facility"" and slightly altered a paragraph to ""responding to an emergency where the emergency response is required to be provided immediately and a fully vaccinated or partially vaccinated person is not available to provide the response;""",Public Health Order,"WA Government Annoucement
News articles
Release of guidelines
Hon Roger Cook media announcement on 02/09/21",WAEHCWT300,0,3
WA-007,WA,COVID-19 Mandatory Vaccination and Vaccination Program Policy Version 2,Employment,Health support worker - Tier 2 and 3 health care facilities,"healthcare, transport",2021-09-16,2021-12-01,2022-11-04,414.0,False,"·       First dose by 01/12/2021
·       Fully vaccinated by 01/01/2022
evidence in the form approved by the Chief Health Officer that they have
been vaccinated against COVID-19, if:
(a) directed to do so by an emergency officer; or
(b) required to do so by their employer or by the owner, occupier or person
apparently in charge of a health care facility.","defined under the Directions
Medical exemption, or a Temporary exemption approved by the Chief Health Officer or their delegate, or as otherwise outlined in the Directions. Or if they are:
(a) performing a law enforcement function that cannot reasonably be performed
other than by entering the health care facility; or
(b) performing a statutory duty that cannot reasonably be performed other than by entering the health care
facility; or
(c) performing any function or duty or exercising any right or power under a Fair
Work entry permit; or
(d) responding to an emergency in a capacity other than as a health care worker or
a health support worker; or
(e) providing emergency care to a patient in the health care facility where the
emergency care is necessary to be provided immediately and a fully vaccinated
or a partially vaccinated health care worker or health support worker is not available to provide that emergency care
Or an ad hoc volunteer","Unvaccinated Employees will initially be allowed to remain away from the workplace for a period
of two weeks without disciplinary action being commenced – the Preliminary Access Restriction
Period (PARP). The PARP provides time for the Employee to make a decision regarding their
intention to be Vaccinated and/or to receive a COVID-19 vaccine, prior to commencement of
formal disciplinary proceedings. The PARP will be unpaid.
Following the expiration of the two week PARP, the Employer may initiate disciplinary proceedings
in accordance with the Discipline Policy and Procedures.
Any decision to initiate disciplinary action, and subsequent disciplinary outcomes, will be considered on a case by case basis and compliant with the Discipline Policy and Procedures.
Given the access restrictions provided for by the Aged Care Worker Directions, termination of
employment is a potential outcome for instances of non-compliance.
It is an offence for a person to fail, without reasonable excuse, to comply with any of these
directions, punishable by a fine of up to $20,000 for individuals and $100,000 for bodies
corporate.",Health Worker (Restrictions on Access) Directions.,End of Public Health Emergency which removed all Public Health Directions made under the Emergency Declaration,"13/01/2022 - policy replaced by a new version
16/09/21 - Direction No.1 revoked by No.2. No mandate changes
22/09/22 - No. 3 came into effect but directions doesn't have a revocation section, no mandate changes.
25/01/22 - No.3 revoked by No.4 which removed the exemption clause: ""performing a law enforcement function that cannot reasonably be performed other than by entering the health care facility"" and slightly altered a paragraph to ""responding to an emergency where the emergency response is required to be provided immediately and a fully vaccinated or partially vaccinated person is not available to provide the response;""",Public Health Order,"WA Government Annoucement
News articles
Release of guidelines
Hon Roger Cook media announcement on 02/09/21",WAEHSWT2V2,0,3
WA-008,WA,Mandatory Vaccination Policy Phased Approach Group 1,Employment,"At risk port workers
Exposed vessel workers, exposed vessel contact workers and exposed vessel transport workers",transport,2021-09-20,2021-10-15,2022-11-04,410.0,False,"First dose by 15 October 2021
·       Fully vaccinated by 12 November 2021
Must provide proof of vaccination on request

Each employer or person in charge of an exposed port worker must: (a) take all reasonable and lawful steps to collect and maintain a record of the vaccination statuses of workers and provide that information on request","Unexposed vessels
(a)an exposed vessel worker who is not vaccinated against COVID-19 from
embarking or performing work on an unexposed vessel; or
(b) an exposed vessel contact worker who is not vaccinated against COVID-19
from entering or remaining at a port location to carry out port activities, or
undertake a service, in connection with an unexposed vessel; or
(c) an exposed vessel transport worker who is not vaccinated against COVID-19
from entering or remaining upon a dedicated conveyance in order to carry only
persons disembarking from an unexposed vessel.
Exposed vessels
(a) performing a law enforcement function that cannot reasonably be performed other than by embarking the exposed vessel or the dedicated conveyance; or
(b) performing a statutory duty that cannot reasonably be performed otherwise; or
(c) performing any function or duty or exercising any right or power under a Fair Work entry permit or a right
of entry permit; or
(d) responding to an emergency in a capacity other than as an ambulance officer or health care worker,","It is an offence for a person to fail, without reasonable excuse, to comply with any of these
directions, punishable by a fine of up to $20,000 for individuals and $100,000 for bodies
corporate.","Exposed Port Worker (Restrictions on Access) Directions
Exposed On-Board Worker Directions (No. 2)","End of Public Health Emergency which removed all Public Health Directions made under the Emergency Declaration
Not sure if the directions were lifted earlier","22/09/21 - Direction No.1 replaced by No.2 which added a ""further public state of emergency made on 22/09/21"" notice. No change in mandate requirements.  No revocation section
20/10/21 - No.2 revoked by No.3 which added the revocation section
25/11/21 - Port Worker and Exposed Port Worker (Restrictions on Access) Directions added restrictions for unexposed port workers",Public Health Order,,WAEPOWT100,0,3
WA-009,WA,WA Police Mission Critical areas,Employment,Mission critical area worker in mission critical areas,other,2021-09-22,2021-09-27,2022-11-04,408,False,,,,,,,,,WAEPOL00V1,0,6
WA-010,WA,Mandatory Vaccination Policy Phased Approach,Employment,"Primary health care workers in private provider facilities, including general practitioners, private nurse offices and consulting offices, pharmacies, dental centres, allied health facilities and private pathology centres.",healthcare,2021-10-25,2021-11-01,2022-11-04,375.0,False,"First dose by 1/11/21. Fully vaccinated by 1/12/21
evidence in the form approved by the Chief Health Officer that they have
been vaccinated against COVID-19, if:
(a) directed to do so by an emergency officer; or
(b) required to do so by their employer or by the owner, occupier or person
apparently in charge of a health care facility.","defined under the Directions
Medical exemption, or a Temporary exemption approved by the Chief Health Officer or their delegate, or as otherwise outlined in the Directions. Or if they are:
(a) performing a law enforcement function that cannot reasonably be performed
other than by entering the health care facility; or
(b) performing a statutory duty that cannot reasonably be performed other than by entering the health care
facility; or
(c) performing any function or duty or exercising any right or power under a Fair
Work entry permit; or
(d) responding to an emergency in a capacity other than as a health care worker or
a health support worker; or
(e) providing emergency care to a patient in the health care facility where the
emergency care is necessary to be provided immediately and a fully vaccinated
or a partially vaccinated health care worker or health support worker is not available to provide that emergency care
Or an ad hoc volunteer","Unvaccinated Employees will initially be allowed to remain away from the workplace for a period
of two weeks without disciplinary action being commenced – the Preliminary Access Restriction
Period (PARP). The PARP provides time for the Employee to make a decision regarding their
intention to be Vaccinated and/or to receive a COVID-19 vaccine, prior to commencement of
formal disciplinary proceedings. The PARP will be unpaid.
Following the expiration of the two week PARP, the Employer may initiate disciplinary proceedings
in accordance with the Discipline Policy and Procedures.
Any decision to initiate disciplinary action, and subsequent disciplinary outcomes, will be considered on a case by case basis and compliant with the Discipline Policy and Procedures.
Given the access restrictions provided for by the Aged Care Worker Directions, termination of
employment is a potential outcome for instances of non-compliance.
It is an offence for a person to fail, without reasonable excuse, to comply with any of these
directions, punishable by a fine of up to $20,000 for individuals and $100,000 for bodies
corporate.","Primary Health Care Worker
(Restrictions on Access) Directions",4/11/22 End of Public Health Emergency which removed all Public Health Directions made under the Emergency Declaration,,Public Health Order,"WA Government Annoucement on 09/10/21
News articles
Release of guidelines
Hon Roger Cook media announcement on 02/09/21",WAEHCWT2V1,0,4
WA-011,WA,"Community Care Services Worker
(Restrictions on Access) Directions",Employment,Community care services worker,other,2021-11-05,2021-12-01,2022-06-10,217.0,False,"Partially vaccinated by 1/12/21
Fully vaccinated by 1/1/22","Unvaccinated individuals may enter a community care services facility or accommodation to:
(a) perform a law enforcement function;
(b) fulfill a statutory duty under Commonwealth law;
(c) exercise rights under a Fair Work, Work Health and Safety, or Industrial Relations Act entry permit; or
(d) respond to an emergency when no vaccinated person is available.","It is an offence for a person to fail, without reasonable excuse, to comply with any of these directions, punishable by a fine of up to $20,000 for individuals and $100,000 for bodies corporate.",Community Care Services Worker (Restrictions on Access) Directions (No 3),,25/11/21: revoked by Community Care Services Worker (Restrictions on Access) Directions (No 2) to include section on critical service workers,Public Health Order,,WAEOTHT100,0,4
WA-012,WA,Meat Industry Worker (Restrictions on Access) Directions,Employment,Meat Industry Worker,other,2021-11-10,2021-12-01,2022-06-10,212.0,False,"Partially vaccinated by 1/12/21
Fully vaccinated by 1/1/22","(a) performing a law enforcement function that cannot reasonably be performed
other than by entering the meat industry site; or
(b) performing a statutory duty arising under a law of the Commonwealth that
cannot reasonably be performed other than by entering the meat industry site;
or
(c) performing any function or duty or exercising any right or power under a Fair
Work entry permit issued by the Fair Work Commission under the Fair Work
Act 2009 (Cth) or a Work Health and Safety entry permit issued by the Fair
Work Commission under the Work Health and Safety Act 2011 (Cth) or a right
of entry permit issued by the Registrar of the Department of the Registrar,
Western Australian Industrial Relations Commission under the Industrial
Relations Act 1979 (WA);
(d) responding to an emergency where the emergency response is required to be
provided immediately and a fully vaccinated or partially vaccinated person is
not available to provide the response;",,Meat Industry Worker (Restrictions on Access) Directions,,,Public Health Order,,WAEMIW00V1,0,4
WA-013,WA,Mandatory Vaccination Policy Phased Approach Group 1,Employment,"Department of Fire and Emergency Services and
Department of Biodiversity Conservation and Attractions employees",emergency,2021-11-12,2021-12-01,2022-06-10,210.0,False,"First dose by 1 December 2021
Second dose by 1 January 2022","Prior anaphylaxis reaction to a vaccine or its components
Significant immunocompromisation (for live vaccines only)
Temporary exemption granted through application process
Performing specific duties outlined in guidelines
Providing welfare services at emergency sites as an ad hoc volunteer
Responding to emergencies in non-vaccination-required capacities
Any other declared exempt persons or classes",,"Fire and Emergency Services Worker
(Restrictions on Access) Directions",,,"Public Health Order
Department of Fire and Emergency Services",Commissioner of Police issued an Employer Direction on 24/12/21,WAEFEST1V1,0,2
WA-014,WA,"Air Services and Border Worker
(Restrictions on Access) Directions.",Employment,air services worker,transport,2021-11-12,2021-12-01,2022-06-10,210.0,False,"air services worker must not enter an airport unless they have received one dose by 1/12/21
second dose by 1/1/22
Must provide evidence of vaccination","Unvaccinated individuals may enter an airport or border crossing checkpoint to:
(a) perform a law enforcement function;
(b) fulfill a statutory duty under Commonwealth law;
(c) exercise rights under a Fair Work, Work Health and Safety, or Industrial Relations Act entry permit; or
(d) respond to an emergency when no vaccinated person is available.","It is an offence for a person to fail, without reasonable excuse, to comply with any of these directions, punishable by a fine of up to $20,000 for individuals and $100,000 for bodies corporate.","Air Services and Border Worker
(Restrictions on Access) Directions.",,,Public Health Order,ABC news article,,0,4
WA-015,WA,"Air Services and Border Worker
(Restrictions on Access) Directions.",Employment,border worker,transport,2021-11-12,2021-12-01,2022-06-10,210.0,False,"border worker must not enter, or remain at a border crossing checkpoint unless they have received one dose by 1/12/21
second dose by 1/1/22
Must provide evidence of vaccination","Unvaccinated individuals may enter an airport or border crossing checkpoint to:
(a) perform a law enforcement function;
(b) fulfill a statutory duty under Commonwealth law;
(c) exercise rights under a Fair Work, Work Health and Safety, or Industrial Relations Act entry permit; or
(d) respond to an emergency when no vaccinated person is available.","It is an offence for a person to fail, without reasonable excuse, to comply with any of these directions, punishable by a fine of up to $20,000 for individuals and $100,000 for bodies corporate.","Air Services and Border Worker
(Restrictions on Access) Directions.",,,Public Health Order,ABC news article,,0,4
WA-016,WA,Mandatory Vaccination Policy Phased Approach Group 1,Employment,Fire and emergency service workers including WA Police,emergency,2021-11-12,2022-01-01,2022-06-10,210.0,False,"First dose by 1/1/2022
Second dose by 1/2/2022","Prior anaphylaxis reaction to a vaccine or its components
Significant immunocompromisation (for live vaccines only)
Temporary exemption granted through application process
Performing specific duties outlined in guidelines
Providing welfare services at emergency sites as an ad hoc volunteer
Responding to emergencies in non-vaccination-required capacities
Any other declared exempt persons or classes",,"Fire and Emergency Services Worker
(Restrictions on Access) Directions",,,"Public Health Order
Department of Fire and Emergency Services","Commissioner of Police issued an Employer Direction on 24/12/21
News article on 20/10/21",WAEFEST2V1,0,3
WA-017,WA,Mandatory Vaccination Policy Phased Approach Group 1,Employment,"Resources industry worker or a rig or platform crew member including FIFO (fly-in fly-out) and local workers on WA mining and resource sites, people who work in remote operations, or run critical infrastructure, including remote train and port control.","mining, transport",2021-11-21,2021-12-01,2022-06-10,201.0,False,"first dose of the COVID-19 vaccine by 12:01am 1 December 2021, and be fully vaccinated by 1 January 2022.
Must provide evidence of vaccination","Nothing in these directions prevents an unvaccinated person from entering a site for:
(a) performing a law enforcement function that requires site access;
(b) fulfilling a statutory duty under Commonwealth law that requires site access;
(c) exercising rights under a Fair Work, Work Health and Safety, or Industrial Relations Act entry permit; or
(d) responding to an emergency when no vaccinated person is available.",,Resources Industry Worker (Restrictions on Access) Directions.,,,Public Health Order,,WAEFIFO000,0,2
WA-018,WA,"Community Care Services Worker
(Restrictions on Access) Directions",Employment,"Community Care Critical Services
Worker",other,2021-11-25,2022-01-01,2022-06-10,197.0,False,"Partially vaccinated by 1/1/22
Fully vaccinated by 1/2/22","Unvaccinated individuals may enter a community care services facility or accommodation to:
(a) perform a law enforcement function;
(b) fulfill a statutory duty under Commonwealth law;
(c) exercise rights under a Fair Work, Work Health and Safety, or Industrial Relations Act entry permit; or
(d) respond to an emergency when no vaccinated person is available.","It is an offence for a person to fail, without reasonable excuse, to comply with any of these directions, punishable by a fine of up to $20,000 for individuals and $100,000 for bodies corporate.",Community Care Services Worker (Restrictions on Access) Directions (No 3),,,Public Health Order,,WAEOTHT200,0,4
WA-019,WA,Port Worker and Exposed Port Worker (Restrictions on Access) Directions,Employment,Port workers,transport,2021-11-25,2022-01-01,2022-11-04,344.0,False,"From 01/01/22, port workers much have one dose to embark or perform work on an unexposed vessel; or enter or remain at a port to carry out port activities or port operations
or port services or remain upon a vehicle in order to carry only persons disembarking from
an unexposed vessel

Must have second dose by 01/02/22","Nothing in these directions prevents an unvaccinated person from boarding an exposed or unexposed vessel, dedicated conveyance, or entering a port for the purpose of:
(a) performing a law enforcement function that requires boarding the vessel or entering the port;
(b) fulfilling a statutory duty under Commonwealth law that requires boarding the vessel or entering the port;
(c) exercising rights under a Fair Work or Work Health and Safety entry permit, or a permit under the Industrial Relations Act 1979 (WA); or
(d) responding to an emergency when no vaccinated or partially vaccinated person is available.","It is an offence for a person to fail, without reasonable excuse, to comply with any of these
directions, punishable by a fine of up to $20,000 for individuals and $100,000 for bodies
corporate.",Port Worker and Exposed Port Worker (Restrictions on Access) Directions.,"End of Public Health Emergency which removed all Public Health Directions made under the Emergency Declaration
Not sure if the directions were lifted earlier",,Public Health Order,,WAEPOWT200,0,3
WA-020,WA,"Education Worker (Restrictions on
Access) Directions",Employment,Education workers working at education facilities,education,2021-11-29,2022-01-01,2022-06-10,193.0,False,"First dose by 1/1/22
Second dose by 31/1/22","Unvaccinated individuals may enter an education facility to:
(a) fulfill a statutory duty under Commonwealth law;
(b) exercise rights under a Fair Work, Work Health and Safety, or Industrial Relations Act entry permit; or
(c) respond to an emergency when no vaccinated person is available.","It is an offence for a person to fail, without reasonable excuse, to comply with any of these directions, punishable by a fine of up to $20,000 for individuals and $100,000 for bodies corporate.","Education Worker (Restrictions on
Access) Directions",,,Public Health Order,ABC news article,WAEEDUT100,0,2
WA-021,WA,Mandatory Vaccination Policy Phased Approach,Employment,Building and contruction workers,other,2021-11-29,2022-01-01,2022-06-10,193.0,False,"First dose by 01/01/22
Second dose by 01/02/22
Building and construction workers (and any other occupation covered by a set of directions) who were eligible to receive their booster dose on or before 4 January 2022 had to receive their booster dose by 5 February 2022.","• Medical exemption
• temporary exemption
• performing a specific duty (includes statutory duty, performing any function or duty or exercising any right or power under a Fair Work entry permit or a Work Health and Safety entry permit)
• responding to an emergency in a capacity other than a person who is subject to vaccination requirements under a direction.
• Any other person or class of persons declared to be an exempt person.","It is an offence for a person to fail, without reasonable excuse, to comply with any of these
directions, punishable by a fine of up to $20,000 for individuals and $100,000 for bodies corporate.",Building and Construction Industry Worker (Restrictions on Access) Directions,,,Public Health Order,,WAEBCW0000,0,4
WA-022,WA,"Public and Commercial Transport
Workers (Restrictions on Access) Directions.",Employment,"Public and Commercial Transport
Workers",transport,2021-12-03,2022-01-01,2022-06-10,189.0,False,"First dose by 1/1/22
Second dose by 1/2/22","Unvaccinated individuals may drive or board commercial or public transport to:
(a) perform a law enforcement function (excluding security officers or authorized persons on public transport);
(b) fulfill a statutory duty under Commonwealth law;
(c) exercise rights under a Fair Work, Work Health and Safety, or Industrial Relations Act entry permit; or
(d) respond to an emergency when no vaccinated person is available.","It is an offence for a person to fail, without reasonable excuse, to comply with any of these directions, punishable by a fine of up to $20,000 for individuals and $100,000 for bodies corporate.","Public and Commercial Transport
Workers (Restrictions on Access) Directions.",,,Public Health Order,,WAEOTHT300,0,3
WA-023,WA,"Critical Businesses Worker (Restrictions
on Access) Directions",Employment,Critical business workers,other,2021-12-06,2022-01-01,2022-06-10,186.0,False,"First dose by 1/1/22
Second dose by 1/2/22","Unvaccinated individuals may enter a critical business site to:
(a) perform a law enforcement function;
(b) fulfill a statutory duty under Commonwealth law;
(c) exercise rights under a Fair Work, Work Health and Safety, or Industrial Relations Act entry permit; or
(d) respond to an emergency when no vaccinated person is available","It is an offence for a person to fail, without reasonable excuse, to comply with any of these directions, punishable by a fine of up to $20,000 for individuals and $100,000 for bodies corporate.","Critical Businesses Worker (Restrictions
on Access) Directions",,,Public Health Order,,WAEOTHT400,0,4
WA-024,WA,"Remote Aboriginal Community Worker
(Restrictions on Access) Directions",Employment,remote Aboriginal community workers,other,2021-12-08,2022-01-01,2022-06-10,184.0,False,"First dose by 1/1/22
Fully vaccinated by 1/2/22","Unvaccinated remote Aboriginal community workers may enter or remain in a remote Aboriginal community for:
(a) performing a law enforcement function;
(b) family or cultural purposes, for as long as necessary;
(c) transiting through, without contact with residents and taking the most direct route;
(d) residing in the community without leaving;
(e) fulfilling a statutory duty under Commonwealth law;
(f) exercising rights under a Fair Work, Work Health and Safety, or Industrial Relations Act entry permit;
(g) responding to an emergency when no vaccinated person is available; or
(h) any circumstance approved in writing by the Chief Health Officer.",,"Remote Aboriginal Community Worker
(Restrictions on Access) Directions",,,Public Health Order,,WAERCW0000,0,3
WA-025,WA,"Critical Government Regulator
(Restrictions on Access) Directions",Employment,Critical government regulator,public_service,2021-12-15,2022-01-01,2022-06-10,177.0,False,"First dose by 1/1/22
Second dose by 1/2/22","Unvaccinated individuals may enter a critical government regulator site to:
(a) perform a law enforcement function;
(b) fulfill a statutory duty under Commonwealth law;
(c) exercise rights under a Fair Work or Work Health and Safety entry permit; or
(d) respond to an emergency when no vaccinated person is available.","It is an offence for a person to fail, without reasonable excuse, to comply with any of these directions, punishable by a fine of up to $20,000 for individuals and $100,000 for bodies corporate.","Critical Government Regulator
(Restrictions on Access) Directions",,,Public Health Order,,WAEOTHT500,0,4
WA-026,WA,"Ministerial Staff Member (Restrictions on
Access) Directions",Employment,Ministerial staff member entering a Ministerial site,public_service,2021-12-17,2022-01-01,2022-06-10,175.0,False,"First dose by 1/1/22
Second dose by 1/2/22","Unvaccinated individuals may enter a Ministerial site to:
(a) perform a law enforcement function;
(b) fulfill a statutory duty under Commonwealth law;
(c) exercise rights under a Fair Work, Work Health and Safety, or Industrial Relations Act entry permit;
(d) respond to an emergency when no vaccinated person is available; or
(e) under any written approval from the Chief Health Officer, subject to conditions.","It is an offence for a person to fail, without reasonable excuse, to comply with any of these directions, punishable by a fine of up to $20,000 for individuals and $100,000 for bodies corporate.","Ministerial Staff Member (Restrictions on
Access) Directions",,,,,WAEOTHT600,0,4
WA-027,WA,"Critical Infrastructure Worker
(Restrictions on Access) Directions",Employment,Critical infrastructure workers,other,2021-12-17,2022-01-01,2022-06-10,175.0,False,"First dose by 1/1/22
Second dose by 1/2/22","Unvaccinated individuals may enter to:
(a) perform a law enforcement function;
(b) fulfill a statutory duty under Commonwealth law;
(c) exercise rights under a Fair Work, Work Health and Safety, or Industrial Relations Act entry permit;
(d) respond to an emergency when no vaccinated person is available; or
(e) under any written approval from the Chief Health Officer, subject to conditions.","It is an offence for a person to fail, without reasonable excuse, to comply with any of these directions, punishable by a fine of up to $20,000 for individuals and $100,000 for bodies corporate.","Critical Infrastructure Worker
(Restrictions on Access) Directions",,,,,WAEOTHT700,0,4
WA-028,WA,COVID-19 Mandatory Vaccination and Vaccination Program Policy Version 3,Employment,Healthcare and health support workers in hospitals and primary health care settings;,"healthcare, transport",2022-01-13,2022-01-13,2022-11-04,295.0,False,"BOOSTER
Must provide evidence of vaccination
V3 - mandates Booster vaccination","defined under the Directions
Medical exemption, or a Temporary exemption approved by the Chief Health Officer or their delegate, or as otherwise outlined in the Directions.",,PRIMARY HEALTH CARE WORKER (RESTRICTIONS ON ACCESS) DIRECTIONS,4/11/22 End of Public Health Emergency which removed all Public Health Directions made under the Emergency Declaration,,Public Health Order,"WA Government Annoucement
News articles
Release of guidelines",WAEHCWT0V3,0,3
WA-029,WA,COVID-19 Mandatory Vaccination and Vaccination Program Policy Version 3,Employment,"Healthcare and health support 
workers in residential aged care; and
Workers in residential disability settings.","healthcare, aged_care, transport",2022-01-13,2022-01-13,2022-11-04,295.0,False,"BOOSTER
Must provide evidence of vaccination
V3 - mandates Booster vaccination","defined under the Directions
Medical exemption, or a Temporary exemption approved by the Chief Health Officer or their delegate, or as otherwise outlined in the Directions.",,RESIDENTIAL AGED CARE FACILITY WORKER ACCESS DIRECTIONS,4/11/22 End of Public Health Emergency which removed all Public Health Directions made under the Emergency Declaration,,Public Health Order,"WA Government Annoucement
News articles",WAERAC00V3,0,3
WA-030,WA,"Court and Tribunal Worker (Restrictions
on Access) Directions",Employment,Court and Tribunal Workers,public_service,2022-01-31,2022-02-05,2022-06-10,130.0,False,"First dose by 5/2/22
Second dose by 5/3/22","Unvaccinated individuals may enter to:
(a) perform a law enforcement function;
(b) fulfill a statutory duty under Commonwealth law;
(c) exercise rights under a Fair Work, Work Health and Safety, or Industrial Relations Act entry permit;
(d) respond to an emergency when no vaccinated person is available; or
(e) under any written approval from the Chief Health Officer, subject to conditions.","It is an offence for a person to fail, without reasonable excuse, to comply with any of these directions, punishable by a fine of up to $20,000 for individuals and $100,000 for bodies corporate.","Court and Tribunal Worker (Restrictions
on Access) Directions",,,,,,0,4
WA-031,WA,"Parliamentary Employee (Restrictions on
Access) Directions",Employment,Parlimentary employees,other,2022-01-31,2022-02-21,2022-06-10,130.0,False,"First dose by 21/2/22
Second dose by 21/3/22","Unvaccinated individuals may enter to:
(a) perform a law enforcement function;
(b) fulfill a statutory duty under Commonwealth law;
(c) exercise rights under a Fair Work, Work Health and Safety, or Industrial Relations Act entry permit;
(d) respond to an emergency when no vaccinated person is available; or
(e) under any written approval from the Chief Health Officer, subject to conditions.","It is an offence for a person to fail, without reasonable excuse, to comply with any of these directions, punishable by a fine of up to $20,000 for individuals and $100,000 for bodies corporate.","Parliamentary Employee (Restrictions on
Access) Directions",,,,,,0,4
WA-032,WA,"Booster Vaccination (Restrictions on
Access) Directions",Employment,"Air Services and Border Worker
Building and Construction Industry Worker
Community Care Services Worker
Critical Businesses Worker
Critical Government Regulator
Critical Infrastructure Worker
Education Worker
Fire and Emergency Services Worker
Health Worker
Meat Industry Worker
Ministerial Staff Member
Port Worker and Exposed Port Worker
Primary Health Care Worker
Public and Commercial Transport Workers
Remote Aboriginal Community Worker
Residential Aged Care Facility Worker
Resources Industry Worker
WA Correctional Facility Entrant
WA Police Force Worker
WA Police Mission Critical Areas Worker","healthcare, aged_care, education, construction, transport, emergency, public_service",2022-12-24,2022-02-05,,,False,"BOOSTER
the person is to be administered the booster vaccination within one calendar month of the date the person first became eligible, or by 5 February 2022, whichever is the latter.
Must provide evidence of vaccination","Unvaccinated individuals may enter to:
(a) perform a law enforcement function;
(b) fulfill a statutory duty under Commonwealth law;
(c) exercise rights under a Fair Work, Work Health and Safety, or Industrial Relations Act entry permit;
(d) respond to an emergency when no vaccinated person is available; or
(e) under any written approval from the Chief Health Officer, subject to conditions.",,"Booster Vaccination (Restrictions on
Access) Directions",,,,,,1,1
WA-033,WA,Mandatory Vaccination Policy Phased Approach Group 1,Employment,"At risk transport, freight and logistics drivers",transport,,2021-10-24,2022-06-10,,True,"First dose by 24/10/21
Fully vaccinated by 24/12/21
Must wear facemask and show proof of a negative COVID-19 test result or undertake a RAT at the WA border",,,"Transport, Freight and Logistics Directions under the Emergency Management Act 2005",,,Public Health Order,,WAETFLT1V1,0,4
WA-034,WA,WA's Safe Transition Plan 1,Public Space,travellers from medium risk jurisdictions to enter WA,travel,,2021-11-05,2022-02-05,,True,"Fully vaccinated by 5/11/21
undertake 14 days of self-quarantine at suitable premises
wear a mask if practicable and available from when they enter WA until they arrive at suitable self-quarantine premises or government-approved quarantine facilities
present for a COVID-19 test within 48 hours of arrival and on day 11 of quarantine, or at any point when symptoms develop","certain senior Government officials;
certain active military personnel;
a member of the Commonwealth Parliament;
a person carrying out functions under a law of the Commonwealth;
a person carrying out a limited range of specialist functions; and
anyone who is given approval by State Emergency Coordinator or an authorised officer.",,,Implied as Plan 2 was announced,,Public Health Order,"Announcement of WA's Safe Transition Plan
Announcement on the WA Government website on the enforcement date
Announcements on the WA Government website on changes in the risk level of other states always include mandate compliance requirements and exemptions
Infographics from Services WA and wa.gov",WAPISTT3V1,0,1
WA-035,WA,WA's Safe Transition Plan 1,Public Space,travellers from high risk jurisdictions to enter WA,travel,,2021-11-05,2022-02-05,,True,"Fully vaccinated by 5/11/21
proof of a negative COVID-19 test in the 72 hours prior to departure;
self-quarantine in a suitable premise for 14 days;
present for an initial COVID-19 test within 48 hours;
present for a COVID-19 test if any symptoms develop during quarantine;
present for a COVID-19 test on day 12 after arrival in WA (if still in WA);
be fully vaccinated against COVID-19, if eligible; and
a mandatory requirement to use the G2G Now app while in quarantine.","certain senior Government officials;
certain active military personnel;
members of the Commonwealth Parliament;
a person carrying out functions under a law of the Commonwealth;
a person carrying out a limited range of specialist functions; and
a person given approval by the State Emergency Coordinator or an authorised officer.",,,Implied as Plan 2 was announced,,Public Health Order,"Announcement of WA's Safe Transition Plan
Announcement on the WA Government website on the enforcement date
Announcements on the WA Government website on changes in the risk level of other states always include mandate compliance requirements and exemptions
Infographics from Services WA and wa.gov",WAPISTT2V1,0,1
WA-036,WA,WA's Safe Transition Plan 1,Public Space,travellers from extreme risk jurisdictions to enter WA,travel,,2021-11-05,2022-02-05,,True,Fully vaccinated by 5/11/21,"Commonwealth and State officials, Members of Parliament, Diplomats and specialist or extraordinary circumstances determined by the State Emergency Coordinator or the Chief Health Office",,,Implied as Plan 2 was announced,,Public Health Order,"Announcement of WA's Safe Transition Plan
Announcement on the WA Government website on the enforcement date
Announcements on the WA Government website on changes in the risk level of other states always include mandate compliance requirements and exemptions
Infographics from Services WA and wa.gov",WAPISTT1V1,0,1
WA-037,WA,WA's Safe Transition Plan 1,Public Space,International arrivals/travellers,travel,,2021-11-05,2022-02-05,,True,"be double dose vaccinated (for eligible people)
return a negative PCR test 72 hours before departure
undertake a test on arrival (to be phased out, pending a review)
complete 14 days quarantine in a designated facility (if high risk, e.g. unvaccinated people)",,,,Implied as Plan 2 was announced,,Public Health Order,"Announcement of WA's Safe Transition Plan
Announcement on the WA Government website on the enforcement date with information on the compliance requirements 
Infographics from Services WA and wa.gov",WAPINT00V1,0,1
WA-038,WA,WA's Safe Transition Plan 1,Public Space,travellers from low risk jurisdictions to enter WA,travel,,2021-11-15,2022-02-05,,True,"Fully vaccinated by 15/11/21
double dose vaccinated (for eligible people)
return a negative PCR test 72 hours before departure undertake a test on arrival in WA (to be phased out, pending a review)",,,,Implied as Plan 2 was announced,,Public Health Order,"Announcement of WA's Safe Transition Plan
Announcement on the WA Government website on the enforcement date
Announcements on the WA Government website on changes in the risk level of other states always include mandate compliance requirements and exemptions
McGowan had a press conference addressing the transition plan on 20/01/21
Infographics from Services WA and wa.gov
Posts by McGowan on Twitter and Facebook",WAPISTT4V1,0,1
WA-039,WA,WA's Safe Transition Plan 1,Public Space,School leavers attending events / gatherings,"education, public_space",,2021-11-21,2022-11-04,,True,First dose by 21/11/21,,,,,,Public Health Order,,WAPSCL0000,0,6
WA-040,WA,Mandatory Vaccination Policy Phased Approach,Employment,"Low risk transport, freight and logistics drivers",transport,,2021-11-24,2022-06-10,,True,"First dose by 24/11/21
Fully vaccinated by 24/12/21",,,"Transport, Freight and Logistics Directions under the Emergency Management Act 2005",,,Public Health Order,,WAETFLT2V1,0,4
WA-041,WA,WA's Safe Transition Plan 1,Employment,"Employees working at venues and events state-wide:
All hospitality venues, food and licensed venues including restaurants, dine-in fast food, cafés, bars, pubs, clubs, taverns, licensed commercial boats:
excluding food and non-alcoholic beverage takeaway; food courts; roadhouses, and petrol stations
Night clubs
Bottle shops (including drive through bottle shops)
Indoor entertainment venues (including play centres, gaming and gambling, theatres, concert halls, cinemas, live music venues, including Perth Convention Centre) and the following specified cultural venues:
Art Gallery of WA
Goldfields Arts Centre
Perth Institute of Contemporary Arts
WA Museum Boola Bardip
WA Maritime Museum
Shipwrecks Museum (Fremantle)
Museum of the Great Southern
Museum of the Goldfields
Museum of Geraldton
Gwoonwardu Mia (Carnarvon)
Crown Perth Complex
Major stadiums
Music festivals and indoor large events with more than 500 people, unless exempt.
Gyms, fitness studios and centres
Zoos and amusement parks
Visitors to residential aged care and hospitals","healthcare, aged_care, public_service, public_space",,2022-01-31,2022-02-05,,True,"First dose by 31/1/22
Second dose by 28/2/22","Community sport and school-based events, unless at one of the specific venues listed",,,Implied as Plan 2 was announced,,Public Health Order,"State government statement on 19/10/21
Infographics from Services WA and wa.gov
Posts by McGowan on Twitter and Facebook",WAEVAE00V1,0,3
WA-042,WA,WA's Safe Transition Plan 1,Public Space,people people aged 16 years and over going to venues and events state-wide,public_space,,2022-01-31,2022-02-05,,True,"proof of vaccination required for:
All hospitality venues, food and licensed venues including restaurants, dine-in fast food, cafés, bars, pubs, clubs, taverns, licensed commercial boats:
excluding food and non-alcoholic beverage takeaway; food courts; roadhouses, and petrol stations
Night clubs
Bottle shops (including drive through bottle shops)
Indoor entertainment venues (including play centres, gaming and gambling, theatres, concert halls, cinemas, live music venues, including Perth Convention Centre) and the following specified cultural venues:
Art Gallery of WA
Goldfields Arts Centre
Perth Institute of Contemporary Arts
WA Museum Boola Bardip
WA Maritime Museum
Shipwrecks Museum (Fremantle)
Museum of the Great Southern
Museum of the Goldfields
Museum of Geraldton
Gwoonwardu Mia (Carnarvon)
Crown Perth Complex
Major stadiums
Music festivals and indoor large events with more than 500 people, unless exempt.
Gyms, fitness studios and centres
Zoos and amusement parks
Visitors to residential aged care and hospitals","Community sport and school-based events, unless at one of the specific venues listed",,,Implied as Plan 2 was announced,,Public Health Order,,WAPVAET0V1,0,1
WA-043,WA,WA's Safe Transition Plan 2,Public Space,people 16 years and older,public_space,,2022-02-05,2022-04-29,,True,"Proof of vaccination for people 16 years and older will be required at:
venues or events with 1,000 or more patrons;
nightclubs;
the Crown complex; and
the four major stadia (Optus Stadium, RAC Arena, HBF Stadium and HBF Park)",,,,annouced by wa.gov announcement,,Public Health Order,"McGowan had a press conference addressing the updated transition plan on 20/01/21
Infographics from Services WA and wa.gov
Posts by McGowan on Twitter and Facebook",WAPVAET1V2,0,2
WA-044,WA,WA's Safe Transition Plan 2,Public Space,areas that haven't reached an 80% vaccination rate by 5/2/22,public_space,,2022-02-05,2022-04-29,,True,"proof of vaccination will be required at pubs, bars, dine-in cafés and restaurants, bottle shops, indoor entertainment venues, gyms and fitness centres;
masks will be required at all indoor public venues without a proof of vaccination entry requirement (such as supermarkets, roadhouses and take away services);
only double dose vaccinated travellers will be permitted into the region by air.",,,,annouced by wa.gov announcement,,Public Health Order,"McGowan had a press conference addressing the updated transition plan on 20/01/21
Infographics from Services WA and wa.gov
Posts by McGowan on Twitter and Facebook",WAPVAET2V2,0,2
WA-045,WA,,Employment,"Western Australia workers who come under an existing vaccine mandate:
hotel quarantine staff, healthcare and health support workers, mission critical police staff , port workers, freight and logistics workers, resources workers and primary and community health workers.","healthcare, quarantine, transport, emergency",,2022-02-05,2022-06-10,,False,Required to have a third dose within one month of eligibility,"(a) performing a law enforcement function that cannot reasonably be performed
other than by entering the site; or
(b) performing a statutory duty arising under a law of the Commonwealth that
cannot reasonably be performed other than by entering the site; or
(c) performing any function or duty or exercising any right or power under a Fair
Work entry permit issued by the Fair Work Commission under the Fair Work
Act 2009 (Cth) or a Work Health and Safety entry permit issued by the Fair
Work Commission under the Work Health and Safety Act 2011 (Cth) or a right
of entry permit issued by the Registrar of the Department of the Registrar,
Westem Australian Industrial Relations Commission under the Industrial
Relations Act 1979 (WA); or
(d) responding to an emergency where the emergency response is required to be
provided immediately and there is no available alternative to the response being
provided by the vaccination directed person.",,,,,Public Health Order,,WAEALLT200,0,5
WA-046,WA,WA's Safe Transition Plan 2,Public Space,Interstate arrivals/travellers,travel,,2022-02-05,2022-03-03,,True,"Hard border
Travellers must have an approved G2G Pass, under the new exemption criteria;
Be triple dose vaccinated, if eligible (or double dose vaccinated if not eligible for a third dose);
Provide proof of a negative Rapid Antigen Test (RAT) within 24 hours before departure;
Undertake 14 days of self-quarantine at a suitable premises, with the same requirements for household members at the self-quarantine premises; 
PCR testing within 48 hours of arrival and on day 12 of self-quarantine, and household members will also be required to do a PCR test on the traveller’s day 12;
Subject to mandatory use of the G2G Now app and in-person checks by WA Police as required.
Additional requirements are in place for domestic road travel to keep WA safe:
Approved domestic travellers to limit travel to 1,500km from road borders, to enable people to travel by road to suitable premises for quarantine in Perth from Eucla;
Entry at the Kununurra border only permitted for transport, freight and logistics and border community residents;
Restricted travel into remote Aboriginal communities.","Returning Western Australians, with strong recent connections;
Persons with direct legitimate family connections with WA;
Compassionate grounds including funeral, palliative care or terminally ill visitation;
Member of the family of an approved traveller;
People entering for urgent and essential medical treatment;
Reasons of national and state security;
Commonwealth and State officials, Members of Parliament, Diplomats;
Provision of specialist skills not available in WA, health services, emergency service workers;
People required to attend court matters, judicial officers and staff of court, tribunals and commissions; and
Special considerations and extraordinary circumstances determined by the State Emergency Coordinator or Chief Health Officer.",,,Implied as Plan 3 was announced,,Public Health Order,"McGowan had a press conference addressing the transition plan on 20/01/21
Infographics from Services WA and wa.gov
Posts by McGowan on Twitter and Facebook",WAPISTT0V2,0,1
WA-047,WA,WA's Safe Transition Plan 2,Public Space,International arrivals/travellers,travel,,2022-02-05,2022-03-03,,True,"Hard border
No vaccine requirement
Meet the Commonwealth requirements to enter Australia under the arrivals cap;
Travellers must have an approved G2G Pass;
Undertake 14 days of mandatory quarantine including, seven days in hotel quarantine and seven days of self-quarantine at suitable premises, if eligible;
PCR testing on days one, six, nine and 12, and household members will also be required to do a PCR test on the traveller’s day 12;
Subject to mandatory use of G2G Now and in-person checks by WA Police as required;
International travel indirectly into WA via another state or territory will be subject to the same entry and quarantine requirements as domestic travellers.","Returning Western Australians, with strong recent connections;
Persons with direct legitimate family connections with WA;
Compassionate grounds including funeral, palliative care or terminally ill visitation;
Member of the family of an approved traveller;
People entering for urgent and essential medical treatment;
Reasons of national and state security;
Commonwealth and State officials, Members of Parliament, Diplomats;
Provision of specialist skills not available in WA, health services, emergency service workers;
People required to attend court matters, judicial officers and staff of court, tribunals and commissions; and
Special considerations and extraordinary circumstances determined by the State Emergency Coordinator or Chief Health Officer.",,,Implied as Plan 3 was announced,,Public Health Order,"McGowan had a press conference addressing the updated transition plan on 20/01/21
Infographics from Services WA and wa.gov
Posts by McGowan on Twitter and Facebook",WAPINT00V2,0,1
WA-048,WA,WA's Safe Transition Plan 3,Public Space,Interstate arrivals/travellers,travel,,2022-03-03,2022-04-29,,True,"Have a registered G2G Pass
Be triple dose vaccinated, if eligible
Undertake a Rapid Antigen Test upon arrival within 12 hours and report any positive result.",,,,annouced by wa.gov announcement,,Public Health Order,wa.gov announcements before and on the date of enforcement,WAPISTT0V3,0,1
WA-049,WA,WA's Safe Transition Plan 3,Public Space,International arrivals/travellers,travel,,2022-03-03,2022-07-06,,True,"Meet Commonwealth Government requirements (external link) to enter Australia
Be fully vaccinated under the Commonwealth Government requirements, if eligible
Have a registered G2G Pass
Undertake a Rapid Antigen Test upon arrival within 12 hours and report any positive result
Unvaccinated returning Australians will be required to complete hotel quarantine until 1/6/22",,"From 1/6/22 - Returning unvaccinated Australians and permanent residents will no longer be quarantined for seven days on return to WA.
Unvaccinated non-Australians are not permitted to enter Australia under Commonwealth orders.",,,,Public Health Order,wa.gov announcements before and on the date of enforcement,WAPINT00V3,0,1
WA-050,WA,,Employment,"Transport, freight and logistics",transport,,2022-03-09,2022-06-10,,False,proof of booster vaccination,Same as COVID Transition (Border Requirements) Directions,,"TRANSPORT, FREIGHT AND LOGISTICS DIRECTIONS (NO 14)",,,Public Health Order,,WAETFLT0V2,0,5
WA-051,WA,,Public Space,Parents and carers can visit boarding schools and other residential facilities,education,,2022-04-26,2022-06-10,,False,"proof of vaccination (if required), mask wearing and physical distancing from Term 2 2022",,,,,,Public Health Order,,WAPRSF00V1,0,6
WA-052,WA,,Public Space,travel restrictions to remote Aboriginal communities,travel,,,2022-06-15,,False,,,,,Announcement,,Public Health Order,,WAPRCT0000,0,6
WA-053,WA,Mandatory Vaccination Policy Phased Approach Group 1,Employment,all persons requiring entry to correctional facilities,"emergency, travel",,2021-12-01,2022-06-10,,True,"First dose by 1 December 2021
Second dose by 1 January 2022
Need to provide evidence
10/06/2022 - no need to show proof of vaccination",,,WA Correctional Facility Entrant Directions,,,WA Department of Justice,,WABCRF00V1,0,3
WA-054,WA,Mandatory Vaccination Policy Phased Approach Group 1,Public Space,all persons requiring entry to correctional facilities,"emergency, travel",,2021-12-01,2022-06-10,,True,"First dose by 1 December 2021
Second dose by 1 January 2022
Need to provide evidence
10/06/2022 - no need to show proof of vaccination",,,WA Correctional Facility Entrant Directions,,,WA Department of Justice,,WABCRF00V1,0,2
WA-055,WA,,Employment,all persons aged 18 and above requiring entry to correctional facilities,"emergency, travel",,2022-02-05,2022-06-10,,False,"BOOSTER
Need proof of booster vaccination, if eligible","Medical, temporary exemption, adetainee a prisoner, under the age of 12 years, any other person or class of persons who the Chief Health Officer, or a person
authorised by the CHO declares in
writing to be an exempt person or someone entering any part of the correctional facility for the purpose of performing a law enforcement duty that can't be done elsewhere, completing a legal obligation mandated by federal law, having a valid permit to enter the facility for work-related purposes (federal or state), responding to an emergency where a vaccinated person isn't available.",,WA Correctional Facility Entrant Directions,,,WA Department of Justice,,WABCRF00V2,0,5
WA-056,WA,,Public Space,all persons aged 18 and above requiring entry to correctional facilities,"emergency, travel",,2022-02-05,2022-06-10,,False,"BOOSTER
Need proof of booster vaccination, if eligible","Medical, temporary exemption, adetainee a prisoner, under the age of 12 years, any other person or class of persons who the Chief Health Officer, or a person
authorised by the CHO declares in
writing to be an exempt person or someone entering any part of the correctional facility for the purpose of performing a law enforcement duty that can't be done elsewhere, completing a legal obligation mandated by federal law, having a valid permit to enter the facility for work-related purposes (federal or state), responding to an emergency where a vaccinated person isn't available.",,WA Correctional Facility Entrant Directions,,,WA Department of Justice,,WABCRF00V2,0,3
